ok   C:\Users\Angad\Desktop\SummerBIOIN\Project14-T2PW\docs\pwml_recovery_sprint\evidence\g11\C-010\01-repro-synthetic-base.json
ok   C:\Users\Angad\Desktop\SummerBIOIN\Project14-T2PW\docs\pwml_recovery_sprint\evidence\g11\C-010\02-allowlist-base.json
ok   C:\Users\Angad\Desktop\SummerBIOIN\Project14-T2PW\docs\pwml_recovery_sprint\evidence\g11\C-010\03-repro-synthetic-fixed.json
ok   C:\Users\Angad\Desktop\SummerBIOIN\Project14-T2PW\docs\pwml_recovery_sprint\evidence\g11\C-010\04-baseline-remeasure.json
ok   C:\Users\Angad\Desktop\SummerBIOIN\Project14-T2PW\docs\pwml_recovery_sprint\evidence\g11\C-010\05-chunk-a.json
ok   C:\Users\Angad\Desktop\SummerBIOIN\Project14-T2PW\docs\pwml_recovery_sprint\evidence\g11\C-010\06-chunk-a.json
ok   C:\Users\Angad\Desktop\SummerBIOIN\Project14-T2PW\docs\pwml_recovery_sprint\evidence\g11\C-010\07-chunk-e.json
ok   C:\Users\Angad\Desktop\SummerBIOIN\Project14-T2PW\docs\pwml_recovery_sprint\evidence\g11\C-010\08-base-sha-regression.json
ok   C:\Users\Angad\Desktop\SummerBIOIN\Project14-T2PW\docs\pwml_recovery_sprint\evidence\g11\C-010\09-base-sha-regression-replay.json
ok   C:\Users\Angad\Desktop\SummerBIOIN\Project14-T2PW\docs\pwml_recovery_sprint\evidence\g11\C-010\10-chunks-bc-guard.json
ok   C:\Users\Angad\Desktop\SummerBIOIN\Project14-T2PW\docs\pwml_recovery_sprint\evidence\g11\C-010\11-chunk-e-final.json
ok   C:\Users\Angad\Desktop\SummerBIOIN\Project14-T2PW\docs\pwml_recovery_sprint\evidence\g11\C-011\01-base-stage2-orch.json
ok   C:\Users\Angad\Desktop\SummerBIOIN\Project14-T2PW\docs\pwml_recovery_sprint\evidence\g11\C-011\02-post-edit-stage2-orch.json
ok   C:\Users\Angad\Desktop\SummerBIOIN\Project14-T2PW\docs\pwml_recovery_sprint\evidence\g11\C-011\03-source-equivalence.json
ok   C:\Users\Angad\Desktop\SummerBIOIN\Project14-T2PW\docs\pwml_recovery_sprint\evidence\g11\C-011\04-chunkd-post-edit.json
ok   C:\Users\Angad\Desktop\SummerBIOIN\Project14-T2PW\docs\pwml_recovery_sprint\evidence\g11\C-011\05-chunkd-post-edit-verbose.json
ok   C:\Users\Angad\Desktop\SummerBIOIN\Project14-T2PW\docs\pwml_recovery_sprint\evidence\g11\C-011\06-lifecycle-post-edit.json
ok   C:\Users\Angad\Desktop\SummerBIOIN\Project14-T2PW\docs\pwml_recovery_sprint\evidence\g11\C-011\07-chunkd-base.json
ok   C:\Users\Angad\Desktop\SummerBIOIN\Project14-T2PW\docs\pwml_recovery_sprint\evidence\g11\C-011\08-smoke-post-edit.json
ok   C:\Users\Angad\Desktop\SummerBIOIN\Project14-T2PW\docs\pwml_recovery_sprint\evidence\g11\C-011\09-resume-orch-probe.json
ok   C:\Users\Angad\Desktop\SummerBIOIN\Project14-T2PW\docs\pwml_recovery_sprint\evidence\g11\C-011\10-resume-orch-diagnose.json
ok   C:\Users\Angad\Desktop\SummerBIOIN\Project14-T2PW\docs\pwml_recovery_sprint\evidence\g11\C-011\11-resume-orch-tbline.json
ok   C:\Users\Angad\Desktop\SummerBIOIN\Project14-T2PW\docs\pwml_recovery_sprint\evidence\g11\C-011\12-proto-after.json
ok   C:\Users\Angad\Desktop\SummerBIOIN\Project14-T2PW\docs\pwml_recovery_sprint\evidence\g11\C-011\13-proto-after2.json
ok   C:\Users\Angad\Desktop\SummerBIOIN\Project14-T2PW\docs\pwml_recovery_sprint\evidence\g11\C-011\14-proto-before.json
ok   C:\Users\Angad\Desktop\SummerBIOIN\Project14-T2PW\docs\pwml_recovery_sprint\evidence\g11\C-011\15-fixture-generate.json
ok   C:\Users\Angad\Desktop\SummerBIOIN\Project14-T2PW\docs\pwml_recovery_sprint\evidence\g11\C-011\16-c011-golden.json
ok   C:\Users\Angad\Desktop\SummerBIOIN\Project14-T2PW\docs\pwml_recovery_sprint\evidence\g11\C-011\17-orch-and-lifecycle.json
ok   C:\Users\Angad\Desktop\SummerBIOIN\Project14-T2PW\docs\pwml_recovery_sprint\evidence\g11\C-011\18-chunkd-verify.json
ok   C:\Users\Angad\Desktop\SummerBIOIN\Project14-T2PW\docs\pwml_recovery_sprint\evidence\g11\C-011\19-pure-move-ast.json
ok   C:\Users\Angad\Desktop\SummerBIOIN\Project14-T2PW\docs\pwml_recovery_sprint\evidence\g11\C-011\20-g9-fails-on-base.json
ok   C:\Users\Angad\Desktop\SummerBIOIN\Project14-T2PW\docs\pwml_recovery_sprint\evidence\g11\C-011\21-premise-probe.json
ok   C:\Users\Angad\Desktop\SummerBIOIN\Project14-T2PW\docs\pwml_recovery_sprint\evidence\g11\C-011\22-premise-probe-counterfactual.json
ok   C:\Users\Angad\Desktop\SummerBIOIN\Project14-T2PW\docs\pwml_recovery_sprint\evidence\g11\C-011\23-golden-precommit.json
ok   C:\Users\Angad\Desktop\SummerBIOIN\Project14-T2PW\docs\pwml_recovery_sprint\evidence\g11\C-011\24-golden-crlf-smudge-failure.json
ok   C:\Users\Angad\Desktop\SummerBIOIN\Project14-T2PW\docs\pwml_recovery_sprint\evidence\g11\C-011\25-chunkd-rebased-tip.json
ok   C:\Users\Angad\Desktop\SummerBIOIN\Project14-T2PW\docs\pwml_recovery_sprint\evidence\g11\C-011\26-chunkd-rebased-tip-rerun.json
ok   C:\Users\Angad\Desktop\SummerBIOIN\Project14-T2PW\docs\pwml_recovery_sprint\evidence\g11\C-011\27-golden-rebased-run1.json
ok   C:\Users\Angad\Desktop\SummerBIOIN\Project14-T2PW\docs\pwml_recovery_sprint\evidence\g11\C-011\28-golden-rebased-run2.json
ok   C:\Users\Angad\Desktop\SummerBIOIN\Project14-T2PW\docs\pwml_recovery_sprint\evidence\g11\C-011\29-orch-rebased.json
ok   C:\Users\Angad\Desktop\SummerBIOIN\Project14-T2PW\docs\pwml_recovery_sprint\evidence\g11\C-011\30-lifecycle-rebased.json
ok   C:\Users\Angad\Desktop\SummerBIOIN\Project14-T2PW\docs\pwml_recovery_sprint\evidence\g11\C-011\31-source-equivalence-rebased.json
ok   C:\Users\Angad\Desktop\SummerBIOIN\Project14-T2PW\docs\pwml_recovery_sprint\evidence\g11\C-011\32-premise-probe-rebased.json
ok   C:\Users\Angad\Desktop\SummerBIOIN\Project14-T2PW\docs\pwml_recovery_sprint\evidence\g11\C-011\33-g9-fails-on-base-rebased.json
ok   C:\Users\Angad\Desktop\SummerBIOIN\Project14-T2PW\docs\pwml_recovery_sprint\evidence\g11\C-011\34-smoke-rebased.json
ok   C:\Users\Angad\Desktop\SummerBIOIN\Project14-T2PW\docs\pwml_recovery_sprint\evidence\g11\C-011\35-crlf-invariance-proof.json
ok   C:\Users\Angad\Desktop\SummerBIOIN\Project14-T2PW\docs\pwml_recovery_sprint\evidence\g11\C-011\36-crlf-proof-c1.json
ok   C:\Users\Angad\Desktop\SummerBIOIN\Project14-T2PW\docs\pwml_recovery_sprint\evidence\g11\C-011\37-golden-c1-run1.json
ok   C:\Users\Angad\Desktop\SummerBIOIN\Project14-T2PW\docs\pwml_recovery_sprint\evidence\g11\C-011\38-golden-c1-run2.json
ok   C:\Users\Angad\Desktop\SummerBIOIN\Project14-T2PW\docs\pwml_recovery_sprint\evidence\g11\C-011\39-orch-c1.json
ok   C:\Users\Angad\Desktop\SummerBIOIN\Project14-T2PW\docs\pwml_recovery_sprint\evidence\g11\C-011\40-lifecycle-c1.json
ok   C:\Users\Angad\Desktop\SummerBIOIN\Project14-T2PW\docs\pwml_recovery_sprint\evidence\g11\C-011\41-premise-c1.json
ok   C:\Users\Angad\Desktop\SummerBIOIN\Project14-T2PW\docs\pwml_recovery_sprint\evidence\g11\C-011\42-g9-c1.json
ok   C:\Users\Angad\Desktop\SummerBIOIN\Project14-T2PW\docs\pwml_recovery_sprint\evidence\g11\C-011\43-smoke-c1.json
ok   C:\Users\Angad\Desktop\SummerBIOIN\Project14-T2PW\docs\pwml_recovery_sprint\evidence\g11\C-011\44-chunkd-c1.json
ok   C:\Users\Angad\Desktop\SummerBIOIN\Project14-T2PW\docs\pwml_recovery_sprint\evidence\g11\C-011\45-chunkd-c1-retry1.json
ok   C:\Users\Angad\Desktop\SummerBIOIN\Project14-T2PW\docs\pwml_recovery_sprint\evidence\g11\C-012\01-base-golden-capture.json
ok   C:\Users\Angad\Desktop\SummerBIOIN\Project14-T2PW\docs\pwml_recovery_sprint\evidence\g11\C-012\02-base-verify.json
ok   C:\Users\Angad\Desktop\SummerBIOIN\Project14-T2PW\docs\pwml_recovery_sprint\evidence\g11\C-012\03-golden-after.json
ok   C:\Users\Angad\Desktop\SummerBIOIN\Project14-T2PW\docs\pwml_recovery_sprint\evidence\g11\C-012\04-chunk-b.json
ok   C:\Users\Angad\Desktop\SummerBIOIN\Project14-T2PW\docs\pwml_recovery_sprint\evidence\g11\C-013\01-new-tests.json
ok   C:\Users\Angad\Desktop\SummerBIOIN\Project14-T2PW\docs\pwml_recovery_sprint\evidence\g11\C-013\02-lifecycle-contract.json
ok   C:\Users\Angad\Desktop\SummerBIOIN\Project14-T2PW\docs\pwml_recovery_sprint\evidence\g11\C-013\03-smoke.json
ok   C:\Users\Angad\Desktop\SummerBIOIN\Project14-T2PW\docs\pwml_recovery_sprint\evidence\g11\C-013\04-g9-base-sha-72ee20f.json
ok   C:\Users\Angad\Desktop\SummerBIOIN\Project14-T2PW\docs\pwml_recovery_sprint\evidence\g11\C-013\05-g9-base-sha-defect-demo.json
ok   C:\Users\Angad\Desktop\SummerBIOIN\Project14-T2PW\docs\pwml_recovery_sprint\evidence\g11\C-013\06-g9-base-sha-defect-demo-observed.json
ok   C:\Users\Angad\Desktop\SummerBIOIN\Project14-T2PW\docs\pwml_recovery_sprint\evidence\g11\C-014\01-new-timeout-tests.json
ok   C:\Users\Angad\Desktop\SummerBIOIN\Project14-T2PW\docs\pwml_recovery_sprint\evidence\g11\C-014\02-base-sha-regression-probe.json
ok   C:\Users\Angad\Desktop\SummerBIOIN\Project14-T2PW\docs\pwml_recovery_sprint\evidence\g11\C-014\03-empty-completion-retry.json
ok   C:\Users\Angad\Desktop\SummerBIOIN\Project14-T2PW\docs\pwml_recovery_sprint\evidence\g11\C-014\04-chunk-a.json
ok   C:\Users\Angad\Desktop\SummerBIOIN\Project14-T2PW\docs\pwml_recovery_sprint\evidence\g11\C-014\05-chunk-c.json
ok   C:\Users\Angad\Desktop\SummerBIOIN\Project14-T2PW\docs\pwml_recovery_sprint\evidence\g11\C-014\06-reverify-new-timeout-tests.json
ok   C:\Users\Angad\Desktop\SummerBIOIN\Project14-T2PW\docs\pwml_recovery_sprint\evidence\g11\C-014\07-reverify-empty-completion-retry.json
ok   C:\Users\Angad\Desktop\SummerBIOIN\Project14-T2PW\docs\pwml_recovery_sprint\evidence\g11\C-014\08-reverify-chunk-a.json
ok   C:\Users\Angad\Desktop\SummerBIOIN\Project14-T2PW\docs\pwml_recovery_sprint\evidence\g11\C-014\09-reverify-chunk-c.json
ok   C:\Users\Angad\Desktop\SummerBIOIN\Project14-T2PW\docs\pwml_recovery_sprint\evidence\g11\C-014\10-reverify-base-sha-regression-probe.json
ok   C:\Users\Angad\Desktop\SummerBIOIN\Project14-T2PW\docs\pwml_recovery_sprint\evidence\g11\C-014\11-base-sha-probe-summary.json
ok   C:\Users\Angad\Desktop\SummerBIOIN\Project14-T2PW\docs\pwml_recovery_sprint\evidence\g11\C-014\12-client-adjacent-callers.json
ok   C:\Users\Angad\Desktop\SummerBIOIN\Project14-T2PW\docs\pwml_recovery_sprint\evidence\g11\C-014\13-batch-preflight-base-isolation.json
ok   C:\Users\Angad\Desktop\SummerBIOIN\Project14-T2PW\docs\pwml_recovery_sprint\evidence\g11\C-014\14-sdk-default-introspection.json
ok   C:\Users\Angad\Desktop\SummerBIOIN\Project14-T2PW\docs\pwml_recovery_sprint\evidence\g11\C-014\15-corr1-new-timeout-tests.json
ok   C:\Users\Angad\Desktop\SummerBIOIN\Project14-T2PW\docs\pwml_recovery_sprint\evidence\g11\C-014\16-corr1-pre-correction-tip-probe.json
ok   C:\Users\Angad\Desktop\SummerBIOIN\Project14-T2PW\docs\pwml_recovery_sprint\evidence\g11\C-014\17-corr1-tip-probe-connect-detail.json
ok   C:\Users\Angad\Desktop\SummerBIOIN\Project14-T2PW\docs\pwml_recovery_sprint\evidence\g11\C-014\18-corr1-empty-completion-retry.json
ok   C:\Users\Angad\Desktop\SummerBIOIN\Project14-T2PW\docs\pwml_recovery_sprint\evidence\g11\C-014\19-corr1-chunk-a.json
ok   C:\Users\Angad\Desktop\SummerBIOIN\Project14-T2PW\docs\pwml_recovery_sprint\evidence\g11\C-014\20-corr1-chunk-c.json
ok   C:\Users\Angad\Desktop\SummerBIOIN\Project14-T2PW\docs\pwml_recovery_sprint\evidence\g11\C-014\21-corr1-client-adjacent-callers.json
ok   C:\Users\Angad\Desktop\SummerBIOIN\Project14-T2PW\docs\pwml_recovery_sprint\evidence\g11\C-014\22-corr1-guard-and-endstate.json
ok   C:\Users\Angad\Desktop\SummerBIOIN\Project14-T2PW\docs\pwml_recovery_sprint\evidence\g11\C-015\01-lineage-schema.json
ok   C:\Users\Angad\Desktop\SummerBIOIN\Project14-T2PW\docs\pwml_recovery_sprint\evidence\g11\C-015\02-base-sha-fails.json
ok   C:\Users\Angad\Desktop\SummerBIOIN\Project14-T2PW\docs\pwml_recovery_sprint\evidence\g11\C-015\03-lineage-schema-final.json
ok   C:\Users\Angad\Desktop\SummerBIOIN\Project14-T2PW\docs\pwml_recovery_sprint\evidence\g11\C-015\04-base72ee20f-fails.json
ok   C:\Users\Angad\Desktop\SummerBIOIN\Project14-T2PW\docs\pwml_recovery_sprint\evidence\g11\C-015\05-focused-at-72ee20f.json
ok   C:\Users\Angad\Desktop\SummerBIOIN\Project14-T2PW\docs\pwml_recovery_sprint\evidence\g11\C-015\06-chunk-c-guard.json
ok   C:\Users\Angad\Desktop\SummerBIOIN\Project14-T2PW\docs\pwml_recovery_sprint\evidence\g11\C-015\07-pre-correction-a89d30b-fails.json
ok   C:\Users\Angad\Desktop\SummerBIOIN\Project14-T2PW\docs\pwml_recovery_sprint\evidence\g11\C-015\08-corrected-focused.json
ok   C:\Users\Angad\Desktop\SummerBIOIN\Project14-T2PW\docs\pwml_recovery_sprint\evidence\g11\C-015\09-corrected-chunk-c.json
ok   C:\Users\Angad\Desktop\SummerBIOIN\Project14-T2PW\docs\pwml_recovery_sprint\evidence\g11\C-016\01-base-sha-proof.json
ok   C:\Users\Angad\Desktop\SummerBIOIN\Project14-T2PW\docs\pwml_recovery_sprint\evidence\g11\C-016\02-chunkc-and-new.json
ok   C:\Users\Angad\Desktop\SummerBIOIN\Project14-T2PW\docs\pwml_recovery_sprint\evidence\g11\C-016\03-chunkc-and-new-corrected.json
ok   C:\Users\Angad\Desktop\SummerBIOIN\Project14-T2PW\docs\pwml_recovery_sprint\evidence\g11\C-016\04-base-sha-proof-corrected.json
ok   C:\Users\Angad\Desktop\SummerBIOIN\Project14-T2PW\docs\pwml_recovery_sprint\evidence\g11\C-016\05-g9-old-policy.json
ok   C:\Users\Angad\Desktop\SummerBIOIN\Project14-T2PW\docs\pwml_recovery_sprint\evidence\g11\C-016\06-g9-mutant-old-suite.json
ok   C:\Users\Angad\Desktop\SummerBIOIN\Project14-T2PW\docs\pwml_recovery_sprint\evidence\g11\C-016\07-g9-mutant-new-suite.json
ok   C:\Users\Angad\Desktop\SummerBIOIN\Project14-T2PW\docs\pwml_recovery_sprint\evidence\g11\C-016\08-chunkc-and-new-corr2.json
ok   C:\Users\Angad\Desktop\SummerBIOIN\Project14-T2PW\docs\pwml_recovery_sprint\evidence\g11\C-016\09-g9-corr3-mutation-matrix.json
ok   C:\Users\Angad\Desktop\SummerBIOIN\Project14-T2PW\docs\pwml_recovery_sprint\evidence\g11\C-016\10-g9-corr3-kill-detail.json
ok   C:\Users\Angad\Desktop\SummerBIOIN\Project14-T2PW\docs\pwml_recovery_sprint\evidence\g11\C-016\11-chunkc-and-new-corr3.json
ok   C:\Users\Angad\Desktop\SummerBIOIN\Project14-T2PW\docs\pwml_recovery_sprint\evidence\g11\C-017\01-import-probe.json
ok   C:\Users\Angad\Desktop\SummerBIOIN\Project14-T2PW\docs\pwml_recovery_sprint\evidence\g11\C-017\02-new-file.json
ok   C:\Users\Angad\Desktop\SummerBIOIN\Project14-T2PW\docs\pwml_recovery_sprint\evidence\g11\C-017\03-chunk-b.json
ok   C:\Users\Angad\Desktop\SummerBIOIN\Project14-T2PW\docs\pwml_recovery_sprint\evidence\g11\C-017\04-g9-base-sha.json
ok   C:\Users\Angad\Desktop\SummerBIOIN\Project14-T2PW\docs\pwml_recovery_sprint\evidence\g11\C-017\05-new-file-rerun.json
ok   C:\Users\Angad\Desktop\SummerBIOIN\Project14-T2PW\docs\pwml_recovery_sprint\evidence\g11\C-017\06-chunk-b-rerun.json
ok   C:\Users\Angad\Desktop\SummerBIOIN\Project14-T2PW\docs\pwml_recovery_sprint\evidence\g11\C-017\07-new-file-final.json
ok   C:\Users\Angad\Desktop\SummerBIOIN\Project14-T2PW\docs\pwml_recovery_sprint\evidence\g11\C-017\08-new-file-trap3.json
ok   C:\Users\Angad\Desktop\SummerBIOIN\Project14-T2PW\docs\pwml_recovery_sprint\evidence\g11\C-017\09-chunk-b-final.json
ok   C:\Users\Angad\Desktop\SummerBIOIN\Project14-T2PW\docs\pwml_recovery_sprint\evidence\g11\C-017\10-g9-pre-correction.json
ok   C:\Users\Angad\Desktop\SummerBIOIN\Project14-T2PW\docs\pwml_recovery_sprint\evidence\g11\C-017\11-new-file-corrected.json
ok   C:\Users\Angad\Desktop\SummerBIOIN\Project14-T2PW\docs\pwml_recovery_sprint\evidence\g11\C-017\12-chunk-b-corrected.json
ok   C:\Users\Angad\Desktop\SummerBIOIN\Project14-T2PW\docs\pwml_recovery_sprint\evidence\g11\C-017\13-mentions-vs-contains-term.json
ok   C:\Users\Angad\Desktop\SummerBIOIN\Project14-T2PW\docs\pwml_recovery_sprint\evidence\g11\C-018\01-vocab-inventory.json
ok   C:\Users\Angad\Desktop\SummerBIOIN\Project14-T2PW\docs\pwml_recovery_sprint\evidence\g11\C-018\02-vocab-inventory.json
ok   C:\Users\Angad\Desktop\SummerBIOIN\Project14-T2PW\docs\pwml_recovery_sprint\evidence\g11\C-018\03-new-tests.json
ok   C:\Users\Angad\Desktop\SummerBIOIN\Project14-T2PW\docs\pwml_recovery_sprint\evidence\g11\C-018\04-chunk-c.json
ok   C:\Users\Angad\Desktop\SummerBIOIN\Project14-T2PW\docs\pwml_recovery_sprint\evidence\g11\C-018\05-base-sha-must-fail.json
ok   C:\Users\Angad\Desktop\SummerBIOIN\Project14-T2PW\docs\pwml_recovery_sprint\evidence\g11\C-018\06-exemption-probe.json
ok   C:\Users\Angad\Desktop\SummerBIOIN\Project14-T2PW\docs\pwml_recovery_sprint\evidence\g11\C-018\07-new-tests-final.json
ok   C:\Users\Angad\Desktop\SummerBIOIN\Project14-T2PW\docs\pwml_recovery_sprint\evidence\g11\C-018\08-chunk-c-final.json
ok   C:\Users\Angad\Desktop\SummerBIOIN\Project14-T2PW\docs\pwml_recovery_sprint\evidence\g11\C-018\09-chunk-c-rebased.json
ok   C:\Users\Angad\Desktop\SummerBIOIN\Project14-T2PW\docs\pwml_recovery_sprint\evidence\g11\C-018\10-new-tests-rebased.json
ok   C:\Users\Angad\Desktop\SummerBIOIN\Project14-T2PW\docs\pwml_recovery_sprint\evidence\g11\C-018\11-new-tests-rebased.json
ok   C:\Users\Angad\Desktop\SummerBIOIN\Project14-T2PW\docs\pwml_recovery_sprint\evidence\g11\C-018\12-new-tests-correction1.json
ok   C:\Users\Angad\Desktop\SummerBIOIN\Project14-T2PW\docs\pwml_recovery_sprint\evidence\g11\C-018\13-blockers-fail-on-acf02c1.json
ok   C:\Users\Angad\Desktop\SummerBIOIN\Project14-T2PW\docs\pwml_recovery_sprint\evidence\g11\C-018\14-chunk-c-correction1.json
ok   C:\Users\Angad\Desktop\SummerBIOIN\Project14-T2PW\docs\pwml_recovery_sprint\evidence\g11\C-018\15-new-tests-correction2.json
ok   C:\Users\Angad\Desktop\SummerBIOIN\Project14-T2PW\docs\pwml_recovery_sprint\evidence\g11\C-018\16-correction2-fails-on-a58b529.json
ok   C:\Users\Angad\Desktop\SummerBIOIN\Project14-T2PW\docs\pwml_recovery_sprint\evidence\g11\C-018\17-correction2-fails-on-a58b529.json
ok   C:\Users\Angad\Desktop\SummerBIOIN\Project14-T2PW\docs\pwml_recovery_sprint\evidence\g11\C-018\18-new-tests-correction2-final.json
ok   C:\Users\Angad\Desktop\SummerBIOIN\Project14-T2PW\docs\pwml_recovery_sprint\evidence\g11\C-018\19-chunk-c-correction2.json
ok   C:\Users\Angad\Desktop\SummerBIOIN\Project14-T2PW\docs\pwml_recovery_sprint\evidence\g11\C-018\20-new-tests-correction3.json
ok   C:\Users\Angad\Desktop\SummerBIOIN\Project14-T2PW\docs\pwml_recovery_sprint\evidence\g11\C-018\21-correction3-fails-on-178b5d7.json
ok   C:\Users\Angad\Desktop\SummerBIOIN\Project14-T2PW\docs\pwml_recovery_sprint\evidence\g11\C-018\22-correction3-fails-on-178b5d7.json
ok   C:\Users\Angad\Desktop\SummerBIOIN\Project14-T2PW\docs\pwml_recovery_sprint\evidence\g11\C-018\23-correction3-inertness-probe.json
ok   C:\Users\Angad\Desktop\SummerBIOIN\Project14-T2PW\docs\pwml_recovery_sprint\evidence\g11\C-018\24-new-tests-correction3-final.json
ok   C:\Users\Angad\Desktop\SummerBIOIN\Project14-T2PW\docs\pwml_recovery_sprint\evidence\g11\C-018\25-chunk-c-correction3.json
ok   C:\Users\Angad\Desktop\SummerBIOIN\Project14-T2PW\docs\pwml_recovery_sprint\evidence\g11\C-018\26-h-nh4-pin-fails-on-a58b529.json
ok   C:\Users\Angad\Desktop\SummerBIOIN\Project14-T2PW\docs\pwml_recovery_sprint\evidence\g11\C-020\01-newtests.json
ok   C:\Users\Angad\Desktop\SummerBIOIN\Project14-T2PW\docs\pwml_recovery_sprint\evidence\g11\C-020\02-newtests.json
ok   C:\Users\Angad\Desktop\SummerBIOIN\Project14-T2PW\docs\pwml_recovery_sprint\evidence\g11\C-020\03-newtests.json
ok   C:\Users\Angad\Desktop\SummerBIOIN\Project14-T2PW\docs\pwml_recovery_sprint\evidence\g11\C-020\04-chunkd-core-only.json
ok   C:\Users\Angad\Desktop\SummerBIOIN\Project14-T2PW\docs\pwml_recovery_sprint\evidence\g11\C-020\05-coreonly-mono.json
ok   C:\Users\Angad\Desktop\SummerBIOIN\Project14-T2PW\docs\pwml_recovery_sprint\evidence\g11\C-020\06-coreonly-core.json
ok   C:\Users\Angad\Desktop\SummerBIOIN\Project14-T2PW\docs\pwml_recovery_sprint\evidence\g11\C-020\07-coreonly-s8.json
ok   C:\Users\Angad\Desktop\SummerBIOIN\Project14-T2PW\docs\pwml_recovery_sprint\evidence\g11\C-020\08-coreonly-qb.json
ok   C:\Users\Angad\Desktop\SummerBIOIN\Project14-T2PW\docs\pwml_recovery_sprint\evidence\g11\C-020\09-coreonly-run-core.json
ok   C:\Users\Angad\Desktop\SummerBIOIN\Project14-T2PW\docs\pwml_recovery_sprint\evidence\g11\C-020\10-chunkd-partition.json
ok   C:\Users\Angad\Desktop\SummerBIOIN\Project14-T2PW\docs\pwml_recovery_sprint\evidence\g11\C-020\11-part-mono.json
ok   C:\Users\Angad\Desktop\SummerBIOIN\Project14-T2PW\docs\pwml_recovery_sprint\evidence\g11\C-020\12-part-core.json
ok   C:\Users\Angad\Desktop\SummerBIOIN\Project14-T2PW\docs\pwml_recovery_sprint\evidence\g11\C-020\13-part-s8.json
ok   C:\Users\Angad\Desktop\SummerBIOIN\Project14-T2PW\docs\pwml_recovery_sprint\evidence\g11\C-020\14-part-qb.json
ok   C:\Users\Angad\Desktop\SummerBIOIN\Project14-T2PW\docs\pwml_recovery_sprint\evidence\g11\C-020\15-chunkd.json
ok   C:\Users\Angad\Desktop\SummerBIOIN\Project14-T2PW\docs\pwml_recovery_sprint\evidence\g11\C-020\16-full-mono.json
ok   C:\Users\Angad\Desktop\SummerBIOIN\Project14-T2PW\docs\pwml_recovery_sprint\evidence\g11\C-020\17-full-core.json
ok   C:\Users\Angad\Desktop\SummerBIOIN\Project14-T2PW\docs\pwml_recovery_sprint\evidence\g11\C-020\18-full-s8.json
ok   C:\Users\Angad\Desktop\SummerBIOIN\Project14-T2PW\docs\pwml_recovery_sprint\evidence\g11\C-020\19-full-qb.json
ok   C:\Users\Angad\Desktop\SummerBIOIN\Project14-T2PW\docs\pwml_recovery_sprint\evidence\g11\C-020\20-full-run-core.json
ok   C:\Users\Angad\Desktop\SummerBIOIN\Project14-T2PW\docs\pwml_recovery_sprint\evidence\g11\C-020\21-full-node00.json
ok   C:\Users\Angad\Desktop\SummerBIOIN\Project14-T2PW\docs\pwml_recovery_sprint\evidence\g11\C-020\22-full-node01.json
ok   C:\Users\Angad\Desktop\SummerBIOIN\Project14-T2PW\docs\pwml_recovery_sprint\evidence\g11\C-020\23-full-node02.json
ok   C:\Users\Angad\Desktop\SummerBIOIN\Project14-T2PW\docs\pwml_recovery_sprint\evidence\g11\C-020\24-full-node03.json
ok   C:\Users\Angad\Desktop\SummerBIOIN\Project14-T2PW\docs\pwml_recovery_sprint\evidence\g11\C-020\25-full-node04.json
ok   C:\Users\Angad\Desktop\SummerBIOIN\Project14-T2PW\docs\pwml_recovery_sprint\evidence\g11\C-020\26-full-node05.json
ok   C:\Users\Angad\Desktop\SummerBIOIN\Project14-T2PW\docs\pwml_recovery_sprint\evidence\g11\C-020\27-full-node06.json
ok   C:\Users\Angad\Desktop\SummerBIOIN\Project14-T2PW\docs\pwml_recovery_sprint\evidence\g11\C-020\28-full-node07.json
ok   C:\Users\Angad\Desktop\SummerBIOIN\Project14-T2PW\docs\pwml_recovery_sprint\evidence\g11\C-020\29-full-node08.json
ok   C:\Users\Angad\Desktop\SummerBIOIN\Project14-T2PW\docs\pwml_recovery_sprint\evidence\g11\C-020\30-full-node09.json
ok   C:\Users\Angad\Desktop\SummerBIOIN\Project14-T2PW\docs\pwml_recovery_sprint\evidence\g11\C-020\31-full-node10.json
ok   C:\Users\Angad\Desktop\SummerBIOIN\Project14-T2PW\docs\pwml_recovery_sprint\evidence\g11\C-020\32-full-node11.json
ok   C:\Users\Angad\Desktop\SummerBIOIN\Project14-T2PW\docs\pwml_recovery_sprint\evidence\g11\C-020\33-full-node12.json
ok   C:\Users\Angad\Desktop\SummerBIOIN\Project14-T2PW\docs\pwml_recovery_sprint\evidence\g11\C-020\34-full-node13.json
ok   C:\Users\Angad\Desktop\SummerBIOIN\Project14-T2PW\docs\pwml_recovery_sprint\evidence\g11\C-020\35-full-node14.json
ok   C:\Users\Angad\Desktop\SummerBIOIN\Project14-T2PW\docs\pwml_recovery_sprint\evidence\g11\C-020\36-full-node15.json
ok   C:\Users\Angad\Desktop\SummerBIOIN\Project14-T2PW\docs\pwml_recovery_sprint\evidence\g11\C-020\37-full-node16.json
ok   C:\Users\Angad\Desktop\SummerBIOIN\Project14-T2PW\docs\pwml_recovery_sprint\evidence\g11\C-020\38-full-node17.json
ok   C:\Users\Angad\Desktop\SummerBIOIN\Project14-T2PW\docs\pwml_recovery_sprint\evidence\g11\C-020\39-full-node18.json
ok   C:\Users\Angad\Desktop\SummerBIOIN\Project14-T2PW\docs\pwml_recovery_sprint\evidence\g11\C-020\40-full-node19.json
ok   C:\Users\Angad\Desktop\SummerBIOIN\Project14-T2PW\docs\pwml_recovery_sprint\evidence\g11\C-020\41-full-node20.json
ok   C:\Users\Angad\Desktop\SummerBIOIN\Project14-T2PW\docs\pwml_recovery_sprint\evidence\g11\C-020\42-full-node21.json
ok   C:\Users\Angad\Desktop\SummerBIOIN\Project14-T2PW\docs\pwml_recovery_sprint\evidence\g11\C-020\43-full-node22.json
ok   C:\Users\Angad\Desktop\SummerBIOIN\Project14-T2PW\docs\pwml_recovery_sprint\evidence\g11\C-020\44-full-node23.json
ok   C:\Users\Angad\Desktop\SummerBIOIN\Project14-T2PW\docs\pwml_recovery_sprint\evidence\g11\C-020\45-full-node24.json
ok   C:\Users\Angad\Desktop\SummerBIOIN\Project14-T2PW\docs\pwml_recovery_sprint\evidence\g11\C-020\46-full-node25.json
ok   C:\Users\Angad\Desktop\SummerBIOIN\Project14-T2PW\docs\pwml_recovery_sprint\evidence\g11\C-020\47-full-node26.json
ok   C:\Users\Angad\Desktop\SummerBIOIN\Project14-T2PW\docs\pwml_recovery_sprint\evidence\g11\C-020\48-diag-node04-run1.json
ok   C:\Users\Angad\Desktop\SummerBIOIN\Project14-T2PW\docs\pwml_recovery_sprint\evidence\g11\C-020\49-diag-node10-run1.json
ok   C:\Users\Angad\Desktop\SummerBIOIN\Project14-T2PW\docs\pwml_recovery_sprint\evidence\g11\C-020\50-diag-node04-run2.json
ok   C:\Users\Angad\Desktop\SummerBIOIN\Project14-T2PW\docs\pwml_recovery_sprint\evidence\g11\C-020\51-diag-node10-run2.json
ok   C:\Users\Angad\Desktop\SummerBIOIN\Project14-T2PW\docs\pwml_recovery_sprint\evidence\g11\C-020\52-diag-node04-run3.json
ok   C:\Users\Angad\Desktop\SummerBIOIN\Project14-T2PW\docs\pwml_recovery_sprint\evidence\g11\C-020\53-diag-node10-run3.json
ok   C:\Users\Angad\Desktop\SummerBIOIN\Project14-T2PW\docs\pwml_recovery_sprint\evidence\g11\C-020\54-smoke.json
ok   C:\Users\Angad\Desktop\SummerBIOIN\Project14-T2PW\docs\pwml_recovery_sprint\evidence\g11\C-020\55-newtests-fix.json
ok   C:\Users\Angad\Desktop\SummerBIOIN\Project14-T2PW\docs\pwml_recovery_sprint\evidence\g11\C-020\56-chunkd-r1.json
ok   C:\Users\Angad\Desktop\SummerBIOIN\Project14-T2PW\docs\pwml_recovery_sprint\evidence\g11\C-020\57-r1-mono.json
ok   C:\Users\Angad\Desktop\SummerBIOIN\Project14-T2PW\docs\pwml_recovery_sprint\evidence\g11\C-020\58-r1-core.json
ok   C:\Users\Angad\Desktop\SummerBIOIN\Project14-T2PW\docs\pwml_recovery_sprint\evidence\g11\C-020\59-r1-s8.json
ok   C:\Users\Angad\Desktop\SummerBIOIN\Project14-T2PW\docs\pwml_recovery_sprint\evidence\g11\C-020\60-r1-qb.json
ok   C:\Users\Angad\Desktop\SummerBIOIN\Project14-T2PW\docs\pwml_recovery_sprint\evidence\g11\C-020\61-r1-run-core.json
ok   C:\Users\Angad\Desktop\SummerBIOIN\Project14-T2PW\docs\pwml_recovery_sprint\evidence\g11\C-020\62-r1-node00.json
ok   C:\Users\Angad\Desktop\SummerBIOIN\Project14-T2PW\docs\pwml_recovery_sprint\evidence\g11\C-020\63-r1-node01.json
ok   C:\Users\Angad\Desktop\SummerBIOIN\Project14-T2PW\docs\pwml_recovery_sprint\evidence\g11\C-020\64-r1-node02.json
ok   C:\Users\Angad\Desktop\SummerBIOIN\Project14-T2PW\docs\pwml_recovery_sprint\evidence\g11\C-020\65-r1-node03.json
ok   C:\Users\Angad\Desktop\SummerBIOIN\Project14-T2PW\docs\pwml_recovery_sprint\evidence\g11\C-020\66-r1-node04.json
ok   C:\Users\Angad\Desktop\SummerBIOIN\Project14-T2PW\docs\pwml_recovery_sprint\evidence\g11\C-020\67-r1-node05.json
ok   C:\Users\Angad\Desktop\SummerBIOIN\Project14-T2PW\docs\pwml_recovery_sprint\evidence\g11\C-020\68-r1-node06.json
ok   C:\Users\Angad\Desktop\SummerBIOIN\Project14-T2PW\docs\pwml_recovery_sprint\evidence\g11\C-020\69-r1-node07.json
ok   C:\Users\Angad\Desktop\SummerBIOIN\Project14-T2PW\docs\pwml_recovery_sprint\evidence\g11\C-020\70-r1-node08.json
ok   C:\Users\Angad\Desktop\SummerBIOIN\Project14-T2PW\docs\pwml_recovery_sprint\evidence\g11\C-020\71-r1-node09.json
ok   C:\Users\Angad\Desktop\SummerBIOIN\Project14-T2PW\docs\pwml_recovery_sprint\evidence\g11\C-020\72-r1-node10.json
ok   C:\Users\Angad\Desktop\SummerBIOIN\Project14-T2PW\docs\pwml_recovery_sprint\evidence\g11\C-020\73-r1-node11.json
ok   C:\Users\Angad\Desktop\SummerBIOIN\Project14-T2PW\docs\pwml_recovery_sprint\evidence\g11\C-020\74-r1-node12.json
ok   C:\Users\Angad\Desktop\SummerBIOIN\Project14-T2PW\docs\pwml_recovery_sprint\evidence\g11\C-020\75-r1-node13.json
ok   C:\Users\Angad\Desktop\SummerBIOIN\Project14-T2PW\docs\pwml_recovery_sprint\evidence\g11\C-020\76-r1-node14.json
ok   C:\Users\Angad\Desktop\SummerBIOIN\Project14-T2PW\docs\pwml_recovery_sprint\evidence\g11\C-020\77-r1-node15.json
ok   C:\Users\Angad\Desktop\SummerBIOIN\Project14-T2PW\docs\pwml_recovery_sprint\evidence\g11\C-020\78-r1-node16.json
ok   C:\Users\Angad\Desktop\SummerBIOIN\Project14-T2PW\docs\pwml_recovery_sprint\evidence\g11\C-020\79-r1-node17.json
ok   C:\Users\Angad\Desktop\SummerBIOIN\Project14-T2PW\docs\pwml_recovery_sprint\evidence\g11\C-020\80-r1-node18.json
ok   C:\Users\Angad\Desktop\SummerBIOIN\Project14-T2PW\docs\pwml_recovery_sprint\evidence\g11\C-020\81-r1-node19.json
ok   C:\Users\Angad\Desktop\SummerBIOIN\Project14-T2PW\docs\pwml_recovery_sprint\evidence\g11\C-020\82-r1-node20.json
ok   C:\Users\Angad\Desktop\SummerBIOIN\Project14-T2PW\docs\pwml_recovery_sprint\evidence\g11\C-020\83-r1-node21.json
ok   C:\Users\Angad\Desktop\SummerBIOIN\Project14-T2PW\docs\pwml_recovery_sprint\evidence\g11\C-020\84-r1-node22.json
ok   C:\Users\Angad\Desktop\SummerBIOIN\Project14-T2PW\docs\pwml_recovery_sprint\evidence\g11\C-020\85-r1-node23.json
ok   C:\Users\Angad\Desktop\SummerBIOIN\Project14-T2PW\docs\pwml_recovery_sprint\evidence\g11\C-020\86-r1-node24.json
ok   C:\Users\Angad\Desktop\SummerBIOIN\Project14-T2PW\docs\pwml_recovery_sprint\evidence\g11\C-020\87-r1-node25.json
ok   C:\Users\Angad\Desktop\SummerBIOIN\Project14-T2PW\docs\pwml_recovery_sprint\evidence\g11\C-020\88-r1-node26.json
ok   C:\Users\Angad\Desktop\SummerBIOIN\Project14-T2PW\docs\pwml_recovery_sprint\evidence\g11\C-020\89-r1diag-node05-run1.json
ok   C:\Users\Angad\Desktop\SummerBIOIN\Project14-T2PW\docs\pwml_recovery_sprint\evidence\g11\C-020\90-r1diag-node06-run1.json
ok   C:\Users\Angad\Desktop\SummerBIOIN\Project14-T2PW\docs\pwml_recovery_sprint\evidence\g11\C-020\91-r1diag-node05-run2.json
ok   C:\Users\Angad\Desktop\SummerBIOIN\Project14-T2PW\docs\pwml_recovery_sprint\evidence\g11\C-020\92-r1diag-node06-run2.json
ok   C:\Users\Angad\Desktop\SummerBIOIN\Project14-T2PW\docs\pwml_recovery_sprint\evidence\g11\C-020\93-r1diag-node05-run3.json
ok   C:\Users\Angad\Desktop\SummerBIOIN\Project14-T2PW\docs\pwml_recovery_sprint\evidence\g11\C-020\94-r1diag-node06-run3.json
ok   C:\Users\Angad\Desktop\SummerBIOIN\Project14-T2PW\docs\pwml_recovery_sprint\evidence\g11\C-020\95-smoke-r1.json
ok   C:\Users\Angad\Desktop\SummerBIOIN\Project14-T2PW\docs\pwml_recovery_sprint\evidence\g11\C-021\01-new.json
ok   C:\Users\Angad\Desktop\SummerBIOIN\Project14-T2PW\docs\pwml_recovery_sprint\evidence\g11\C-021\02-new.json
ok   C:\Users\Angad\Desktop\SummerBIOIN\Project14-T2PW\docs\pwml_recovery_sprint\evidence\g11\C-021\03-chunkc.json
ok   C:\Users\Angad\Desktop\SummerBIOIN\Project14-T2PW\docs\pwml_recovery_sprint\evidence\g11\C-021\04-smoke.json
ok   C:\Users\Angad\Desktop\SummerBIOIN\Project14-T2PW\docs\pwml_recovery_sprint\evidence\g11\C-030\01-focused.json
ok   C:\Users\Angad\Desktop\SummerBIOIN\Project14-T2PW\docs\pwml_recovery_sprint\evidence\g11\C-030\02-smoke.json
ok   C:\Users\Angad\Desktop\SummerBIOIN\Project14-T2PW\docs\pwml_recovery_sprint\evidence\g11\C-030\03-chunkd.json
ok   C:\Users\Angad\Desktop\SummerBIOIN\Project14-T2PW\docs\pwml_recovery_sprint\evidence\g11\C-030\04-mono.json
ok   C:\Users\Angad\Desktop\SummerBIOIN\Project14-T2PW\docs\pwml_recovery_sprint\evidence\g11\C-030\05-core.json
ok   C:\Users\Angad\Desktop\SummerBIOIN\Project14-T2PW\docs\pwml_recovery_sprint\evidence\g11\C-030\06-s8.json
ok   C:\Users\Angad\Desktop\SummerBIOIN\Project14-T2PW\docs\pwml_recovery_sprint\evidence\g11\C-030\07-qb.json
ok   C:\Users\Angad\Desktop\SummerBIOIN\Project14-T2PW\docs\pwml_recovery_sprint\evidence\g11\C-030\08-run-core.json
ok   C:\Users\Angad\Desktop\SummerBIOIN\Project14-T2PW\docs\pwml_recovery_sprint\evidence\g11\C-030\09-node00.json
ok   C:\Users\Angad\Desktop\SummerBIOIN\Project14-T2PW\docs\pwml_recovery_sprint\evidence\g11\C-030\10-node01.json
ok   C:\Users\Angad\Desktop\SummerBIOIN\Project14-T2PW\docs\pwml_recovery_sprint\evidence\g11\C-030\11-node02.json
ok   C:\Users\Angad\Desktop\SummerBIOIN\Project14-T2PW\docs\pwml_recovery_sprint\evidence\g11\C-030\12-node03.json
ok   C:\Users\Angad\Desktop\SummerBIOIN\Project14-T2PW\docs\pwml_recovery_sprint\evidence\g11\C-030\13-node04.json
ok   C:\Users\Angad\Desktop\SummerBIOIN\Project14-T2PW\docs\pwml_recovery_sprint\evidence\g11\C-030\14-node05.json
ok   C:\Users\Angad\Desktop\SummerBIOIN\Project14-T2PW\docs\pwml_recovery_sprint\evidence\g11\C-030\15-node06.json
ok   C:\Users\Angad\Desktop\SummerBIOIN\Project14-T2PW\docs\pwml_recovery_sprint\evidence\g11\C-030\16-node07.json
ok   C:\Users\Angad\Desktop\SummerBIOIN\Project14-T2PW\docs\pwml_recovery_sprint\evidence\g11\C-030\17-node08.json
ok   C:\Users\Angad\Desktop\SummerBIOIN\Project14-T2PW\docs\pwml_recovery_sprint\evidence\g11\C-030\18-node09.json
ok   C:\Users\Angad\Desktop\SummerBIOIN\Project14-T2PW\docs\pwml_recovery_sprint\evidence\g11\C-030\19-node10.json
ok   C:\Users\Angad\Desktop\SummerBIOIN\Project14-T2PW\docs\pwml_recovery_sprint\evidence\g11\C-030\20-node11.json
ok   C:\Users\Angad\Desktop\SummerBIOIN\Project14-T2PW\docs\pwml_recovery_sprint\evidence\g11\C-030\21-node12.json
ok   C:\Users\Angad\Desktop\SummerBIOIN\Project14-T2PW\docs\pwml_recovery_sprint\evidence\g11\C-030\22-node13.json
ok   C:\Users\Angad\Desktop\SummerBIOIN\Project14-T2PW\docs\pwml_recovery_sprint\evidence\g11\C-030\23-node14.json
ok   C:\Users\Angad\Desktop\SummerBIOIN\Project14-T2PW\docs\pwml_recovery_sprint\evidence\g11\C-030\24-node15.json
ok   C:\Users\Angad\Desktop\SummerBIOIN\Project14-T2PW\docs\pwml_recovery_sprint\evidence\g11\C-030\25-node16.json
ok   C:\Users\Angad\Desktop\SummerBIOIN\Project14-T2PW\docs\pwml_recovery_sprint\evidence\g11\C-030\26-node17.json
ok   C:\Users\Angad\Desktop\SummerBIOIN\Project14-T2PW\docs\pwml_recovery_sprint\evidence\g11\C-030\27-node18.json
ok   C:\Users\Angad\Desktop\SummerBIOIN\Project14-T2PW\docs\pwml_recovery_sprint\evidence\g11\C-030\28-node19.json
ok   C:\Users\Angad\Desktop\SummerBIOIN\Project14-T2PW\docs\pwml_recovery_sprint\evidence\g11\C-030\29-node20.json
ok   C:\Users\Angad\Desktop\SummerBIOIN\Project14-T2PW\docs\pwml_recovery_sprint\evidence\g11\C-030\30-node21.json
ok   C:\Users\Angad\Desktop\SummerBIOIN\Project14-T2PW\docs\pwml_recovery_sprint\evidence\g11\C-030\31-node22.json
ok   C:\Users\Angad\Desktop\SummerBIOIN\Project14-T2PW\docs\pwml_recovery_sprint\evidence\g11\C-030\32-node23.json
ok   C:\Users\Angad\Desktop\SummerBIOIN\Project14-T2PW\docs\pwml_recovery_sprint\evidence\g11\C-030\33-node24.json
ok   C:\Users\Angad\Desktop\SummerBIOIN\Project14-T2PW\docs\pwml_recovery_sprint\evidence\g11\C-030\34-node25.json
ok   C:\Users\Angad\Desktop\SummerBIOIN\Project14-T2PW\docs\pwml_recovery_sprint\evidence\g11\C-030\35-node26.json
ok   C:\Users\Angad\Desktop\SummerBIOIN\Project14-T2PW\docs\pwml_recovery_sprint\evidence\g11\C-030\36-focused-pinned.json
ok   C:\Users\Angad\Desktop\SummerBIOIN\Project14-T2PW\docs\pwml_recovery_sprint\evidence\g11\C-030\37-smoke-pinned.json
ok   C:\Users\Angad\Desktop\SummerBIOIN\Project14-T2PW\docs\pwml_recovery_sprint\evidence\g11\C-030\38-qb3-tip.json
ok   C:\Users\Angad\Desktop\SummerBIOIN\Project14-T2PW\docs\pwml_recovery_sprint\evidence\g11\C-030\39-qb3-base.json
ok   C:\Users\Angad\Desktop\SummerBIOIN\Project14-T2PW\docs\pwml_recovery_sprint\evidence\g11\C-030a\01-newtests-r0.json
ok   C:\Users\Angad\Desktop\SummerBIOIN\Project14-T2PW\docs\pwml_recovery_sprint\evidence\g11\C-030a\02-newtests-r1.json
ok   C:\Users\Angad\Desktop\SummerBIOIN\Project14-T2PW\docs\pwml_recovery_sprint\evidence\g11\C-030a\03-focused-ungated-tip.json
ok   C:\Users\Angad\Desktop\SummerBIOIN\Project14-T2PW\docs\pwml_recovery_sprint\evidence\g11\C-030a\04-focused-without-new-file.json
ok   C:\Users\Angad\Desktop\SummerBIOIN\Project14-T2PW\docs\pwml_recovery_sprint\evidence\g11\C-030a\05-focused-ungated-tip-r1.json
ok   C:\Users\Angad\Desktop\SummerBIOIN\Project14-T2PW\docs\pwml_recovery_sprint\evidence\g11\C-030a\06-smoke-460.json
ok   C:\Users\Angad\Desktop\SummerBIOIN\Project14-T2PW\docs\pwml_recovery_sprint\evidence\g11\C-030a\07-stub-coexistence-s8.json
ok   C:\Users\Angad\Desktop\SummerBIOIN\Project14-T2PW\docs\pwml_recovery_sprint\evidence\g11\C-030a\08-stub-coexistence-qb-node04.json
ok   C:\Users\Angad\Desktop\SummerBIOIN\Project14-T2PW\docs\pwml_recovery_sprint\evidence\g11\C-030a\09-c030a-probe.json
ok   C:\Users\Angad\Desktop\SummerBIOIN\Project14-T2PW\docs\pwml_recovery_sprint\evidence\g11\C-030a\10-newtests-final.json
ok   C:\Users\Angad\Desktop\SummerBIOIN\Project14-T2PW\docs\pwml_recovery_sprint\evidence\g11\C-030a\11-focused-ungated-final.json
ok   C:\Users\Angad\Desktop\SummerBIOIN\Project14-T2PW\docs\pwml_recovery_sprint\evidence\g11\C-030a\12-newtests-committed-bytes.json
ok   C:\Users\Angad\Desktop\SummerBIOIN\Project14-T2PW\docs\pwml_recovery_sprint\evidence\g11\C-031\01-g9-base.json
ok   C:\Users\Angad\Desktop\SummerBIOIN\Project14-T2PW\docs\pwml_recovery_sprint\evidence\g11\C-031\02-g9-base-detail.json
ok   C:\Users\Angad\Desktop\SummerBIOIN\Project14-T2PW\docs\pwml_recovery_sprint\evidence\g11\C-031\03-g9-tip.json
ok   C:\Users\Angad\Desktop\SummerBIOIN\Project14-T2PW\docs\pwml_recovery_sprint\evidence\g11\C-031\04-golden.json
ok   C:\Users\Angad\Desktop\SummerBIOIN\Project14-T2PW\docs\pwml_recovery_sprint\evidence\g11\C-031\05-golden-delta.json
ok   C:\Users\Angad\Desktop\SummerBIOIN\Project14-T2PW\docs\pwml_recovery_sprint\evidence\g11\C-031\06-chunkb.json
ok   C:\Users\Angad\Desktop\SummerBIOIN\Project14-T2PW\docs\pwml_recovery_sprint\evidence\g11\C-031\07-smoke.json
ok   C:\Users\Angad\Desktop\SummerBIOIN\Project14-T2PW\docs\pwml_recovery_sprint\evidence\g11\C-032\01-newtests.json
ok   C:\Users\Angad\Desktop\SummerBIOIN\Project14-T2PW\docs\pwml_recovery_sprint\evidence\g11\C-032\02-g9base.json
ok   C:\Users\Angad\Desktop\SummerBIOIN\Project14-T2PW\docs\pwml_recovery_sprint\evidence\g11\C-032\03-newtests2.json
ok   C:\Users\Angad\Desktop\SummerBIOIN\Project14-T2PW\docs\pwml_recovery_sprint\evidence\g11\C-032\04-chunkb.json
ok   C:\Users\Angad\Desktop\SummerBIOIN\Project14-T2PW\docs\pwml_recovery_sprint\evidence\g11\C-032\05-golden.json
ok   C:\Users\Angad\Desktop\SummerBIOIN\Project14-T2PW\docs\pwml_recovery_sprint\evidence\g11\C-032\06-smoke.json
ok   C:\Users\Angad\Desktop\SummerBIOIN\Project14-T2PW\docs\pwml_recovery_sprint\evidence\g11\C-032\07-affected.json
ok   C:\Users\Angad\Desktop\SummerBIOIN\Project14-T2PW\docs\pwml_recovery_sprint\evidence\g11\C-032\08-corr1new.json
ok   C:\Users\Angad\Desktop\SummerBIOIN\Project14-T2PW\docs\pwml_recovery_sprint\evidence\g11\C-032\09-corr1chunkb.json
ok   C:\Users\Angad\Desktop\SummerBIOIN\Project14-T2PW\docs\pwml_recovery_sprint\evidence\g11\C-032\10-corr1golden.json
ok   C:\Users\Angad\Desktop\SummerBIOIN\Project14-T2PW\docs\pwml_recovery_sprint\evidence\g11\C-032\11-corr1smoke.json
ok   C:\Users\Angad\Desktop\SummerBIOIN\Project14-T2PW\docs\pwml_recovery_sprint\evidence\g11\C-032\12-corr1prefix.json
ok   C:\Users\Angad\Desktop\SummerBIOIN\Project14-T2PW\docs\pwml_recovery_sprint\evidence\g11\C-032\13-corr1affected.json
ok   C:\Users\Angad\Desktop\SummerBIOIN\Project14-T2PW\docs\pwml_recovery_sprint\evidence\g11\C-033\01-chunkc.json
ok   C:\Users\Angad\Desktop\SummerBIOIN\Project14-T2PW\docs\pwml_recovery_sprint\evidence\g11\C-033\02-newtests.json
ok   C:\Users\Angad\Desktop\SummerBIOIN\Project14-T2PW\docs\pwml_recovery_sprint\evidence\g11\C-033\03-smoke.json
ok   C:\Users\Angad\Desktop\SummerBIOIN\Project14-T2PW\docs\pwml_recovery_sprint\evidence\g11\C-033\04-chunkc.json
ok   C:\Users\Angad\Desktop\SummerBIOIN\Project14-T2PW\docs\pwml_recovery_sprint\evidence\g11\C-033\05-g9-base-proof.json
ok   C:\Users\Angad\Desktop\SummerBIOIN\Project14-T2PW\docs\pwml_recovery_sprint\evidence\g11\C-033\06-chunkc.json
ok   C:\Users\Angad\Desktop\SummerBIOIN\Project14-T2PW\docs\pwml_recovery_sprint\evidence\g11\C-033\07-newtests.json
ok   C:\Users\Angad\Desktop\SummerBIOIN\Project14-T2PW\docs\pwml_recovery_sprint\evidence\g11\C-033\08-smoke.json
ok   C:\Users\Angad\Desktop\SummerBIOIN\Project14-T2PW\docs\pwml_recovery_sprint\evidence\g11\C-034\01-newtests.json
ok   C:\Users\Angad\Desktop\SummerBIOIN\Project14-T2PW\docs\pwml_recovery_sprint\evidence\g11\C-034\02-newtests2.json
ok   C:\Users\Angad\Desktop\SummerBIOIN\Project14-T2PW\docs\pwml_recovery_sprint\evidence\g11\C-034\03-smoke.json
ok   C:\Users\Angad\Desktop\SummerBIOIN\Project14-T2PW\docs\pwml_recovery_sprint\evidence\g11\C-034\04-g9base.json
ok   C:\Users\Angad\Desktop\SummerBIOIN\Project14-T2PW\docs\pwml_recovery_sprint\evidence\g11\C-034\05-g9tip.json
ok   C:\Users\Angad\Desktop\SummerBIOIN\Project14-T2PW\docs\pwml_recovery_sprint\evidence\g11\C-034\06-g9compare.json
ok   C:\Users\Angad\Desktop\SummerBIOIN\Project14-T2PW\docs\pwml_recovery_sprint\evidence\g11\C-034\07-g9base2.json
ok   C:\Users\Angad\Desktop\SummerBIOIN\Project14-T2PW\docs\pwml_recovery_sprint\evidence\g11\C-034\08-g9tip2.json
ok   C:\Users\Angad\Desktop\SummerBIOIN\Project14-T2PW\docs\pwml_recovery_sprint\evidence\g11\C-034\09-g9compare2.json
ok   C:\Users\Angad\Desktop\SummerBIOIN\Project14-T2PW\docs\pwml_recovery_sprint\evidence\g11\C-034\10-newtests3.json
ok   C:\Users\Angad\Desktop\SummerBIOIN\Project14-T2PW\docs\pwml_recovery_sprint\evidence\g11\C-034\11-newtests4.json
ok   C:\Users\Angad\Desktop\SummerBIOIN\Project14-T2PW\docs\pwml_recovery_sprint\evidence\g11\C-034\12-smoke2.json
ok   C:\Users\Angad\Desktop\SummerBIOIN\Project14-T2PW\docs\pwml_recovery_sprint\evidence\g11\C-034\13-g9tip3.json
ok   C:\Users\Angad\Desktop\SummerBIOIN\Project14-T2PW\docs\pwml_recovery_sprint\evidence\g11\C-034\14-g9compare3.json
ok   C:\Users\Angad\Desktop\SummerBIOIN\Project14-T2PW\docs\pwml_recovery_sprint\evidence\g11\C-034\15-newtests5.json
ok   C:\Users\Angad\Desktop\SummerBIOIN\Project14-T2PW\docs\pwml_recovery_sprint\evidence\g11\C-034\16-smoke3.json
ok   C:\Users\Angad\Desktop\SummerBIOIN\Project14-T2PW\docs\pwml_recovery_sprint\evidence\g11\C-034\17-g9tip4.json
ok   C:\Users\Angad\Desktop\SummerBIOIN\Project14-T2PW\docs\pwml_recovery_sprint\evidence\g11\C-034\18-g9compare4.json
ok   C:\Users\Angad\Desktop\SummerBIOIN\Project14-T2PW\docs\pwml_recovery_sprint\evidence\g11\C-035\01-focused.json
ok   C:\Users\Angad\Desktop\SummerBIOIN\Project14-T2PW\docs\pwml_recovery_sprint\evidence\g11\C-035\02-smoke.json
ok   C:\Users\Angad\Desktop\SummerBIOIN\Project14-T2PW\docs\pwml_recovery_sprint\evidence\g11\C-035\03-g9base.json
ok   C:\Users\Angad\Desktop\SummerBIOIN\Project14-T2PW\docs\pwml_recovery_sprint\evidence\g11\C-036\01-chunka.json
ok   C:\Users\Angad\Desktop\SummerBIOIN\Project14-T2PW\docs\pwml_recovery_sprint\evidence\g11\C-036\02-seam.json
ok   C:\Users\Angad\Desktop\SummerBIOIN\Project14-T2PW\docs\pwml_recovery_sprint\evidence\g11\C-036\03-smoke.json
ok   C:\Users\Angad\Desktop\SummerBIOIN\Project14-T2PW\docs\pwml_recovery_sprint\evidence\g11\C-037\01-chunkc-seam.json
ok   C:\Users\Angad\Desktop\SummerBIOIN\Project14-T2PW\docs\pwml_recovery_sprint\evidence\g11\C-037\02-smoke.json
ok   C:\Users\Angad\Desktop\SummerBIOIN\Project14-T2PW\docs\pwml_recovery_sprint\evidence\g11\C-037\03-chunkc-seam-counted.json
ok   C:\Users\Angad\Desktop\SummerBIOIN\Project14-T2PW\docs\pwml_recovery_sprint\evidence\g11\C-037\04-r1-merged-focused.json
ok   C:\Users\Angad\Desktop\SummerBIOIN\Project14-T2PW\docs\pwml_recovery_sprint\evidence\g11\C-037\05-r1-focused.json
ok   C:\Users\Angad\Desktop\SummerBIOIN\Project14-T2PW\docs\pwml_recovery_sprint\evidence\g11\C-037\06-r1-smoke.json
ok   C:\Users\Angad\Desktop\SummerBIOIN\Project14-T2PW\docs\pwml_recovery_sprint\evidence\g11\C-038\01-chunka.json
ok   C:\Users\Angad\Desktop\SummerBIOIN\Project14-T2PW\docs\pwml_recovery_sprint\evidence\g11\C-038\02-chunka.json
ok   C:\Users\Angad\Desktop\SummerBIOIN\Project14-T2PW\docs\pwml_recovery_sprint\evidence\g11\C-038\03-provenance.json
ok   C:\Users\Angad\Desktop\SummerBIOIN\Project14-T2PW\docs\pwml_recovery_sprint\evidence\g11\C-038\04-lineage.json
ok   C:\Users\Angad\Desktop\SummerBIOIN\Project14-T2PW\docs\pwml_recovery_sprint\evidence\g11\C-038\05-smoke.json
ok   C:\Users\Angad\Desktop\SummerBIOIN\Project14-T2PW\docs\pwml_recovery_sprint\evidence\g11\C-038\06-chunkd-collectonly.json
ok   C:\Users\Angad\Desktop\SummerBIOIN\Project14-T2PW\docs\pwml_recovery_sprint\evidence\g11\C-038\07-g9-base-pinned.json
ok   C:\Users\Angad\Desktop\SummerBIOIN\Project14-T2PW\docs\pwml_recovery_sprint\evidence\g11\C-038\08-chunka-pinned.json
ok   C:\Users\Angad\Desktop\SummerBIOIN\Project14-T2PW\docs\pwml_recovery_sprint\evidence\g11\C-038\09-provenance-pinned.json
ok   C:\Users\Angad\Desktop\SummerBIOIN\Project14-T2PW\docs\pwml_recovery_sprint\evidence\g11\C-038\10-lineage-pinned.json
ok   C:\Users\Angad\Desktop\SummerBIOIN\Project14-T2PW\docs\pwml_recovery_sprint\evidence\g11\C-038\11-smoke-pinned.json
ok   C:\Users\Angad\Desktop\SummerBIOIN\Project14-T2PW\docs\pwml_recovery_sprint\evidence\g11\C-038\12-chunkd-collectonly-pinned.json
ok   C:\Users\Angad\Desktop\SummerBIOIN\Project14-T2PW\docs\pwml_recovery_sprint\evidence\g11\C-040\01-chunkd-core.json
ok   C:\Users\Angad\Desktop\SummerBIOIN\Project14-T2PW\docs\pwml_recovery_sprint\evidence\g11\C-040\02-mono.json
ok   C:\Users\Angad\Desktop\SummerBIOIN\Project14-T2PW\docs\pwml_recovery_sprint\evidence\g11\C-040\03-core.json
ok   C:\Users\Angad\Desktop\SummerBIOIN\Project14-T2PW\docs\pwml_recovery_sprint\evidence\g11\C-040\04-s8.json
ok   C:\Users\Angad\Desktop\SummerBIOIN\Project14-T2PW\docs\pwml_recovery_sprint\evidence\g11\C-040\05-qb.json
ok   C:\Users\Angad\Desktop\SummerBIOIN\Project14-T2PW\docs\pwml_recovery_sprint\evidence\g11\C-040\06-run-core.json
ok   C:\Users\Angad\Desktop\SummerBIOIN\Project14-T2PW\docs\pwml_recovery_sprint\evidence\g11\C-040\07-chunkd-s8.json
ok   C:\Users\Angad\Desktop\SummerBIOIN\Project14-T2PW\docs\pwml_recovery_sprint\evidence\g11\C-040\08-mono.json
ok   C:\Users\Angad\Desktop\SummerBIOIN\Project14-T2PW\docs\pwml_recovery_sprint\evidence\g11\C-040\09-core.json
ok   C:\Users\Angad\Desktop\SummerBIOIN\Project14-T2PW\docs\pwml_recovery_sprint\evidence\g11\C-040\10-s8.json
ok   C:\Users\Angad\Desktop\SummerBIOIN\Project14-T2PW\docs\pwml_recovery_sprint\evidence\g11\C-040\11-qb.json
ok   C:\Users\Angad\Desktop\SummerBIOIN\Project14-T2PW\docs\pwml_recovery_sprint\evidence\g11\C-040\12-node00.json
ok   C:\Users\Angad\Desktop\SummerBIOIN\Project14-T2PW\docs\pwml_recovery_sprint\evidence\g11\C-040\13-node01.json
ok   C:\Users\Angad\Desktop\SummerBIOIN\Project14-T2PW\docs\pwml_recovery_sprint\evidence\g11\C-040\14-node02.json
ok   C:\Users\Angad\Desktop\SummerBIOIN\Project14-T2PW\docs\pwml_recovery_sprint\evidence\g11\C-040\15-node03.json
ok   C:\Users\Angad\Desktop\SummerBIOIN\Project14-T2PW\docs\pwml_recovery_sprint\evidence\g11\C-040\16-smoke.json
ok   C:\Users\Angad\Desktop\SummerBIOIN\Project14-T2PW\docs\pwml_recovery_sprint\evidence\g11\C-040\17-c040-acceptance.json
ok   C:\Users\Angad\Desktop\SummerBIOIN\Project14-T2PW\docs\pwml_recovery_sprint\evidence\g11\C-040\18-puremove-proof.json
ok   C:\Users\Angad\Desktop\SummerBIOIN\Project14-T2PW\docs\pwml_recovery_sprint\evidence\g11\C-040\19-qb-checkpoint.json
ok   C:\Users\Angad\Desktop\SummerBIOIN\Project14-T2PW\docs\pwml_recovery_sprint\evidence\g11\C-040\20-mono.json
ok   C:\Users\Angad\Desktop\SummerBIOIN\Project14-T2PW\docs\pwml_recovery_sprint\evidence\g11\C-040\21-core.json
ok   C:\Users\Angad\Desktop\SummerBIOIN\Project14-T2PW\docs\pwml_recovery_sprint\evidence\g11\C-040\22-s8.json
ok   C:\Users\Angad\Desktop\SummerBIOIN\Project14-T2PW\docs\pwml_recovery_sprint\evidence\g11\C-040\23-qb.json
ok   C:\Users\Angad\Desktop\SummerBIOIN\Project14-T2PW\docs\pwml_recovery_sprint\evidence\g11\C-040\24-node04.json
ok   C:\Users\Angad\Desktop\SummerBIOIN\Project14-T2PW\docs\pwml_recovery_sprint\evidence\g11\C-040\25-node05.json
ok   C:\Users\Angad\Desktop\SummerBIOIN\Project14-T2PW\docs\pwml_recovery_sprint\evidence\g11\C-040\26-node06.json
ok   C:\Users\Angad\Desktop\SummerBIOIN\Project14-T2PW\docs\pwml_recovery_sprint\evidence\g11\C-040\27-node07.json
ok   C:\Users\Angad\Desktop\SummerBIOIN\Project14-T2PW\docs\pwml_recovery_sprint\evidence\g11\C-040\28-node08.json
ok   C:\Users\Angad\Desktop\SummerBIOIN\Project14-T2PW\docs\pwml_recovery_sprint\evidence\g11\C-040\29-node09.json
ok   C:\Users\Angad\Desktop\SummerBIOIN\Project14-T2PW\docs\pwml_recovery_sprint\evidence\g11\C-040\30-node10.json
ok   C:\Users\Angad\Desktop\SummerBIOIN\Project14-T2PW\docs\pwml_recovery_sprint\evidence\g11\C-040\31-node11.json
ok   C:\Users\Angad\Desktop\SummerBIOIN\Project14-T2PW\docs\pwml_recovery_sprint\evidence\g11\C-040\32-node12.json
ok   C:\Users\Angad\Desktop\SummerBIOIN\Project14-T2PW\docs\pwml_recovery_sprint\evidence\g11\C-040\33-node13.json
ok   C:\Users\Angad\Desktop\SummerBIOIN\Project14-T2PW\docs\pwml_recovery_sprint\evidence\g11\C-040\34-node14.json
ok   C:\Users\Angad\Desktop\SummerBIOIN\Project14-T2PW\docs\pwml_recovery_sprint\evidence\g11\C-040\35-node15.json
ok   C:\Users\Angad\Desktop\SummerBIOIN\Project14-T2PW\docs\pwml_recovery_sprint\evidence\g11\C-040\36-node16.json
ok   C:\Users\Angad\Desktop\SummerBIOIN\Project14-T2PW\docs\pwml_recovery_sprint\evidence\g11\C-040\37-node17.json
ok   C:\Users\Angad\Desktop\SummerBIOIN\Project14-T2PW\docs\pwml_recovery_sprint\evidence\g11\C-040\38-node18.json
ok   C:\Users\Angad\Desktop\SummerBIOIN\Project14-T2PW\docs\pwml_recovery_sprint\evidence\g11\C-040\39-node19.json
ok   C:\Users\Angad\Desktop\SummerBIOIN\Project14-T2PW\docs\pwml_recovery_sprint\evidence\g11\C-040\40-node20.json
ok   C:\Users\Angad\Desktop\SummerBIOIN\Project14-T2PW\docs\pwml_recovery_sprint\evidence\g11\C-040\41-node21.json
ok   C:\Users\Angad\Desktop\SummerBIOIN\Project14-T2PW\docs\pwml_recovery_sprint\evidence\g11\C-040\42-node22.json
ok   C:\Users\Angad\Desktop\SummerBIOIN\Project14-T2PW\docs\pwml_recovery_sprint\evidence\g11\C-040\43-node23.json
ok   C:\Users\Angad\Desktop\SummerBIOIN\Project14-T2PW\docs\pwml_recovery_sprint\evidence\g11\C-040\44-node24.json
ok   C:\Users\Angad\Desktop\SummerBIOIN\Project14-T2PW\docs\pwml_recovery_sprint\evidence\g11\C-040\45-node25.json
ok   C:\Users\Angad\Desktop\SummerBIOIN\Project14-T2PW\docs\pwml_recovery_sprint\evidence\g11\C-040\46-node26.json
ok   C:\Users\Angad\Desktop\SummerBIOIN\Project14-T2PW\docs\pwml_recovery_sprint\evidence\g11\C-040a\01-db-harvest.json
ok   C:\Users\Angad\Desktop\SummerBIOIN\Project14-T2PW\docs\pwml_recovery_sprint\evidence\g11\C-040a\02-db-harvest-main.json
ok   C:\Users\Angad\Desktop\SummerBIOIN\Project14-T2PW\docs\pwml_recovery_sprint\evidence\g11\C-040a\03-g9-baseproof.json
ok   C:\Users\Angad\Desktop\SummerBIOIN\Project14-T2PW\docs\pwml_recovery_sprint\evidence\g11\C-040a\04-g9-baseproof-detail.json
ok   C:\Users\Angad\Desktop\SummerBIOIN\Project14-T2PW\docs\pwml_recovery_sprint\evidence\g11\C-040a\05-focused-tip.json
ok   C:\Users\Angad\Desktop\SummerBIOIN\Project14-T2PW\docs\pwml_recovery_sprint\evidence\g11\C-040a\06-affected-tip.json
ok   C:\Users\Angad\Desktop\SummerBIOIN\Project14-T2PW\docs\pwml_recovery_sprint\evidence\g11\C-040a\07-decide-base.json
ok   C:\Users\Angad\Desktop\SummerBIOIN\Project14-T2PW\docs\pwml_recovery_sprint\evidence\g11\C-040a\08-decide-tip.json
ok   C:\Users\Angad\Desktop\SummerBIOIN\Project14-T2PW\docs\pwml_recovery_sprint\evidence\g11\C-040a\09-golden-base.json
ok   C:\Users\Angad\Desktop\SummerBIOIN\Project14-T2PW\docs\pwml_recovery_sprint\evidence\g11\C-040a\10-golden-tip.json
ok   C:\Users\Angad\Desktop\SummerBIOIN\Project14-T2PW\docs\pwml_recovery_sprint\evidence\g11\C-040a\11-focused-final.json
ok   C:\Users\Angad\Desktop\SummerBIOIN\Project14-T2PW\docs\pwml_recovery_sprint\evidence\g11\C-040a\12-focused-verify.json
ok   C:\Users\Angad\Desktop\SummerBIOIN\Project14-T2PW\docs\pwml_recovery_sprint\evidence\g11\C-040a\13-decide-tip-agree.json
ok   C:\Users\Angad\Desktop\SummerBIOIN\Project14-T2PW\docs\pwml_recovery_sprint\evidence\g11\C-040a\14-golden-tip-agree.json
ok   C:\Users\Angad\Desktop\SummerBIOIN\Project14-T2PW\docs\pwml_recovery_sprint\evidence\g11\C-040a\15-focused-agree-final.json
ok   C:\Users\Angad\Desktop\SummerBIOIN\Project14-T2PW\docs\pwml_recovery_sprint\evidence\g11\C-040a\16-g9-baseproof-agree.json
ok   C:\Users\Angad\Desktop\SummerBIOIN\Project14-T2PW\docs\pwml_recovery_sprint\evidence\g11\C-041\01-chunka.json
ok   C:\Users\Angad\Desktop\SummerBIOIN\Project14-T2PW\docs\pwml_recovery_sprint\evidence\g11\C-041\02-chunkb.json
ok   C:\Users\Angad\Desktop\SummerBIOIN\Project14-T2PW\docs\pwml_recovery_sprint\evidence\g11\C-041\03-golden.json
ok   C:\Users\Angad\Desktop\SummerBIOIN\Project14-T2PW\docs\pwml_recovery_sprint\evidence\g11\C-041\04-smoke.json
ok   C:\Users\Angad\Desktop\SummerBIOIN\Project14-T2PW\docs\pwml_recovery_sprint\evidence\g11\C-041\05-c041new.json
ok   C:\Users\Angad\Desktop\SummerBIOIN\Project14-T2PW\docs\pwml_recovery_sprint\evidence\g11\C-041\06-affected.json
ok   C:\Users\Angad\Desktop\SummerBIOIN\Project14-T2PW\docs\pwml_recovery_sprint\evidence\g11\C-041\07-g9base.json
ok   C:\Users\Angad\Desktop\SummerBIOIN\Project14-T2PW\docs\pwml_recovery_sprint\evidence\g11\C-041\08-legdiff.json
ok   C:\Users\Angad\Desktop\SummerBIOIN\Project14-T2PW\docs\pwml_recovery_sprint\evidence\g11\C-041\09-chunka-summary.json
ok   C:\Users\Angad\Desktop\SummerBIOIN\Project14-T2PW\docs\pwml_recovery_sprint\evidence\g11\C-041a\01-focused-seam.json
ok   C:\Users\Angad\Desktop\SummerBIOIN\Project14-T2PW\docs\pwml_recovery_sprint\evidence\g11\C-041a\02-g9-base.json
ok   C:\Users\Angad\Desktop\SummerBIOIN\Project14-T2PW\docs\pwml_recovery_sprint\evidence\g11\C-041a\03-g9-tip.json
ok   C:\Users\Angad\Desktop\SummerBIOIN\Project14-T2PW\docs\pwml_recovery_sprint\evidence\g11\C-041a\04-chunk-a.json
ok   C:\Users\Angad\Desktop\SummerBIOIN\Project14-T2PW\docs\pwml_recovery_sprint\evidence\g11\C-041a\05-smoke.json
ok   C:\Users\Angad\Desktop\SummerBIOIN\Project14-T2PW\docs\pwml_recovery_sprint\evidence\g11\C-041a\06-smoke2.json
ok   C:\Users\Angad\Desktop\SummerBIOIN\Project14-T2PW\docs\pwml_recovery_sprint\evidence\g11\C-041a\07-chunk-e.json
ok   C:\Users\Angad\Desktop\SummerBIOIN\Project14-T2PW\docs\pwml_recovery_sprint\evidence\g11\C-041a\08-trap2.json
ok   C:\Users\Angad\Desktop\SummerBIOIN\Project14-T2PW\docs\pwml_recovery_sprint\evidence\g11\C-041a\09-chunk-a-final.json
ok   C:\Users\Angad\Desktop\SummerBIOIN\Project14-T2PW\docs\pwml_recovery_sprint\evidence\g11\C-041a\10-qb-payload-audit.json
ok   C:\Users\Angad\Desktop\SummerBIOIN\Project14-T2PW\docs\pwml_recovery_sprint\evidence\g11\C-041a\11-qb-payload-audit2.json
ok   C:\Users\Angad\Desktop\SummerBIOIN\Project14-T2PW\docs\pwml_recovery_sprint\evidence\g11\C-041a\12-chunkd-qb.json
ok   C:\Users\Angad\Desktop\SummerBIOIN\Project14-T2PW\docs\pwml_recovery_sprint\evidence\g11\C-041a\13-mono.json
ok   C:\Users\Angad\Desktop\SummerBIOIN\Project14-T2PW\docs\pwml_recovery_sprint\evidence\g11\C-041a\14-core.json
ok   C:\Users\Angad\Desktop\SummerBIOIN\Project14-T2PW\docs\pwml_recovery_sprint\evidence\g11\C-041a\15-s8.json
ok   C:\Users\Angad\Desktop\SummerBIOIN\Project14-T2PW\docs\pwml_recovery_sprint\evidence\g11\C-041a\16-qb.json
ok   C:\Users\Angad\Desktop\SummerBIOIN\Project14-T2PW\docs\pwml_recovery_sprint\evidence\g11\C-041a\17-node04.json
ok   C:\Users\Angad\Desktop\SummerBIOIN\Project14-T2PW\docs\pwml_recovery_sprint\evidence\g11\C-041a\18-node05.json
ok   C:\Users\Angad\Desktop\SummerBIOIN\Project14-T2PW\docs\pwml_recovery_sprint\evidence\g11\C-041a\19-node06.json
ok   C:\Users\Angad\Desktop\SummerBIOIN\Project14-T2PW\docs\pwml_recovery_sprint\evidence\g11\C-041a\20-node07.json
ok   C:\Users\Angad\Desktop\SummerBIOIN\Project14-T2PW\docs\pwml_recovery_sprint\evidence\g11\C-041a\21-node08.json
ok   C:\Users\Angad\Desktop\SummerBIOIN\Project14-T2PW\docs\pwml_recovery_sprint\evidence\g11\C-041a\22-node09.json
ok   C:\Users\Angad\Desktop\SummerBIOIN\Project14-T2PW\docs\pwml_recovery_sprint\evidence\g11\C-041a\23-node10.json
ok   C:\Users\Angad\Desktop\SummerBIOIN\Project14-T2PW\docs\pwml_recovery_sprint\evidence\g11\C-041a\24-node11.json
ok   C:\Users\Angad\Desktop\SummerBIOIN\Project14-T2PW\docs\pwml_recovery_sprint\evidence\g11\C-041a\25-node12.json
ok   C:\Users\Angad\Desktop\SummerBIOIN\Project14-T2PW\docs\pwml_recovery_sprint\evidence\g11\C-041a\26-node13.json
ok   C:\Users\Angad\Desktop\SummerBIOIN\Project14-T2PW\docs\pwml_recovery_sprint\evidence\g11\C-041a\27-node14.json
ok   C:\Users\Angad\Desktop\SummerBIOIN\Project14-T2PW\docs\pwml_recovery_sprint\evidence\g11\C-041a\28-node15.json
ok   C:\Users\Angad\Desktop\SummerBIOIN\Project14-T2PW\docs\pwml_recovery_sprint\evidence\g11\C-041a\29-node16.json
ok   C:\Users\Angad\Desktop\SummerBIOIN\Project14-T2PW\docs\pwml_recovery_sprint\evidence\g11\C-041a\30-node17.json
ok   C:\Users\Angad\Desktop\SummerBIOIN\Project14-T2PW\docs\pwml_recovery_sprint\evidence\g11\C-041a\31-node18.json
ok   C:\Users\Angad\Desktop\SummerBIOIN\Project14-T2PW\docs\pwml_recovery_sprint\evidence\g11\C-041a\32-node19.json
ok   C:\Users\Angad\Desktop\SummerBIOIN\Project14-T2PW\docs\pwml_recovery_sprint\evidence\g11\C-041a\33-node20.json
ok   C:\Users\Angad\Desktop\SummerBIOIN\Project14-T2PW\docs\pwml_recovery_sprint\evidence\g11\C-041a\34-node21.json
ok   C:\Users\Angad\Desktop\SummerBIOIN\Project14-T2PW\docs\pwml_recovery_sprint\evidence\g11\C-041a\35-node22.json
ok   C:\Users\Angad\Desktop\SummerBIOIN\Project14-T2PW\docs\pwml_recovery_sprint\evidence\g11\C-041a\36-node23.json
ok   C:\Users\Angad\Desktop\SummerBIOIN\Project14-T2PW\docs\pwml_recovery_sprint\evidence\g11\C-041a\37-node24.json
ok   C:\Users\Angad\Desktop\SummerBIOIN\Project14-T2PW\docs\pwml_recovery_sprint\evidence\g11\C-041a\38-node25.json
ok   C:\Users\Angad\Desktop\SummerBIOIN\Project14-T2PW\docs\pwml_recovery_sprint\evidence\g11\C-041a\39-node26.json
ok   C:\Users\Angad\Desktop\SummerBIOIN\Project14-T2PW\docs\pwml_recovery_sprint\evidence\g11\C-041a\40-chunkd-qb2.json
ok   C:\Users\Angad\Desktop\SummerBIOIN\Project14-T2PW\docs\pwml_recovery_sprint\evidence\g11\C-041a\41-qb2-mono.json
ok   C:\Users\Angad\Desktop\SummerBIOIN\Project14-T2PW\docs\pwml_recovery_sprint\evidence\g11\C-041a\42-qb2-core.json
ok   C:\Users\Angad\Desktop\SummerBIOIN\Project14-T2PW\docs\pwml_recovery_sprint\evidence\g11\C-041a\43-qb2-s8.json
ok   C:\Users\Angad\Desktop\SummerBIOIN\Project14-T2PW\docs\pwml_recovery_sprint\evidence\g11\C-041a\44-qb2-qb.json
ok   C:\Users\Angad\Desktop\SummerBIOIN\Project14-T2PW\docs\pwml_recovery_sprint\evidence\g11\C-041a\45-qb2-node04.json
ok   C:\Users\Angad\Desktop\SummerBIOIN\Project14-T2PW\docs\pwml_recovery_sprint\evidence\g11\C-041a\46-qb2-node05.json
ok   C:\Users\Angad\Desktop\SummerBIOIN\Project14-T2PW\docs\pwml_recovery_sprint\evidence\g11\C-041a\47-qb2-node06.json
ok   C:\Users\Angad\Desktop\SummerBIOIN\Project14-T2PW\docs\pwml_recovery_sprint\evidence\g11\C-041a\48-qb2-node07.json
ok   C:\Users\Angad\Desktop\SummerBIOIN\Project14-T2PW\docs\pwml_recovery_sprint\evidence\g11\C-041a\49-qb2-node08.json
ok   C:\Users\Angad\Desktop\SummerBIOIN\Project14-T2PW\docs\pwml_recovery_sprint\evidence\g11\C-041a\50-qb2-node09.json
ok   C:\Users\Angad\Desktop\SummerBIOIN\Project14-T2PW\docs\pwml_recovery_sprint\evidence\g11\C-041a\51-qb2-node10.json
ok   C:\Users\Angad\Desktop\SummerBIOIN\Project14-T2PW\docs\pwml_recovery_sprint\evidence\g11\C-041a\52-qb2-node11.json
ok   C:\Users\Angad\Desktop\SummerBIOIN\Project14-T2PW\docs\pwml_recovery_sprint\evidence\g11\C-041a\53-qb2-node12.json
ok   C:\Users\Angad\Desktop\SummerBIOIN\Project14-T2PW\docs\pwml_recovery_sprint\evidence\g11\C-041a\54-qb2-node13.json
ok   C:\Users\Angad\Desktop\SummerBIOIN\Project14-T2PW\docs\pwml_recovery_sprint\evidence\g11\C-041a\55-qb2-node14.json
ok   C:\Users\Angad\Desktop\SummerBIOIN\Project14-T2PW\docs\pwml_recovery_sprint\evidence\g11\C-041a\56-qb2-node15.json
ok   C:\Users\Angad\Desktop\SummerBIOIN\Project14-T2PW\docs\pwml_recovery_sprint\evidence\g11\C-041a\57-qb2-node16.json
ok   C:\Users\Angad\Desktop\SummerBIOIN\Project14-T2PW\docs\pwml_recovery_sprint\evidence\g11\C-041a\58-qb2-node17.json
ok   C:\Users\Angad\Desktop\SummerBIOIN\Project14-T2PW\docs\pwml_recovery_sprint\evidence\g11\C-041a\59-qb2-node18.json
ok   C:\Users\Angad\Desktop\SummerBIOIN\Project14-T2PW\docs\pwml_recovery_sprint\evidence\g11\C-041a\60-qb2-node19.json
ok   C:\Users\Angad\Desktop\SummerBIOIN\Project14-T2PW\docs\pwml_recovery_sprint\evidence\g11\C-041a\61-qb2-node20.json
ok   C:\Users\Angad\Desktop\SummerBIOIN\Project14-T2PW\docs\pwml_recovery_sprint\evidence\g11\C-041a\62-qb2-node21.json
ok   C:\Users\Angad\Desktop\SummerBIOIN\Project14-T2PW\docs\pwml_recovery_sprint\evidence\g11\C-041a\63-qb2-node22.json
ok   C:\Users\Angad\Desktop\SummerBIOIN\Project14-T2PW\docs\pwml_recovery_sprint\evidence\g11\C-041a\64-qb2-node23.json
ok   C:\Users\Angad\Desktop\SummerBIOIN\Project14-T2PW\docs\pwml_recovery_sprint\evidence\g11\C-041a\65-qb2-node24.json
ok   C:\Users\Angad\Desktop\SummerBIOIN\Project14-T2PW\docs\pwml_recovery_sprint\evidence\g11\C-041a\66-qb2-node25.json
ok   C:\Users\Angad\Desktop\SummerBIOIN\Project14-T2PW\docs\pwml_recovery_sprint\evidence\g11\C-041a\67-qb2-node26.json
ok   C:\Users\Angad\Desktop\SummerBIOIN\Project14-T2PW\docs\pwml_recovery_sprint\evidence\g11\C-041a\68-d023-tip-node12.json
ok   C:\Users\Angad\Desktop\SummerBIOIN\Project14-T2PW\docs\pwml_recovery_sprint\evidence\g11\C-041a\69-d023-tip-node18.json
ok   C:\Users\Angad\Desktop\SummerBIOIN\Project14-T2PW\docs\pwml_recovery_sprint\evidence\g11\C-041a\70-d023-tip-node22.json
ok   C:\Users\Angad\Desktop\SummerBIOIN\Project14-T2PW\docs\pwml_recovery_sprint\evidence\g11\C-041a\71-d023-base-node12.json
ok   C:\Users\Angad\Desktop\SummerBIOIN\Project14-T2PW\docs\pwml_recovery_sprint\evidence\g11\C-041a\72-d023-base-node12b.json
ok   C:\Users\Angad\Desktop\SummerBIOIN\Project14-T2PW\docs\pwml_recovery_sprint\evidence\g11\C-041a\73-d023-base-node12c.json
ok   C:\Users\Angad\Desktop\SummerBIOIN\Project14-T2PW\docs\pwml_recovery_sprint\evidence\g11\C-041a\74-d023-base-node12d.json
ok   C:\Users\Angad\Desktop\SummerBIOIN\Project14-T2PW\docs\pwml_recovery_sprint\evidence\g11\C-041a\75-d023-base-node18.json
ok   C:\Users\Angad\Desktop\SummerBIOIN\Project14-T2PW\docs\pwml_recovery_sprint\evidence\g11\C-041a\76-d023-base-node22.json
ok   C:\Users\Angad\Desktop\SummerBIOIN\Project14-T2PW\docs\pwml_recovery_sprint\evidence\g11\C-041a\77-precommit-focused.json
ok   C:\Users\Angad\Desktop\SummerBIOIN\Project14-T2PW\docs\pwml_recovery_sprint\evidence\g11\C-042\01-syntax.json
ok   C:\Users\Angad\Desktop\SummerBIOIN\Project14-T2PW\docs\pwml_recovery_sprint\evidence\g11\C-042\02-g9base.json
ok   C:\Users\Angad\Desktop\SummerBIOIN\Project14-T2PW\docs\pwml_recovery_sprint\evidence\g11\C-042\03-g9tip.json
ok   C:\Users\Angad\Desktop\SummerBIOIN\Project14-T2PW\docs\pwml_recovery_sprint\evidence\g11\C-042\04-focused.json
ok   C:\Users\Angad\Desktop\SummerBIOIN\Project14-T2PW\docs\pwml_recovery_sprint\evidence\g11\C-042\05-focused2.json
ok   C:\Users\Angad\Desktop\SummerBIOIN\Project14-T2PW\docs\pwml_recovery_sprint\evidence\g11\C-042\06-focused3.json
ok   C:\Users\Angad\Desktop\SummerBIOIN\Project14-T2PW\docs\pwml_recovery_sprint\evidence\g11\C-042\07-seamtests.json
ok   C:\Users\Angad\Desktop\SummerBIOIN\Project14-T2PW\docs\pwml_recovery_sprint\evidence\g11\C-042\08-smoke.json
ok   C:\Users\Angad\Desktop\SummerBIOIN\Project14-T2PW\docs\pwml_recovery_sprint\evidence\g11\C-042\09-smoke2.json
ok   C:\Users\Angad\Desktop\SummerBIOIN\Project14-T2PW\docs\pwml_recovery_sprint\evidence\g11\C-042\10-focusedfinal.json
ok   C:\Users\Angad\Desktop\SummerBIOIN\Project14-T2PW\docs\pwml_recovery_sprint\evidence\g11\C-042\11-astboundary.json
ok   C:\Users\Angad\Desktop\SummerBIOIN\Project14-T2PW\docs\pwml_recovery_sprint\evidence\g11\C-042\12-r1focused.json
ok   C:\Users\Angad\Desktop\SummerBIOIN\Project14-T2PW\docs\pwml_recovery_sprint\evidence\g11\C-042\13-r1focused2.json
ok   C:\Users\Angad\Desktop\SummerBIOIN\Project14-T2PW\docs\pwml_recovery_sprint\evidence\g11\C-042\14-r1smoke.json
ok   C:\Users\Angad\Desktop\SummerBIOIN\Project14-T2PW\docs\pwml_recovery_sprint\evidence\g11\C-042\15-r1seam.json
ok   C:\Users\Angad\Desktop\SummerBIOIN\Project14-T2PW\docs\pwml_recovery_sprint\evidence\g11\C-042a\01-focused.json
ok   C:\Users\Angad\Desktop\SummerBIOIN\Project14-T2PW\docs\pwml_recovery_sprint\evidence\g11\C-042a\02-focused2.json
ok   C:\Users\Angad\Desktop\SummerBIOIN\Project14-T2PW\docs\pwml_recovery_sprint\evidence\g11\C-042a\03-g9-base.json
ok   C:\Users\Angad\Desktop\SummerBIOIN\Project14-T2PW\docs\pwml_recovery_sprint\evidence\g11\C-042a\04-smoke.json
ok   C:\Users\Angad\Desktop\SummerBIOIN\Project14-T2PW\docs\pwml_recovery_sprint\evidence\g11\C-042a\05-consumers.json
ok   C:\Users\Angad\Desktop\SummerBIOIN\Project14-T2PW\docs\pwml_recovery_sprint\evidence\g11\C-042a\06-consumers-base.json
ok   C:\Users\Angad\Desktop\SummerBIOIN\Project14-T2PW\docs\pwml_recovery_sprint\evidence\g11\C-042a\07-llmtimeout-tip.json
ok   C:\Users\Angad\Desktop\SummerBIOIN\Project14-T2PW\docs\pwml_recovery_sprint\evidence\g11\C-042a\08-consumers-base-group.json
ok   C:\Users\Angad\Desktop\SummerBIOIN\Project14-T2PW\docs\pwml_recovery_sprint\evidence\g11\C-042a\09-ext-focused.json
ok   C:\Users\Angad\Desktop\SummerBIOIN\Project14-T2PW\docs\pwml_recovery_sprint\evidence\g11\C-042a\10-ext-focused2.json
ok   C:\Users\Angad\Desktop\SummerBIOIN\Project14-T2PW\docs\pwml_recovery_sprint\evidence\g11\C-042a\11-g9-base-leg.json
ok   C:\Users\Angad\Desktop\SummerBIOIN\Project14-T2PW\docs\pwml_recovery_sprint\evidence\g11\C-042a\12-ext-smoke.json
ok   C:\Users\Angad\Desktop\SummerBIOIN\Project14-T2PW\docs\pwml_recovery_sprint\evidence\g11\C-042r\01-tipfocused.json
ok   C:\Users\Angad\Desktop\SummerBIOIN\Project14-T2PW\docs\pwml_recovery_sprint\evidence\g11\C-042r\02-seamtests.json
ok   C:\Users\Angad\Desktop\SummerBIOIN\Project14-T2PW\docs\pwml_recovery_sprint\evidence\g11\C-042r\03-smokerev.json
ok   C:\Users\Angad\Desktop\SummerBIOIN\Project14-T2PW\docs\pwml_recovery_sprint\evidence\g11\C-042r\04-baseproof.json
ok   C:\Users\Angad\Desktop\SummerBIOIN\Project14-T2PW\docs\pwml_recovery_sprint\evidence\g11\C-042r\05-reprocap.json
ok   C:\Users\Angad\Desktop\SummerBIOIN\Project14-T2PW\docs\pwml_recovery_sprint\evidence\g11\C-042r\06-g9tip.json
ok   C:\Users\Angad\Desktop\SummerBIOIN\Project14-T2PW\docs\pwml_recovery_sprint\evidence\g11\C-042r\07-capgap.json
ok   C:\Users\Angad\Desktop\SummerBIOIN\Project14-T2PW\docs\pwml_recovery_sprint\evidence\g11\C-042r\08-smokectl.json
ok   C:\Users\Angad\Desktop\SummerBIOIN\Project14-T2PW\docs\pwml_recovery_sprint\evidence\g11\C-042r\10-r1seam.json
ok   C:\Users\Angad\Desktop\SummerBIOIN\Project14-T2PW\docs\pwml_recovery_sprint\evidence\g11\C-042r\11-r1smoke.json
ok   C:\Users\Angad\Desktop\SummerBIOIN\Project14-T2PW\docs\pwml_recovery_sprint\evidence\g11\C-042r\12-r1probe.json
ok   C:\Users\Angad\Desktop\SummerBIOIN\Project14-T2PW\docs\pwml_recovery_sprint\evidence\g11\C-042r\13-r1integration.json
ok   C:\Users\Angad\Desktop\SummerBIOIN\Project14-T2PW\docs\pwml_recovery_sprint\evidence\g11\C-042r\14-r1intsmoke.json
ok   C:\Users\Angad\Desktop\SummerBIOIN\Project14-T2PW\docs\pwml_recovery_sprint\evidence\g11\C-043\01-controller.json
ok   C:\Users\Angad\Desktop\SummerBIOIN\Project14-T2PW\docs\pwml_recovery_sprint\evidence\g11\C-043\02-chunkc.json
ok   C:\Users\Angad\Desktop\SummerBIOIN\Project14-T2PW\docs\pwml_recovery_sprint\evidence\g11\C-043\03-policies.json
ok   C:\Users\Angad\Desktop\SummerBIOIN\Project14-T2PW\docs\pwml_recovery_sprint\evidence\g11\C-043\04-smoke.json
ok   C:\Users\Angad\Desktop\SummerBIOIN\Project14-T2PW\docs\pwml_recovery_sprint\evidence\g11\C-043\05-controller.json
ok   C:\Users\Angad\Desktop\SummerBIOIN\Project14-T2PW\docs\pwml_recovery_sprint\evidence\g11\C-043\06-controller.json
ok   C:\Users\Angad\Desktop\SummerBIOIN\Project14-T2PW\docs\pwml_recovery_sprint\evidence\g11\C-043\07-chunkc.json
ok   C:\Users\Angad\Desktop\SummerBIOIN\Project14-T2PW\docs\pwml_recovery_sprint\evidence\g11\C-043\08-policies.json
ok   C:\Users\Angad\Desktop\SummerBIOIN\Project14-T2PW\docs\pwml_recovery_sprint\evidence\g11\C-043\09-smoke.json
ok   C:\Users\Angad\Desktop\SummerBIOIN\Project14-T2PW\docs\pwml_recovery_sprint\evidence\g11\C-044\01-baseline-golden.json
ok   C:\Users\Angad\Desktop\SummerBIOIN\Project14-T2PW\docs\pwml_recovery_sprint\evidence\g11\C-044\02-baseline-golden-2.json
ok   C:\Users\Angad\Desktop\SummerBIOIN\Project14-T2PW\docs\pwml_recovery_sprint\evidence\g11\C-044\03-base-determinism.json
ok   C:\Users\Angad\Desktop\SummerBIOIN\Project14-T2PW\docs\pwml_recovery_sprint\evidence\g11\C-044\04-tip-golden.json
ok   C:\Users\Angad\Desktop\SummerBIOIN\Project14-T2PW\docs\pwml_recovery_sprint\evidence\g11\C-044\05-new-tests.json
ok   C:\Users\Angad\Desktop\SummerBIOIN\Project14-T2PW\docs\pwml_recovery_sprint\evidence\g11\C-044\06-base-preservation-check.json
ok   C:\Users\Angad\Desktop\SummerBIOIN\Project14-T2PW\docs\pwml_recovery_sprint\evidence\g11\C-044\07-smoke460.json
ok   C:\Users\Angad\Desktop\SummerBIOIN\Project14-T2PW\docs\pwml_recovery_sprint\evidence\g11\C-044\08-smoke460-rerun.json
ok   C:\Users\Angad\Desktop\SummerBIOIN\Project14-T2PW\docs\pwml_recovery_sprint\evidence\g11\C-044\09-affected-map-ids-importers.json
ok   C:\Users\Angad\Desktop\SummerBIOIN\Project14-T2PW\docs\pwml_recovery_sprint\evidence\g11\C-044\10-new-tests-final.json
ok   C:\Users\Angad\Desktop\SummerBIOIN\Project14-T2PW\docs\pwml_recovery_sprint\evidence\g11\C-044\11-new-tests-final2.json
ok   C:\Users\Angad\Desktop\SummerBIOIN\Project14-T2PW\docs\pwml_recovery_sprint\evidence\g11\C-044\12-smoke460-final.json
ok   C:\Users\Angad\Desktop\SummerBIOIN\Project14-T2PW\docs\pwml_recovery_sprint\evidence\g11\C-044\13-corr1-focused.json
ok   C:\Users\Angad\Desktop\SummerBIOIN\Project14-T2PW\docs\pwml_recovery_sprint\evidence\g11\C-044\14-corr1-smoke460.json
ok   C:\Users\Angad\Desktop\SummerBIOIN\Project14-T2PW\docs\pwml_recovery_sprint\evidence\g11\C-044\15-corr2-focused.json
ok   C:\Users\Angad\Desktop\SummerBIOIN\Project14-T2PW\docs\pwml_recovery_sprint\evidence\g11\C-044\16-corr2-focused2.json
ok   C:\Users\Angad\Desktop\SummerBIOIN\Project14-T2PW\docs\pwml_recovery_sprint\evidence\g11\C-044\17-corr2-smoke460.json
ok   C:\Users\Angad\Desktop\SummerBIOIN\Project14-T2PW\docs\pwml_recovery_sprint\evidence\g11\C-044r\01-ast-additivity.json
ok   C:\Users\Angad\Desktop\SummerBIOIN\Project14-T2PW\docs\pwml_recovery_sprint\evidence\g11\C-044r\02-ast-additivity2.json
ok   C:\Users\Angad\Desktop\SummerBIOIN\Project14-T2PW\docs\pwml_recovery_sprint\evidence\g11\C-044r\03-alias-probe.json
ok   C:\Users\Angad\Desktop\SummerBIOIN\Project14-T2PW\docs\pwml_recovery_sprint\evidence\g11\C-044r\04-base-newtests.json
ok   C:\Users\Angad\Desktop\SummerBIOIN\Project14-T2PW\docs\pwml_recovery_sprint\evidence\g11\C-044r\05-tip-newtests.json
ok   C:\Users\Angad\Desktop\SummerBIOIN\Project14-T2PW\docs\pwml_recovery_sprint\evidence\g11\C-044r\06-smoke460.json
ok   C:\Users\Angad\Desktop\SummerBIOIN\Project14-T2PW\docs\pwml_recovery_sprint\evidence\g11\C-044r\07-dcore-lineage.json
ok   C:\Users\Angad\Desktop\SummerBIOIN\Project14-T2PW\docs\pwml_recovery_sprint\evidence\g11\C-044r\08-semantic-probe.json
ok   C:\Users\Angad\Desktop\SummerBIOIN\Project14-T2PW\docs\pwml_recovery_sprint\evidence\g11\C-044r\09-run-reachability.json
ok   C:\Users\Angad\Desktop\SummerBIOIN\Project14-T2PW\docs\pwml_recovery_sprint\evidence\g11\C-044r\10-dump-excluded.json
ok   C:\Users\Angad\Desktop\SummerBIOIN\Project14-T2PW\docs\pwml_recovery_sprint\evidence\g11\C-044r\11-corr1-sweep.json
ok   C:\Users\Angad\Desktop\SummerBIOIN\Project14-T2PW\docs\pwml_recovery_sprint\evidence\g11\C-044r\12-corr1-boundary.json
ok   C:\Users\Angad\Desktop\SummerBIOIN\Project14-T2PW\docs\pwml_recovery_sprint\evidence\g11\C-044r\13-corr1-tip-focused.json
ok   C:\Users\Angad\Desktop\SummerBIOIN\Project14-T2PW\docs\pwml_recovery_sprint\evidence\g11\C-044r\14-llm-probe.json
ok   C:\Users\Angad\Desktop\SummerBIOIN\Project14-T2PW\docs\pwml_recovery_sprint\evidence\g11\C-044r\15-corr1-base.json
ok   C:\Users\Angad\Desktop\SummerBIOIN\Project14-T2PW\docs\pwml_recovery_sprint\evidence\g11\C-044r\16-corr1-combined.json
ok   C:\Users\Angad\Desktop\SummerBIOIN\Project14-T2PW\docs\pwml_recovery_sprint\evidence\g11\C-044r\17-corr1-smoke460.json
ok   C:\Users\Angad\Desktop\SummerBIOIN\Project14-T2PW\docs\pwml_recovery_sprint\evidence\g11\C-044r\18-corr2-spy.json
ok   C:\Users\Angad\Desktop\SummerBIOIN\Project14-T2PW\docs\pwml_recovery_sprint\evidence\g11\C-044r\19-corr2-spy2.json
ok   C:\Users\Angad\Desktop\SummerBIOIN\Project14-T2PW\docs\pwml_recovery_sprint\evidence\g11\C-044r\20-corr2-matrix.json
ok   C:\Users\Angad\Desktop\SummerBIOIN\Project14-T2PW\docs\pwml_recovery_sprint\evidence\g11\C-044r\21-corr2-base.json
ok   C:\Users\Angad\Desktop\SummerBIOIN\Project14-T2PW\docs\pwml_recovery_sprint\evidence\g11\C-044r\22-corr2-tip-focused.json
ok   C:\Users\Angad\Desktop\SummerBIOIN\Project14-T2PW\docs\pwml_recovery_sprint\evidence\g11\C-044r\23-corr2-combined.json
ok   C:\Users\Angad\Desktop\SummerBIOIN\Project14-T2PW\docs\pwml_recovery_sprint\evidence\g11\C-044r\24-corr2-smoke460.json
ok   C:\Users\Angad\Desktop\SummerBIOIN\Project14-T2PW\docs\pwml_recovery_sprint\evidence\g11\C-045\01-chunkd-core.json
ok   C:\Users\Angad\Desktop\SummerBIOIN\Project14-T2PW\docs\pwml_recovery_sprint\evidence\g11\C-045\02-mono.json
ok   C:\Users\Angad\Desktop\SummerBIOIN\Project14-T2PW\docs\pwml_recovery_sprint\evidence\g11\C-045\03-core.json
ok   C:\Users\Angad\Desktop\SummerBIOIN\Project14-T2PW\docs\pwml_recovery_sprint\evidence\g11\C-045\04-s8.json
ok   C:\Users\Angad\Desktop\SummerBIOIN\Project14-T2PW\docs\pwml_recovery_sprint\evidence\g11\C-045\05-qb.json
ok   C:\Users\Angad\Desktop\SummerBIOIN\Project14-T2PW\docs\pwml_recovery_sprint\evidence\g11\C-045\06-run-core.json
ok   C:\Users\Angad\Desktop\SummerBIOIN\Project14-T2PW\docs\pwml_recovery_sprint\evidence\g11\C-045\07-chunkd-s8.json
ok   C:\Users\Angad\Desktop\SummerBIOIN\Project14-T2PW\docs\pwml_recovery_sprint\evidence\g11\C-045\08-mono.json
ok   C:\Users\Angad\Desktop\SummerBIOIN\Project14-T2PW\docs\pwml_recovery_sprint\evidence\g11\C-045\09-core.json
ok   C:\Users\Angad\Desktop\SummerBIOIN\Project14-T2PW\docs\pwml_recovery_sprint\evidence\g11\C-045\10-s8.json
ok   C:\Users\Angad\Desktop\SummerBIOIN\Project14-T2PW\docs\pwml_recovery_sprint\evidence\g11\C-045\11-qb.json
ok   C:\Users\Angad\Desktop\SummerBIOIN\Project14-T2PW\docs\pwml_recovery_sprint\evidence\g11\C-045\12-node00.json
ok   C:\Users\Angad\Desktop\SummerBIOIN\Project14-T2PW\docs\pwml_recovery_sprint\evidence\g11\C-045\13-node01.json
ok   C:\Users\Angad\Desktop\SummerBIOIN\Project14-T2PW\docs\pwml_recovery_sprint\evidence\g11\C-045\14-node02.json
ok   C:\Users\Angad\Desktop\SummerBIOIN\Project14-T2PW\docs\pwml_recovery_sprint\evidence\g11\C-045\15-node03.json
ok   C:\Users\Angad\Desktop\SummerBIOIN\Project14-T2PW\docs\pwml_recovery_sprint\evidence\g11\C-045\16-a9-c050-probe.json
ok   C:\Users\Angad\Desktop\SummerBIOIN\Project14-T2PW\docs\pwml_recovery_sprint\evidence\g11\C-045\17-focused.json
ok   C:\Users\Angad\Desktop\SummerBIOIN\Project14-T2PW\docs\pwml_recovery_sprint\evidence\g11\C-045\18-census-tip.json
ok   C:\Users\Angad\Desktop\SummerBIOIN\Project14-T2PW\docs\pwml_recovery_sprint\evidence\g11\C-045\19-census-base.json
ok   C:\Users\Angad\Desktop\SummerBIOIN\Project14-T2PW\docs\pwml_recovery_sprint\evidence\g11\C-045\20-standalone-tip.json
ok   C:\Users\Angad\Desktop\SummerBIOIN\Project14-T2PW\docs\pwml_recovery_sprint\evidence\g11\C-045\21-standalone-base.json
ok   C:\Users\Angad\Desktop\SummerBIOIN\Project14-T2PW\docs\pwml_recovery_sprint\evidence\g11\C-045\22-trace-tip.json
ok   C:\Users\Angad\Desktop\SummerBIOIN\Project14-T2PW\docs\pwml_recovery_sprint\evidence\g11\C-045\23-trace-base.json
ok   C:\Users\Angad\Desktop\SummerBIOIN\Project14-T2PW\docs\pwml_recovery_sprint\evidence\g11\C-045\24-g9-tip.json
ok   C:\Users\Angad\Desktop\SummerBIOIN\Project14-T2PW\docs\pwml_recovery_sprint\evidence\g11\C-045\25-g9-base.json
ok   C:\Users\Angad\Desktop\SummerBIOIN\Project14-T2PW\docs\pwml_recovery_sprint\evidence\g11\C-045\26-chunkd-qb-cohort.json
ok   C:\Users\Angad\Desktop\SummerBIOIN\Project14-T2PW\docs\pwml_recovery_sprint\evidence\g11\C-045\27-mono.json
ok   C:\Users\Angad\Desktop\SummerBIOIN\Project14-T2PW\docs\pwml_recovery_sprint\evidence\g11\C-045\28-core.json
ok   C:\Users\Angad\Desktop\SummerBIOIN\Project14-T2PW\docs\pwml_recovery_sprint\evidence\g11\C-045\29-s8.json
ok   C:\Users\Angad\Desktop\SummerBIOIN\Project14-T2PW\docs\pwml_recovery_sprint\evidence\g11\C-045\30-qb.json
ok   C:\Users\Angad\Desktop\SummerBIOIN\Project14-T2PW\docs\pwml_recovery_sprint\evidence\g11\C-045\31-node04.json
ok   C:\Users\Angad\Desktop\SummerBIOIN\Project14-T2PW\docs\pwml_recovery_sprint\evidence\g11\C-045\32-node05.json
ok   C:\Users\Angad\Desktop\SummerBIOIN\Project14-T2PW\docs\pwml_recovery_sprint\evidence\g11\C-045\33-node06.json
ok   C:\Users\Angad\Desktop\SummerBIOIN\Project14-T2PW\docs\pwml_recovery_sprint\evidence\g11\C-045\34-node07.json
ok   C:\Users\Angad\Desktop\SummerBIOIN\Project14-T2PW\docs\pwml_recovery_sprint\evidence\g11\C-045\35-node08.json
ok   C:\Users\Angad\Desktop\SummerBIOIN\Project14-T2PW\docs\pwml_recovery_sprint\evidence\g11\C-045\36-node09.json
ok   C:\Users\Angad\Desktop\SummerBIOIN\Project14-T2PW\docs\pwml_recovery_sprint\evidence\g11\C-045\37-node10.json
ok   C:\Users\Angad\Desktop\SummerBIOIN\Project14-T2PW\docs\pwml_recovery_sprint\evidence\g11\C-045\38-node11.json
ok   C:\Users\Angad\Desktop\SummerBIOIN\Project14-T2PW\docs\pwml_recovery_sprint\evidence\g11\C-045\39-node12.json
ok   C:\Users\Angad\Desktop\SummerBIOIN\Project14-T2PW\docs\pwml_recovery_sprint\evidence\g11\C-045\40-node13.json
ok   C:\Users\Angad\Desktop\SummerBIOIN\Project14-T2PW\docs\pwml_recovery_sprint\evidence\g11\C-045\41-node14.json
ok   C:\Users\Angad\Desktop\SummerBIOIN\Project14-T2PW\docs\pwml_recovery_sprint\evidence\g11\C-045\42-node15.json
ok   C:\Users\Angad\Desktop\SummerBIOIN\Project14-T2PW\docs\pwml_recovery_sprint\evidence\g11\C-045\43-node16.json
ok   C:\Users\Angad\Desktop\SummerBIOIN\Project14-T2PW\docs\pwml_recovery_sprint\evidence\g11\C-045\44-node17.json
ok   C:\Users\Angad\Desktop\SummerBIOIN\Project14-T2PW\docs\pwml_recovery_sprint\evidence\g11\C-045\45-node18.json
ok   C:\Users\Angad\Desktop\SummerBIOIN\Project14-T2PW\docs\pwml_recovery_sprint\evidence\g11\C-045\46-node19.json
ok   C:\Users\Angad\Desktop\SummerBIOIN\Project14-T2PW\docs\pwml_recovery_sprint\evidence\g11\C-045\47-node20.json
ok   C:\Users\Angad\Desktop\SummerBIOIN\Project14-T2PW\docs\pwml_recovery_sprint\evidence\g11\C-045\48-node21.json
ok   C:\Users\Angad\Desktop\SummerBIOIN\Project14-T2PW\docs\pwml_recovery_sprint\evidence\g11\C-045\49-node22.json
ok   C:\Users\Angad\Desktop\SummerBIOIN\Project14-T2PW\docs\pwml_recovery_sprint\evidence\g11\C-045\50-node23.json
ok   C:\Users\Angad\Desktop\SummerBIOIN\Project14-T2PW\docs\pwml_recovery_sprint\evidence\g11\C-045\51-node24.json
ok   C:\Users\Angad\Desktop\SummerBIOIN\Project14-T2PW\docs\pwml_recovery_sprint\evidence\g11\C-045\52-node25.json
ok   C:\Users\Angad\Desktop\SummerBIOIN\Project14-T2PW\docs\pwml_recovery_sprint\evidence\g11\C-045\53-node26.json
ok   C:\Users\Angad\Desktop\SummerBIOIN\Project14-T2PW\docs\pwml_recovery_sprint\evidence\g11\C-045\54-r2-chunkd-full.json
ok   C:\Users\Angad\Desktop\SummerBIOIN\Project14-T2PW\docs\pwml_recovery_sprint\evidence\g11\C-045\55-mono.json
ok   C:\Users\Angad\Desktop\SummerBIOIN\Project14-T2PW\docs\pwml_recovery_sprint\evidence\g11\C-045\56-core.json
ok   C:\Users\Angad\Desktop\SummerBIOIN\Project14-T2PW\docs\pwml_recovery_sprint\evidence\g11\C-045\57-s8.json
ok   C:\Users\Angad\Desktop\SummerBIOIN\Project14-T2PW\docs\pwml_recovery_sprint\evidence\g11\C-045\58-qb.json
ok   C:\Users\Angad\Desktop\SummerBIOIN\Project14-T2PW\docs\pwml_recovery_sprint\evidence\g11\C-045\59-run-core.json
ok   C:\Users\Angad\Desktop\SummerBIOIN\Project14-T2PW\docs\pwml_recovery_sprint\evidence\g11\C-045\60-node00.json
ok   C:\Users\Angad\Desktop\SummerBIOIN\Project14-T2PW\docs\pwml_recovery_sprint\evidence\g11\C-045\61-node01.json
ok   C:\Users\Angad\Desktop\SummerBIOIN\Project14-T2PW\docs\pwml_recovery_sprint\evidence\g11\C-045\62-node02.json
ok   C:\Users\Angad\Desktop\SummerBIOIN\Project14-T2PW\docs\pwml_recovery_sprint\evidence\g11\C-045\63-node03.json
ok   C:\Users\Angad\Desktop\SummerBIOIN\Project14-T2PW\docs\pwml_recovery_sprint\evidence\g11\C-045\64-node04.json
ok   C:\Users\Angad\Desktop\SummerBIOIN\Project14-T2PW\docs\pwml_recovery_sprint\evidence\g11\C-045\65-node05.json
ok   C:\Users\Angad\Desktop\SummerBIOIN\Project14-T2PW\docs\pwml_recovery_sprint\evidence\g11\C-045\66-node06.json
ok   C:\Users\Angad\Desktop\SummerBIOIN\Project14-T2PW\docs\pwml_recovery_sprint\evidence\g11\C-045\67-node07.json
ok   C:\Users\Angad\Desktop\SummerBIOIN\Project14-T2PW\docs\pwml_recovery_sprint\evidence\g11\C-045\68-node08.json
ok   C:\Users\Angad\Desktop\SummerBIOIN\Project14-T2PW\docs\pwml_recovery_sprint\evidence\g11\C-045\69-node09.json
ok   C:\Users\Angad\Desktop\SummerBIOIN\Project14-T2PW\docs\pwml_recovery_sprint\evidence\g11\C-045\70-node10.json
ok   C:\Users\Angad\Desktop\SummerBIOIN\Project14-T2PW\docs\pwml_recovery_sprint\evidence\g11\C-045\71-node11.json
ok   C:\Users\Angad\Desktop\SummerBIOIN\Project14-T2PW\docs\pwml_recovery_sprint\evidence\g11\C-045\72-node12.json
ok   C:\Users\Angad\Desktop\SummerBIOIN\Project14-T2PW\docs\pwml_recovery_sprint\evidence\g11\C-045\73-node13.json
ok   C:\Users\Angad\Desktop\SummerBIOIN\Project14-T2PW\docs\pwml_recovery_sprint\evidence\g11\C-045\74-node14.json
ok   C:\Users\Angad\Desktop\SummerBIOIN\Project14-T2PW\docs\pwml_recovery_sprint\evidence\g11\C-045\75-node15.json
ok   C:\Users\Angad\Desktop\SummerBIOIN\Project14-T2PW\docs\pwml_recovery_sprint\evidence\g11\C-045\76-node16.json
ok   C:\Users\Angad\Desktop\SummerBIOIN\Project14-T2PW\docs\pwml_recovery_sprint\evidence\g11\C-045\77-node17.json
ok   C:\Users\Angad\Desktop\SummerBIOIN\Project14-T2PW\docs\pwml_recovery_sprint\evidence\g11\C-045\78-node18.json
ok   C:\Users\Angad\Desktop\SummerBIOIN\Project14-T2PW\docs\pwml_recovery_sprint\evidence\g11\C-045\79-node19.json
ok   C:\Users\Angad\Desktop\SummerBIOIN\Project14-T2PW\docs\pwml_recovery_sprint\evidence\g11\C-045\80-node20.json
ok   C:\Users\Angad\Desktop\SummerBIOIN\Project14-T2PW\docs\pwml_recovery_sprint\evidence\g11\C-045\81-node21.json
ok   C:\Users\Angad\Desktop\SummerBIOIN\Project14-T2PW\docs\pwml_recovery_sprint\evidence\g11\C-045\82-node22.json
ok   C:\Users\Angad\Desktop\SummerBIOIN\Project14-T2PW\docs\pwml_recovery_sprint\evidence\g11\C-045\83-node23.json
ok   C:\Users\Angad\Desktop\SummerBIOIN\Project14-T2PW\docs\pwml_recovery_sprint\evidence\g11\C-045\84-node24.json
ok   C:\Users\Angad\Desktop\SummerBIOIN\Project14-T2PW\docs\pwml_recovery_sprint\evidence\g11\C-045\85-node25.json
ok   C:\Users\Angad\Desktop\SummerBIOIN\Project14-T2PW\docs\pwml_recovery_sprint\evidence\g11\C-045\86-node26.json
ok   C:\Users\Angad\Desktop\SummerBIOIN\Project14-T2PW\docs\pwml_recovery_sprint\evidence\g11\C-045\87-r2-focused.json
ok   C:\Users\Angad\Desktop\SummerBIOIN\Project14-T2PW\docs\pwml_recovery_sprint\evidence\g11\C-045\88-r2-a9.json
ok   C:\Users\Angad\Desktop\SummerBIOIN\Project14-T2PW\docs\pwml_recovery_sprint\evidence\g11\C-045\89-r2-census-tip.json
ok   C:\Users\Angad\Desktop\SummerBIOIN\Project14-T2PW\docs\pwml_recovery_sprint\evidence\g11\C-045\90-r2-g9-tip.json
ok   C:\Users\Angad\Desktop\SummerBIOIN\Project14-T2PW\docs\pwml_recovery_sprint\evidence\g11\C-045\91-r2-b1-tip.json
ok   C:\Users\Angad\Desktop\SummerBIOIN\Project14-T2PW\docs\pwml_recovery_sprint\evidence\g11\C-045\92-r2-b1-base.json
ok   C:\Users\Angad\Desktop\SummerBIOIN\Project14-T2PW\docs\pwml_recovery_sprint\evidence\g11\C-045a\01-digest-base.json
ok   C:\Users\Angad\Desktop\SummerBIOIN\Project14-T2PW\docs\pwml_recovery_sprint\evidence\g11\C-045a\02-flatten-base.json
ok   C:\Users\Angad\Desktop\SummerBIOIN\Project14-T2PW\docs\pwml_recovery_sprint\evidence\g11\C-045a\03-flatten-tip.json
ok   C:\Users\Angad\Desktop\SummerBIOIN\Project14-T2PW\docs\pwml_recovery_sprint\evidence\g11\C-045a\04-delta-standalone.json
ok   C:\Users\Angad\Desktop\SummerBIOIN\Project14-T2PW\docs\pwml_recovery_sprint\evidence\g11\C-045a\05-prod-base.json
ok   C:\Users\Angad\Desktop\SummerBIOIN\Project14-T2PW\docs\pwml_recovery_sprint\evidence\g11\C-045a\06-prod-base-r2.json
ok   C:\Users\Angad\Desktop\SummerBIOIN\Project14-T2PW\docs\pwml_recovery_sprint\evidence\g11\C-045a\07-prod-tip.json
ok   C:\Users\Angad\Desktop\SummerBIOIN\Project14-T2PW\docs\pwml_recovery_sprint\evidence\g11\C-045a\08-delta-production.json
ok   C:\Users\Angad\Desktop\SummerBIOIN\Project14-T2PW\docs\pwml_recovery_sprint\evidence\g11\C-045a\09-digest-tip.json
ok   C:\Users\Angad\Desktop\SummerBIOIN\Project14-T2PW\docs\pwml_recovery_sprint\evidence\g11\C-045a\10-final-digest-base.json
ok   C:\Users\Angad\Desktop\SummerBIOIN\Project14-T2PW\docs\pwml_recovery_sprint\evidence\g11\C-045a\11-final-digest-tip.json
ok   C:\Users\Angad\Desktop\SummerBIOIN\Project14-T2PW\docs\pwml_recovery_sprint\evidence\g11\C-045a\12-f-digest-base.json
ok   C:\Users\Angad\Desktop\SummerBIOIN\Project14-T2PW\docs\pwml_recovery_sprint\evidence\g11\C-045a\13-f-digest-tip.json
ok   C:\Users\Angad\Desktop\SummerBIOIN\Project14-T2PW\docs\pwml_recovery_sprint\evidence\g11\C-045a\14-f-flat-base.json
ok   C:\Users\Angad\Desktop\SummerBIOIN\Project14-T2PW\docs\pwml_recovery_sprint\evidence\g11\C-045a\15-f-flat-tip.json
ok   C:\Users\Angad\Desktop\SummerBIOIN\Project14-T2PW\docs\pwml_recovery_sprint\evidence\g11\C-045a\16-f-prod-base.json
ok   C:\Users\Angad\Desktop\SummerBIOIN\Project14-T2PW\docs\pwml_recovery_sprint\evidence\g11\C-045a\17-f-prod-tip.json
ok   C:\Users\Angad\Desktop\SummerBIOIN\Project14-T2PW\docs\pwml_recovery_sprint\evidence\g11\C-045a\18-f-delta-standalone.json
ok   C:\Users\Angad\Desktop\SummerBIOIN\Project14-T2PW\docs\pwml_recovery_sprint\evidence\g11\C-045a\19-f-delta-production.json
ok   C:\Users\Angad\Desktop\SummerBIOIN\Project14-T2PW\docs\pwml_recovery_sprint\evidence\g11\C-045a\20-focused.json
ok   C:\Users\Angad\Desktop\SummerBIOIN\Project14-T2PW\docs\pwml_recovery_sprint\evidence\g11\C-045a\21-chunkd-core-outer.json
ok   C:\Users\Angad\Desktop\SummerBIOIN\Project14-T2PW\docs\pwml_recovery_sprint\evidence\g11\C-045a\22-mono.json
ok   C:\Users\Angad\Desktop\SummerBIOIN\Project14-T2PW\docs\pwml_recovery_sprint\evidence\g11\C-045a\23-core.json
ok   C:\Users\Angad\Desktop\SummerBIOIN\Project14-T2PW\docs\pwml_recovery_sprint\evidence\g11\C-045a\24-s8.json
ok   C:\Users\Angad\Desktop\SummerBIOIN\Project14-T2PW\docs\pwml_recovery_sprint\evidence\g11\C-045a\25-qb.json
ok   C:\Users\Angad\Desktop\SummerBIOIN\Project14-T2PW\docs\pwml_recovery_sprint\evidence\g11\C-045a\26-run-core.json
ok   C:\Users\Angad\Desktop\SummerBIOIN\Project14-T2PW\docs\pwml_recovery_sprint\evidence\g11\C-045a\27-chunkd-s8-outer.json
ok   C:\Users\Angad\Desktop\SummerBIOIN\Project14-T2PW\docs\pwml_recovery_sprint\evidence\g11\C-045a\28-mono.json
ok   C:\Users\Angad\Desktop\SummerBIOIN\Project14-T2PW\docs\pwml_recovery_sprint\evidence\g11\C-045a\29-core.json
ok   C:\Users\Angad\Desktop\SummerBIOIN\Project14-T2PW\docs\pwml_recovery_sprint\evidence\g11\C-045a\30-s8.json
ok   C:\Users\Angad\Desktop\SummerBIOIN\Project14-T2PW\docs\pwml_recovery_sprint\evidence\g11\C-045a\31-qb.json
ok   C:\Users\Angad\Desktop\SummerBIOIN\Project14-T2PW\docs\pwml_recovery_sprint\evidence\g11\C-045a\32-node00.json
ok   C:\Users\Angad\Desktop\SummerBIOIN\Project14-T2PW\docs\pwml_recovery_sprint\evidence\g11\C-045a\33-node01.json
ok   C:\Users\Angad\Desktop\SummerBIOIN\Project14-T2PW\docs\pwml_recovery_sprint\evidence\g11\C-045a\34-node02.json
ok   C:\Users\Angad\Desktop\SummerBIOIN\Project14-T2PW\docs\pwml_recovery_sprint\evidence\g11\C-045a\35-node03.json
ok   C:\Users\Angad\Desktop\SummerBIOIN\Project14-T2PW\docs\pwml_recovery_sprint\evidence\g11\C-045b\01-a1-cli-base.json
ok   C:\Users\Angad\Desktop\SummerBIOIN\Project14-T2PW\docs\pwml_recovery_sprint\evidence\g11\C-045b\02-a1-cli-tip.json
ok   C:\Users\Angad\Desktop\SummerBIOIN\Project14-T2PW\docs\pwml_recovery_sprint\evidence\g11\C-045b\03-a2a4a5-probe-tip.json
ok   C:\Users\Angad\Desktop\SummerBIOIN\Project14-T2PW\docs\pwml_recovery_sprint\evidence\g11\C-045b\04-focused-tip.json
ok   C:\Users\Angad\Desktop\SummerBIOIN\Project14-T2PW\docs\pwml_recovery_sprint\evidence\g11\C-045b\05-g9-base-pytest.json
ok   C:\Users\Angad\Desktop\SummerBIOIN\Project14-T2PW\docs\pwml_recovery_sprint\evidence\g11\C-045b\06-g9-base-probe.json
ok   C:\Users\Angad\Desktop\SummerBIOIN\Project14-T2PW\docs\pwml_recovery_sprint\evidence\g11\C-045b\07-a8a3-c050probe-tip.json
ok   C:\Users\Angad\Desktop\SummerBIOIN\Project14-T2PW\docs\pwml_recovery_sprint\evidence\g11\C-045b\08-a3-c050probe-base.json
ok   C:\Users\Angad\Desktop\SummerBIOIN\Project14-T2PW\docs\pwml_recovery_sprint\evidence\g11\C-045b\09-chunkd-core.json
ok   C:\Users\Angad\Desktop\SummerBIOIN\Project14-T2PW\docs\pwml_recovery_sprint\evidence\g11\C-045b\10-mono.json
ok   C:\Users\Angad\Desktop\SummerBIOIN\Project14-T2PW\docs\pwml_recovery_sprint\evidence\g11\C-045b\11-core.json
ok   C:\Users\Angad\Desktop\SummerBIOIN\Project14-T2PW\docs\pwml_recovery_sprint\evidence\g11\C-045b\12-s8.json
ok   C:\Users\Angad\Desktop\SummerBIOIN\Project14-T2PW\docs\pwml_recovery_sprint\evidence\g11\C-045b\13-qb.json
ok   C:\Users\Angad\Desktop\SummerBIOIN\Project14-T2PW\docs\pwml_recovery_sprint\evidence\g11\C-045b\14-chunkd-core-direct.json
ok   C:\Users\Angad\Desktop\SummerBIOIN\Project14-T2PW\docs\pwml_recovery_sprint\evidence\g11\C-045b\15-s8-collect.json
ok   C:\Users\Angad\Desktop\SummerBIOIN\Project14-T2PW\docs\pwml_recovery_sprint\evidence\g11\C-045b\16-s8-node16.json
ok   C:\Users\Angad\Desktop\SummerBIOIN\Project14-T2PW\docs\pwml_recovery_sprint\evidence\g11\C-045b\17-s8-node17.json
ok   C:\Users\Angad\Desktop\SummerBIOIN\Project14-T2PW\docs\pwml_recovery_sprint\evidence\g11\C-045b\18-s8-node18.json
ok   C:\Users\Angad\Desktop\SummerBIOIN\Project14-T2PW\docs\pwml_recovery_sprint\evidence\g11\C-045b\19-s8-node19.json
ok   C:\Users\Angad\Desktop\SummerBIOIN\Project14-T2PW\docs\pwml_recovery_sprint\evidence\g11\C-045b\20-chunkd-core-2.json
ok   C:\Users\Angad\Desktop\SummerBIOIN\Project14-T2PW\docs\pwml_recovery_sprint\evidence\g11\C-045b\21-mono.json
ok   C:\Users\Angad\Desktop\SummerBIOIN\Project14-T2PW\docs\pwml_recovery_sprint\evidence\g11\C-045b\22-core.json
ok   C:\Users\Angad\Desktop\SummerBIOIN\Project14-T2PW\docs\pwml_recovery_sprint\evidence\g11\C-045b\23-s8.json
ok   C:\Users\Angad\Desktop\SummerBIOIN\Project14-T2PW\docs\pwml_recovery_sprint\evidence\g11\C-045b\24-qb.json
ok   C:\Users\Angad\Desktop\SummerBIOIN\Project14-T2PW\docs\pwml_recovery_sprint\evidence\g11\C-045b\25-run-core.json
ok   C:\Users\Angad\Desktop\SummerBIOIN\Project14-T2PW\docs\pwml_recovery_sprint\evidence\g11\C-045b\26-chunkd-s8-2.json
ok   C:\Users\Angad\Desktop\SummerBIOIN\Project14-T2PW\docs\pwml_recovery_sprint\evidence\g11\C-045b\27-mono.json
ok   C:\Users\Angad\Desktop\SummerBIOIN\Project14-T2PW\docs\pwml_recovery_sprint\evidence\g11\C-045b\28-core.json
ok   C:\Users\Angad\Desktop\SummerBIOIN\Project14-T2PW\docs\pwml_recovery_sprint\evidence\g11\C-045b\29-s8.json
ok   C:\Users\Angad\Desktop\SummerBIOIN\Project14-T2PW\docs\pwml_recovery_sprint\evidence\g11\C-045b\30-qb.json
ok   C:\Users\Angad\Desktop\SummerBIOIN\Project14-T2PW\docs\pwml_recovery_sprint\evidence\g11\C-045b\31-node00.json
ok   C:\Users\Angad\Desktop\SummerBIOIN\Project14-T2PW\docs\pwml_recovery_sprint\evidence\g11\C-045b\32-node01.json
ok   C:\Users\Angad\Desktop\SummerBIOIN\Project14-T2PW\docs\pwml_recovery_sprint\evidence\g11\C-045b\33-node02.json
ok   C:\Users\Angad\Desktop\SummerBIOIN\Project14-T2PW\docs\pwml_recovery_sprint\evidence\g11\C-045b\34-node03.json
ok   C:\Users\Angad\Desktop\SummerBIOIN\Project14-T2PW\docs\pwml_recovery_sprint\evidence\g11\C-050\01-baseproof.json
ok   C:\Users\Angad\Desktop\SummerBIOIN\Project14-T2PW\docs\pwml_recovery_sprint\evidence\g11\C-050\02-tipmeasure.json
ok   C:\Users\Angad\Desktop\SummerBIOIN\Project14-T2PW\docs\pwml_recovery_sprint\evidence\g11\C-050\03-tipmeasure.json
ok   C:\Users\Angad\Desktop\SummerBIOIN\Project14-T2PW\docs\pwml_recovery_sprint\evidence\g11\C-050\04-tipmeasure.json
ok   C:\Users\Angad\Desktop\SummerBIOIN\Project14-T2PW\docs\pwml_recovery_sprint\evidence\g11\C-050\05-newtests.json
ok   C:\Users\Angad\Desktop\SummerBIOIN\Project14-T2PW\docs\pwml_recovery_sprint\evidence\g11\C-050\06-newtests.json
ok   C:\Users\Angad\Desktop\SummerBIOIN\Project14-T2PW\docs\pwml_recovery_sprint\evidence\g11\C-050\07-g9base.json
ok   C:\Users\Angad\Desktop\SummerBIOIN\Project14-T2PW\docs\pwml_recovery_sprint\evidence\g11\C-050\08-a10path.json
ok   C:\Users\Angad\Desktop\SummerBIOIN\Project14-T2PW\docs\pwml_recovery_sprint\evidence\g11\C-050\09-chunkd-core-s8.json
ok   C:\Users\Angad\Desktop\SummerBIOIN\Project14-T2PW\docs\pwml_recovery_sprint\evidence\g11\C-050\10-mono.json
ok   C:\Users\Angad\Desktop\SummerBIOIN\Project14-T2PW\docs\pwml_recovery_sprint\evidence\g11\C-050\11-core.json
ok   C:\Users\Angad\Desktop\SummerBIOIN\Project14-T2PW\docs\pwml_recovery_sprint\evidence\g11\C-050\12-s8.json
ok   C:\Users\Angad\Desktop\SummerBIOIN\Project14-T2PW\docs\pwml_recovery_sprint\evidence\g11\C-050\13-qb.json
ok   C:\Users\Angad\Desktop\SummerBIOIN\Project14-T2PW\docs\pwml_recovery_sprint\evidence\g11\C-050\14-node00.json
ok   C:\Users\Angad\Desktop\SummerBIOIN\Project14-T2PW\docs\pwml_recovery_sprint\evidence\g11\C-050\15-node01.json
ok   C:\Users\Angad\Desktop\SummerBIOIN\Project14-T2PW\docs\pwml_recovery_sprint\evidence\g11\C-050\16-node02.json
ok   C:\Users\Angad\Desktop\SummerBIOIN\Project14-T2PW\docs\pwml_recovery_sprint\evidence\g11\C-050\17-node03.json
ok   C:\Users\Angad\Desktop\SummerBIOIN\Project14-T2PW\docs\pwml_recovery_sprint\evidence\g11\C-050\19-mono.json
ok   C:\Users\Angad\Desktop\SummerBIOIN\Project14-T2PW\docs\pwml_recovery_sprint\evidence\g11\C-050\20-core.json
ok   C:\Users\Angad\Desktop\SummerBIOIN\Project14-T2PW\docs\pwml_recovery_sprint\evidence\g11\C-050\21-s8.json
ok   C:\Users\Angad\Desktop\SummerBIOIN\Project14-T2PW\docs\pwml_recovery_sprint\evidence\g11\C-050\22-qb.json
ok   C:\Users\Angad\Desktop\SummerBIOIN\Project14-T2PW\docs\pwml_recovery_sprint\evidence\g11\C-050\23-node04.json
ok   C:\Users\Angad\Desktop\SummerBIOIN\Project14-T2PW\docs\pwml_recovery_sprint\evidence\g11\C-050\24-node05.json
ok   C:\Users\Angad\Desktop\SummerBIOIN\Project14-T2PW\docs\pwml_recovery_sprint\evidence\g11\C-050\25-node06.json
ok   C:\Users\Angad\Desktop\SummerBIOIN\Project14-T2PW\docs\pwml_recovery_sprint\evidence\g11\C-050\27-chunkd-qb.json
ok   C:\Users\Angad\Desktop\SummerBIOIN\Project14-T2PW\docs\pwml_recovery_sprint\evidence\g11\C-050\28-mono.json
ok   C:\Users\Angad\Desktop\SummerBIOIN\Project14-T2PW\docs\pwml_recovery_sprint\evidence\g11\C-050\29-core.json
ok   C:\Users\Angad\Desktop\SummerBIOIN\Project14-T2PW\docs\pwml_recovery_sprint\evidence\g11\C-050\30-s8.json
ok   C:\Users\Angad\Desktop\SummerBIOIN\Project14-T2PW\docs\pwml_recovery_sprint\evidence\g11\C-050\31-qb.json
ok   C:\Users\Angad\Desktop\SummerBIOIN\Project14-T2PW\docs\pwml_recovery_sprint\evidence\g11\C-050\32-node04.json
ok   C:\Users\Angad\Desktop\SummerBIOIN\Project14-T2PW\docs\pwml_recovery_sprint\evidence\g11\C-050\33-node05.json
ok   C:\Users\Angad\Desktop\SummerBIOIN\Project14-T2PW\docs\pwml_recovery_sprint\evidence\g11\C-050\34-node06.json
ok   C:\Users\Angad\Desktop\SummerBIOIN\Project14-T2PW\docs\pwml_recovery_sprint\evidence\g11\C-050\35-node07.json
ok   C:\Users\Angad\Desktop\SummerBIOIN\Project14-T2PW\docs\pwml_recovery_sprint\evidence\g11\C-050\36-node08.json
ok   C:\Users\Angad\Desktop\SummerBIOIN\Project14-T2PW\docs\pwml_recovery_sprint\evidence\g11\C-050\37-node09.json
ok   C:\Users\Angad\Desktop\SummerBIOIN\Project14-T2PW\docs\pwml_recovery_sprint\evidence\g11\C-050\38-node10.json
ok   C:\Users\Angad\Desktop\SummerBIOIN\Project14-T2PW\docs\pwml_recovery_sprint\evidence\g11\C-050\39-node11.json
ok   C:\Users\Angad\Desktop\SummerBIOIN\Project14-T2PW\docs\pwml_recovery_sprint\evidence\g11\C-050\40-node12.json
ok   C:\Users\Angad\Desktop\SummerBIOIN\Project14-T2PW\docs\pwml_recovery_sprint\evidence\g11\C-050\41-node13.json
ok   C:\Users\Angad\Desktop\SummerBIOIN\Project14-T2PW\docs\pwml_recovery_sprint\evidence\g11\C-050\42-node14.json
ok   C:\Users\Angad\Desktop\SummerBIOIN\Project14-T2PW\docs\pwml_recovery_sprint\evidence\g11\C-050\43-node15.json
ok   C:\Users\Angad\Desktop\SummerBIOIN\Project14-T2PW\docs\pwml_recovery_sprint\evidence\g11\C-050\44-node16.json
ok   C:\Users\Angad\Desktop\SummerBIOIN\Project14-T2PW\docs\pwml_recovery_sprint\evidence\g11\C-050\45-node17.json
ok   C:\Users\Angad\Desktop\SummerBIOIN\Project14-T2PW\docs\pwml_recovery_sprint\evidence\g11\C-050\46-node18.json
ok   C:\Users\Angad\Desktop\SummerBIOIN\Project14-T2PW\docs\pwml_recovery_sprint\evidence\g11\C-050\47-node19.json
ok   C:\Users\Angad\Desktop\SummerBIOIN\Project14-T2PW\docs\pwml_recovery_sprint\evidence\g11\C-050\48-node20.json
ok   C:\Users\Angad\Desktop\SummerBIOIN\Project14-T2PW\docs\pwml_recovery_sprint\evidence\g11\C-050\49-node21.json
ok   C:\Users\Angad\Desktop\SummerBIOIN\Project14-T2PW\docs\pwml_recovery_sprint\evidence\g11\C-050\50-node22.json
ok   C:\Users\Angad\Desktop\SummerBIOIN\Project14-T2PW\docs\pwml_recovery_sprint\evidence\g11\C-050\51-node23.json
ok   C:\Users\Angad\Desktop\SummerBIOIN\Project14-T2PW\docs\pwml_recovery_sprint\evidence\g11\C-050\52-node24.json
ok   C:\Users\Angad\Desktop\SummerBIOIN\Project14-T2PW\docs\pwml_recovery_sprint\evidence\g11\C-050\53-node25.json
ok   C:\Users\Angad\Desktop\SummerBIOIN\Project14-T2PW\docs\pwml_recovery_sprint\evidence\g11\C-050\54-node26.json
ok   C:\Users\Angad\Desktop\SummerBIOIN\Project14-T2PW\docs\pwml_recovery_sprint\evidence\g11\C-050\55-diag-tip.json
ok   C:\Users\Angad\Desktop\SummerBIOIN\Project14-T2PW\docs\pwml_recovery_sprint\evidence\g11\C-050\56-diag-tip.json
ok   C:\Users\Angad\Desktop\SummerBIOIN\Project14-T2PW\docs\pwml_recovery_sprint\evidence\g11\C-050\57-diag-tip.json
ok   C:\Users\Angad\Desktop\SummerBIOIN\Project14-T2PW\docs\pwml_recovery_sprint\evidence\g11\C-050\58-diag-tip.json
ok   C:\Users\Angad\Desktop\SummerBIOIN\Project14-T2PW\docs\pwml_recovery_sprint\evidence\g11\C-050\59-diag-base.json
ok   C:\Users\Angad\Desktop\SummerBIOIN\Project14-T2PW\docs\pwml_recovery_sprint\evidence\g11\C-050\60-diag-base.json
ok   C:\Users\Angad\Desktop\SummerBIOIN\Project14-T2PW\docs\pwml_recovery_sprint\evidence\g11\C-050\61-smoke.json
ok   C:\Users\Angad\Desktop\SummerBIOIN\Project14-T2PW\docs\pwml_recovery_sprint\evidence\g11\C-050a\01-node15-tip.json
ok   C:\Users\Angad\Desktop\SummerBIOIN\Project14-T2PW\docs\pwml_recovery_sprint\evidence\g11\C-050a\02-g9-base-form.json
ok   C:\Users\Angad\Desktop\SummerBIOIN\Project14-T2PW\docs\pwml_recovery_sprint\evidence\g11\C-050a\03-discrimination-proofs.json
ok   C:\Users\Angad\Desktop\SummerBIOIN\Project14-T2PW\docs\pwml_recovery_sprint\evidence\g11\C-050a\04-a3-determinism.json
ok   C:\Users\Angad\Desktop\SummerBIOIN\Project14-T2PW\docs\pwml_recovery_sprint\evidence\g11\C-050a\05-a3-determinism-crossprocess.json
ok   C:\Users\Angad\Desktop\SummerBIOIN\Project14-T2PW\docs\pwml_recovery_sprint\evidence\g11\C-050a\06-a3-determinism-instrumented.json
ok   C:\Users\Angad\Desktop\SummerBIOIN\Project14-T2PW\docs\pwml_recovery_sprint\evidence\g11\C-050a\07-a3-a42-a43-clean.json
ok   C:\Users\Angad\Desktop\SummerBIOIN\Project14-T2PW\docs\pwml_recovery_sprint\evidence\g11\C-050a\08-chunkd-outer.json
ok   C:\Users\Angad\Desktop\SummerBIOIN\Project14-T2PW\docs\pwml_recovery_sprint\evidence\g11\C-050a\09-mono.json
ok   C:\Users\Angad\Desktop\SummerBIOIN\Project14-T2PW\docs\pwml_recovery_sprint\evidence\g11\C-050a\10-core.json
ok   C:\Users\Angad\Desktop\SummerBIOIN\Project14-T2PW\docs\pwml_recovery_sprint\evidence\g11\C-050a\11-s8.json
ok   C:\Users\Angad\Desktop\SummerBIOIN\Project14-T2PW\docs\pwml_recovery_sprint\evidence\g11\C-050a\12-qb.json
ok   C:\Users\Angad\Desktop\SummerBIOIN\Project14-T2PW\docs\pwml_recovery_sprint\evidence\g11\C-050a\13-run-core.json
ok   C:\Users\Angad\Desktop\SummerBIOIN\Project14-T2PW\docs\pwml_recovery_sprint\evidence\g11\C-050a\14-node00.json
ok   C:\Users\Angad\Desktop\SummerBIOIN\Project14-T2PW\docs\pwml_recovery_sprint\evidence\g11\C-050a\15-node01.json
ok   C:\Users\Angad\Desktop\SummerBIOIN\Project14-T2PW\docs\pwml_recovery_sprint\evidence\g11\C-050a\16-node02.json
ok   C:\Users\Angad\Desktop\SummerBIOIN\Project14-T2PW\docs\pwml_recovery_sprint\evidence\g11\C-050a\17-node03.json
ok   C:\Users\Angad\Desktop\SummerBIOIN\Project14-T2PW\docs\pwml_recovery_sprint\evidence\g11\C-050a\18-node04.json
ok   C:\Users\Angad\Desktop\SummerBIOIN\Project14-T2PW\docs\pwml_recovery_sprint\evidence\g11\C-050a\19-node05.json
ok   C:\Users\Angad\Desktop\SummerBIOIN\Project14-T2PW\docs\pwml_recovery_sprint\evidence\g11\C-050a\20-node06.json
ok   C:\Users\Angad\Desktop\SummerBIOIN\Project14-T2PW\docs\pwml_recovery_sprint\evidence\g11\C-050a\21-node07.json
ok   C:\Users\Angad\Desktop\SummerBIOIN\Project14-T2PW\docs\pwml_recovery_sprint\evidence\g11\C-050a\22-node08.json
ok   C:\Users\Angad\Desktop\SummerBIOIN\Project14-T2PW\docs\pwml_recovery_sprint\evidence\g11\C-050a\23-node09.json
ok   C:\Users\Angad\Desktop\SummerBIOIN\Project14-T2PW\docs\pwml_recovery_sprint\evidence\g11\C-050a\24-node10.json
ok   C:\Users\Angad\Desktop\SummerBIOIN\Project14-T2PW\docs\pwml_recovery_sprint\evidence\g11\C-050a\25-node11.json
ok   C:\Users\Angad\Desktop\SummerBIOIN\Project14-T2PW\docs\pwml_recovery_sprint\evidence\g11\C-050a\26-node12.json
ok   C:\Users\Angad\Desktop\SummerBIOIN\Project14-T2PW\docs\pwml_recovery_sprint\evidence\g11\C-050a\27-node13.json
ok   C:\Users\Angad\Desktop\SummerBIOIN\Project14-T2PW\docs\pwml_recovery_sprint\evidence\g11\C-050a\28-node14.json
ok   C:\Users\Angad\Desktop\SummerBIOIN\Project14-T2PW\docs\pwml_recovery_sprint\evidence\g11\C-050a\29-node15.json
ok   C:\Users\Angad\Desktop\SummerBIOIN\Project14-T2PW\docs\pwml_recovery_sprint\evidence\g11\C-050a\30-node16.json
ok   C:\Users\Angad\Desktop\SummerBIOIN\Project14-T2PW\docs\pwml_recovery_sprint\evidence\g11\C-050a\31-node17.json
ok   C:\Users\Angad\Desktop\SummerBIOIN\Project14-T2PW\docs\pwml_recovery_sprint\evidence\g11\C-050a\32-node18.json
ok   C:\Users\Angad\Desktop\SummerBIOIN\Project14-T2PW\docs\pwml_recovery_sprint\evidence\g11\C-050a\33-node19.json
ok   C:\Users\Angad\Desktop\SummerBIOIN\Project14-T2PW\docs\pwml_recovery_sprint\evidence\g11\C-050a\34-node20.json
ok   C:\Users\Angad\Desktop\SummerBIOIN\Project14-T2PW\docs\pwml_recovery_sprint\evidence\g11\C-050a\35-node21.json
ok   C:\Users\Angad\Desktop\SummerBIOIN\Project14-T2PW\docs\pwml_recovery_sprint\evidence\g11\C-050a\36-node22.json
ok   C:\Users\Angad\Desktop\SummerBIOIN\Project14-T2PW\docs\pwml_recovery_sprint\evidence\g11\C-050a\37-node23.json
ok   C:\Users\Angad\Desktop\SummerBIOIN\Project14-T2PW\docs\pwml_recovery_sprint\evidence\g11\C-050a\38-node24.json
ok   C:\Users\Angad\Desktop\SummerBIOIN\Project14-T2PW\docs\pwml_recovery_sprint\evidence\g11\C-050a\39-node25.json
ok   C:\Users\Angad\Desktop\SummerBIOIN\Project14-T2PW\docs\pwml_recovery_sprint\evidence\g11\C-050a\40-node26.json
ok   C:\Users\Angad\Desktop\SummerBIOIN\Project14-T2PW\docs\pwml_recovery_sprint\evidence\g11\C-050a\41-smoke.json
ok   C:\Users\Angad\Desktop\SummerBIOIN\Project14-T2PW\docs\pwml_recovery_sprint\evidence\g11\C-050b\01-focused.json
ok   C:\Users\Angad\Desktop\SummerBIOIN\Project14-T2PW\docs\pwml_recovery_sprint\evidence\g11\C-050b\02-a6diff.json
ok   C:\Users\Angad\Desktop\SummerBIOIN\Project14-T2PW\docs\pwml_recovery_sprint\evidence\g11\C-050b\03-focused-and-a6diff.json
ok   C:\Users\Angad\Desktop\SummerBIOIN\Project14-T2PW\docs\pwml_recovery_sprint\evidence\g11\C-050b\04-focused-and-smoke.json
ok   C:\Users\Angad\Desktop\SummerBIOIN\Project14-T2PW\docs\pwml_recovery_sprint\evidence\g11\C-050b\05-chunkd-core-outer.json
ok   C:\Users\Angad\Desktop\SummerBIOIN\Project14-T2PW\docs\pwml_recovery_sprint\evidence\g11\C-050b\06-mono.json
ok   C:\Users\Angad\Desktop\SummerBIOIN\Project14-T2PW\docs\pwml_recovery_sprint\evidence\g11\C-050b\07-core.json
ok   C:\Users\Angad\Desktop\SummerBIOIN\Project14-T2PW\docs\pwml_recovery_sprint\evidence\g11\C-050b\08-s8.json
ok   C:\Users\Angad\Desktop\SummerBIOIN\Project14-T2PW\docs\pwml_recovery_sprint\evidence\g11\C-050b\09-qb.json
ok   C:\Users\Angad\Desktop\SummerBIOIN\Project14-T2PW\docs\pwml_recovery_sprint\evidence\g11\C-050b\10-run-core.json
ok   C:\Users\Angad\Desktop\SummerBIOIN\Project14-T2PW\docs\pwml_recovery_sprint\evidence\g11\C-050b\11-chunkd-s8-outer.json
ok   C:\Users\Angad\Desktop\SummerBIOIN\Project14-T2PW\docs\pwml_recovery_sprint\evidence\g11\C-050b\12-mono.json
ok   C:\Users\Angad\Desktop\SummerBIOIN\Project14-T2PW\docs\pwml_recovery_sprint\evidence\g11\C-050b\13-core.json
ok   C:\Users\Angad\Desktop\SummerBIOIN\Project14-T2PW\docs\pwml_recovery_sprint\evidence\g11\C-050b\14-s8.json
ok   C:\Users\Angad\Desktop\SummerBIOIN\Project14-T2PW\docs\pwml_recovery_sprint\evidence\g11\C-050b\15-qb.json
ok   C:\Users\Angad\Desktop\SummerBIOIN\Project14-T2PW\docs\pwml_recovery_sprint\evidence\g11\C-050b\16-node00.json
ok   C:\Users\Angad\Desktop\SummerBIOIN\Project14-T2PW\docs\pwml_recovery_sprint\evidence\g11\C-050b\17-node01.json
ok   C:\Users\Angad\Desktop\SummerBIOIN\Project14-T2PW\docs\pwml_recovery_sprint\evidence\g11\C-050b\18-node02.json
ok   C:\Users\Angad\Desktop\SummerBIOIN\Project14-T2PW\docs\pwml_recovery_sprint\evidence\g11\C-050b\19-node03.json
ok   C:\Users\Angad\Desktop\SummerBIOIN\Project14-T2PW\docs\pwml_recovery_sprint\evidence\g11\C-050c\01-c050c-node15-pre.json
ok   C:\Users\Angad\Desktop\SummerBIOIN\Project14-T2PW\docs\pwml_recovery_sprint\evidence\g11\C-050c\02-c050c-newtests-1.json
ok   C:\Users\Angad\Desktop\SummerBIOIN\Project14-T2PW\docs\pwml_recovery_sprint\evidence\g11\C-050c\03-c050c-newtests-2.json
ok   C:\Users\Angad\Desktop\SummerBIOIN\Project14-T2PW\docs\pwml_recovery_sprint\evidence\g11\C-050c\04-c050c-node15-post.json
ok   C:\Users\Angad\Desktop\SummerBIOIN\Project14-T2PW\docs\pwml_recovery_sprint\evidence\g11\C-050c\05-c050c-newtests-3.json
ok   C:\Users\Angad\Desktop\SummerBIOIN\Project14-T2PW\docs\pwml_recovery_sprint\evidence\g11\C-050c\06-c050c-node15-final.json
ok   C:\Users\Angad\Desktop\SummerBIOIN\Project14-T2PW\docs\pwml_recovery_sprint\evidence\g11\C-050c\07-c050c-newtests-r2.json
ok   C:\Users\Angad\Desktop\SummerBIOIN\Project14-T2PW\docs\pwml_recovery_sprint\evidence\g11\C-050c\08-c050c-node15-green.json
ok   C:\Users\Angad\Desktop\SummerBIOIN\Project14-T2PW\docs\pwml_recovery_sprint\evidence\g11\C-050d\01-repro-n15-base.json
ok   C:\Users\Angad\Desktop\SummerBIOIN\Project14-T2PW\docs\pwml_recovery_sprint\evidence\g11\C-050d\02-probe-attrib-1.json
ok   C:\Users\Angad\Desktop\SummerBIOIN\Project14-T2PW\docs\pwml_recovery_sprint\evidence\g11\C-050d\03-tip-n15-green.json
ok   C:\Users\Angad\Desktop\SummerBIOIN\Project14-T2PW\docs\pwml_recovery_sprint\evidence\g11\C-050d\04-determinism-x3.json
ok   C:\Users\Angad\Desktop\SummerBIOIN\Project14-T2PW\docs\pwml_recovery_sprint\evidence\g11\C-050d\05-a42-mutation.json
ok   C:\Users\Angad\Desktop\SummerBIOIN\Project14-T2PW\docs\pwml_recovery_sprint\evidence\g11\C-050d\06-a4-discrimination.json
ok   C:\Users\Angad\Desktop\SummerBIOIN\Project14-T2PW\docs\pwml_recovery_sprint\evidence\g11\C-050d\07-chunkd-full.json
ok   C:\Users\Angad\Desktop\SummerBIOIN\Project14-T2PW\docs\pwml_recovery_sprint\evidence\g11\C-050d\08-mono.json
ok   C:\Users\Angad\Desktop\SummerBIOIN\Project14-T2PW\docs\pwml_recovery_sprint\evidence\g11\C-050d\09-core.json
ok   C:\Users\Angad\Desktop\SummerBIOIN\Project14-T2PW\docs\pwml_recovery_sprint\evidence\g11\C-050d\10-s8.json
ok   C:\Users\Angad\Desktop\SummerBIOIN\Project14-T2PW\docs\pwml_recovery_sprint\evidence\g11\C-050d\11-qb.json
ok   C:\Users\Angad\Desktop\SummerBIOIN\Project14-T2PW\docs\pwml_recovery_sprint\evidence\g11\C-050d\12-run-core.json
ok   C:\Users\Angad\Desktop\SummerBIOIN\Project14-T2PW\docs\pwml_recovery_sprint\evidence\g11\C-050d\13-node00.json
ok   C:\Users\Angad\Desktop\SummerBIOIN\Project14-T2PW\docs\pwml_recovery_sprint\evidence\g11\C-050d\14-node01.json
ok   C:\Users\Angad\Desktop\SummerBIOIN\Project14-T2PW\docs\pwml_recovery_sprint\evidence\g11\C-050d\15-node02.json
ok   C:\Users\Angad\Desktop\SummerBIOIN\Project14-T2PW\docs\pwml_recovery_sprint\evidence\g11\C-050d\16-node03.json
ok   C:\Users\Angad\Desktop\SummerBIOIN\Project14-T2PW\docs\pwml_recovery_sprint\evidence\g11\C-050d\17-node04.json
ok   C:\Users\Angad\Desktop\SummerBIOIN\Project14-T2PW\docs\pwml_recovery_sprint\evidence\g11\C-050d\18-node05.json
ok   C:\Users\Angad\Desktop\SummerBIOIN\Project14-T2PW\docs\pwml_recovery_sprint\evidence\g11\C-050d\19-node06.json
ok   C:\Users\Angad\Desktop\SummerBIOIN\Project14-T2PW\docs\pwml_recovery_sprint\evidence\g11\C-050d\20-node07.json
ok   C:\Users\Angad\Desktop\SummerBIOIN\Project14-T2PW\docs\pwml_recovery_sprint\evidence\g11\C-050d\21-node08.json
ok   C:\Users\Angad\Desktop\SummerBIOIN\Project14-T2PW\docs\pwml_recovery_sprint\evidence\g11\C-050d\22-node09.json
ok   C:\Users\Angad\Desktop\SummerBIOIN\Project14-T2PW\docs\pwml_recovery_sprint\evidence\g11\C-050d\23-node10.json
ok   C:\Users\Angad\Desktop\SummerBIOIN\Project14-T2PW\docs\pwml_recovery_sprint\evidence\g11\C-050d\24-node11.json
ok   C:\Users\Angad\Desktop\SummerBIOIN\Project14-T2PW\docs\pwml_recovery_sprint\evidence\g11\C-050d\25-node12.json
ok   C:\Users\Angad\Desktop\SummerBIOIN\Project14-T2PW\docs\pwml_recovery_sprint\evidence\g11\C-050d\26-node13.json
ok   C:\Users\Angad\Desktop\SummerBIOIN\Project14-T2PW\docs\pwml_recovery_sprint\evidence\g11\C-050d\27-node14.json
ok   C:\Users\Angad\Desktop\SummerBIOIN\Project14-T2PW\docs\pwml_recovery_sprint\evidence\g11\C-050d\28-node15.json
ok   C:\Users\Angad\Desktop\SummerBIOIN\Project14-T2PW\docs\pwml_recovery_sprint\evidence\g11\C-050d\29-node16.json
ok   C:\Users\Angad\Desktop\SummerBIOIN\Project14-T2PW\docs\pwml_recovery_sprint\evidence\g11\C-050d\30-node17.json
ok   C:\Users\Angad\Desktop\SummerBIOIN\Project14-T2PW\docs\pwml_recovery_sprint\evidence\g11\C-050d\31-node18.json
ok   C:\Users\Angad\Desktop\SummerBIOIN\Project14-T2PW\docs\pwml_recovery_sprint\evidence\g11\C-050d\32-node19.json
ok   C:\Users\Angad\Desktop\SummerBIOIN\Project14-T2PW\docs\pwml_recovery_sprint\evidence\g11\C-050d\33-node20.json
ok   C:\Users\Angad\Desktop\SummerBIOIN\Project14-T2PW\docs\pwml_recovery_sprint\evidence\g11\C-050d\34-node21.json
ok   C:\Users\Angad\Desktop\SummerBIOIN\Project14-T2PW\docs\pwml_recovery_sprint\evidence\g11\C-050d\35-node22.json
ok   C:\Users\Angad\Desktop\SummerBIOIN\Project14-T2PW\docs\pwml_recovery_sprint\evidence\g11\C-050d\36-node23.json
ok   C:\Users\Angad\Desktop\SummerBIOIN\Project14-T2PW\docs\pwml_recovery_sprint\evidence\g11\C-050d\37-node24.json
ok   C:\Users\Angad\Desktop\SummerBIOIN\Project14-T2PW\docs\pwml_recovery_sprint\evidence\g11\C-050d\38-node25.json
ok   C:\Users\Angad\Desktop\SummerBIOIN\Project14-T2PW\docs\pwml_recovery_sprint\evidence\g11\C-050d\39-node26.json
ok   C:\Users\Angad\Desktop\SummerBIOIN\Project14-T2PW\docs\pwml_recovery_sprint\evidence\g11\C-050e\01-focused-pre.json
ok   C:\Users\Angad\Desktop\SummerBIOIN\Project14-T2PW\docs\pwml_recovery_sprint\evidence\g11\C-050e\02-g9-offline-provenance.json
ok   C:\Users\Angad\Desktop\SummerBIOIN\Project14-T2PW\docs\pwml_recovery_sprint\evidence\g11\C-050e\03-def3-explore.json
ok   C:\Users\Angad\Desktop\SummerBIOIN\Project14-T2PW\docs\pwml_recovery_sprint\evidence\g11\C-050e\04-focused-post.json
ok   C:\Users\Angad\Desktop\SummerBIOIN\Project14-T2PW\docs\pwml_recovery_sprint\evidence\g11\C-050e\05-neighbourhood.json
ok   C:\Users\Angad\Desktop\SummerBIOIN\Project14-T2PW\docs\pwml_recovery_sprint\evidence\g11\C-050e\06-a9-residual.json
ok   C:\Users\Angad\Desktop\SummerBIOIN\Project14-T2PW\docs\pwml_recovery_sprint\evidence\g11\C-050f\01-g9-match-rule.json
ok   C:\Users\Angad\Desktop\SummerBIOIN\Project14-T2PW\docs\pwml_recovery_sprint\evidence\g11\C-050f\02-g9-match-rule-final.json
ok   C:\Users\Angad\Desktop\SummerBIOIN\Project14-T2PW\docs\pwml_recovery_sprint\evidence\g11\C-050f\03-focused.json
ok   C:\Users\Angad\Desktop\SummerBIOIN\Project14-T2PW\docs\pwml_recovery_sprint\evidence\g11\C-050f\04-neighbourhood.json
ok   C:\Users\Angad\Desktop\SummerBIOIN\Project14-T2PW\docs\pwml_recovery_sprint\evidence\g11\C-050f\05-neighbourhood-fast.json
ok   C:\Users\Angad\Desktop\SummerBIOIN\Project14-T2PW\docs\pwml_recovery_sprint\evidence\g11\C-050f\06-quarantine-tip.json
ok   C:\Users\Angad\Desktop\SummerBIOIN\Project14-T2PW\docs\pwml_recovery_sprint\evidence\g11\C-050f\07-chunkd-core-outer.json
ok   C:\Users\Angad\Desktop\SummerBIOIN\Project14-T2PW\docs\pwml_recovery_sprint\evidence\g11\C-050f\08-core-mono.json
ok   C:\Users\Angad\Desktop\SummerBIOIN\Project14-T2PW\docs\pwml_recovery_sprint\evidence\g11\C-050f\09-core-core.json
ok   C:\Users\Angad\Desktop\SummerBIOIN\Project14-T2PW\docs\pwml_recovery_sprint\evidence\g11\C-050f\10-core-s8.json
ok   C:\Users\Angad\Desktop\SummerBIOIN\Project14-T2PW\docs\pwml_recovery_sprint\evidence\g11\C-050f\11-core-qb.json
ok   C:\Users\Angad\Desktop\SummerBIOIN\Project14-T2PW\docs\pwml_recovery_sprint\evidence\g11\C-050f\12-core-run-core.json
ok   C:\Users\Angad\Desktop\SummerBIOIN\Project14-T2PW\docs\pwml_recovery_sprint\evidence\g11\C-050f\13-chunkd-s8-outer.json
ok   C:\Users\Angad\Desktop\SummerBIOIN\Project14-T2PW\docs\pwml_recovery_sprint\evidence\g11\C-050f\14-s8-mono.json
ok   C:\Users\Angad\Desktop\SummerBIOIN\Project14-T2PW\docs\pwml_recovery_sprint\evidence\g11\C-050f\15-s8-core.json
ok   C:\Users\Angad\Desktop\SummerBIOIN\Project14-T2PW\docs\pwml_recovery_sprint\evidence\g11\C-050f\16-s8-s8.json
ok   C:\Users\Angad\Desktop\SummerBIOIN\Project14-T2PW\docs\pwml_recovery_sprint\evidence\g11\C-050f\17-s8-qb.json
ok   C:\Users\Angad\Desktop\SummerBIOIN\Project14-T2PW\docs\pwml_recovery_sprint\evidence\g11\C-050f\18-s8-node00.json
ok   C:\Users\Angad\Desktop\SummerBIOIN\Project14-T2PW\docs\pwml_recovery_sprint\evidence\g11\C-050f\19-s8-node01.json
ok   C:\Users\Angad\Desktop\SummerBIOIN\Project14-T2PW\docs\pwml_recovery_sprint\evidence\g11\C-050f\20-s8-node02.json
ok   C:\Users\Angad\Desktop\SummerBIOIN\Project14-T2PW\docs\pwml_recovery_sprint\evidence\g11\C-050f\21-s8-node03.json
ok   C:\Users\Angad\Desktop\SummerBIOIN\Project14-T2PW\docs\pwml_recovery_sprint\evidence\g11\C-050f\22-a9-residual.json
ok   C:\Users\Angad\Desktop\SummerBIOIN\Project14-T2PW\docs\pwml_recovery_sprint\evidence\g11\C-050f\23-a9-residual-detail.json
ok   C:\Users\Angad\Desktop\SummerBIOIN\Project14-T2PW\docs\pwml_recovery_sprint\evidence\g11\C-050f\24-collision-census.json
ok   C:\Users\Angad\Desktop\SummerBIOIN\Project14-T2PW\docs\pwml_recovery_sprint\evidence\g11\C-050f\25-r2-g9-match-rule.json
ok   C:\Users\Angad\Desktop\SummerBIOIN\Project14-T2PW\docs\pwml_recovery_sprint\evidence\g11\C-050f\26-r2-focused.json
ok   C:\Users\Angad\Desktop\SummerBIOIN\Project14-T2PW\docs\pwml_recovery_sprint\evidence\g11\C-050f\27-r2-neighbourhood.json
ok   C:\Users\Angad\Desktop\SummerBIOIN\Project14-T2PW\docs\pwml_recovery_sprint\evidence\g11\C-050f\28-r2-chunkd-core-outer.json
ok   C:\Users\Angad\Desktop\SummerBIOIN\Project14-T2PW\docs\pwml_recovery_sprint\evidence\g11\C-050f\29-r2core-mono.json
ok   C:\Users\Angad\Desktop\SummerBIOIN\Project14-T2PW\docs\pwml_recovery_sprint\evidence\g11\C-050f\30-r2core-core.json
ok   C:\Users\Angad\Desktop\SummerBIOIN\Project14-T2PW\docs\pwml_recovery_sprint\evidence\g11\C-050f\31-r2core-s8.json
ok   C:\Users\Angad\Desktop\SummerBIOIN\Project14-T2PW\docs\pwml_recovery_sprint\evidence\g11\C-050f\32-r2core-qb.json
ok   C:\Users\Angad\Desktop\SummerBIOIN\Project14-T2PW\docs\pwml_recovery_sprint\evidence\g11\C-050f\33-r2core-run-core.json
ok   C:\Users\Angad\Desktop\SummerBIOIN\Project14-T2PW\docs\pwml_recovery_sprint\evidence\g11\C-050f\34-r2-chunkd-s8-outer.json
ok   C:\Users\Angad\Desktop\SummerBIOIN\Project14-T2PW\docs\pwml_recovery_sprint\evidence\g11\C-050f\35-r2s8-mono.json
ok   C:\Users\Angad\Desktop\SummerBIOIN\Project14-T2PW\docs\pwml_recovery_sprint\evidence\g11\C-050f\36-r2s8-core.json
ok   C:\Users\Angad\Desktop\SummerBIOIN\Project14-T2PW\docs\pwml_recovery_sprint\evidence\g11\C-050f\37-r2s8-s8.json
ok   C:\Users\Angad\Desktop\SummerBIOIN\Project14-T2PW\docs\pwml_recovery_sprint\evidence\g11\C-050f\38-r2s8-qb.json
ok   C:\Users\Angad\Desktop\SummerBIOIN\Project14-T2PW\docs\pwml_recovery_sprint\evidence\g11\C-050f\39-r2s8-node00.json
ok   C:\Users\Angad\Desktop\SummerBIOIN\Project14-T2PW\docs\pwml_recovery_sprint\evidence\g11\C-050f\40-r2s8-node01.json
ok   C:\Users\Angad\Desktop\SummerBIOIN\Project14-T2PW\docs\pwml_recovery_sprint\evidence\g11\C-050f\41-r2s8-node02.json
ok   C:\Users\Angad\Desktop\SummerBIOIN\Project14-T2PW\docs\pwml_recovery_sprint\evidence\g11\C-050f\42-r2s8-node03.json
ok   C:\Users\Angad\Desktop\SummerBIOIN\Project14-T2PW\docs\pwml_recovery_sprint\evidence\g11\C-050f\43-r2-a9-residual.json
ok   C:\Users\Angad\Desktop\SummerBIOIN\Project14-T2PW\docs\pwml_recovery_sprint\evidence\g11\C-050g\01-baseprobe.json
ok   C:\Users\Angad\Desktop\SummerBIOIN\Project14-T2PW\docs\pwml_recovery_sprint\evidence\g11\C-050g\02-diagstops.json
ok   C:\Users\Angad\Desktop\SummerBIOIN\Project14-T2PW\docs\pwml_recovery_sprint\evidence\g11\C-050g\03-diagstops2.json
ok   C:\Users\Angad\Desktop\SummerBIOIN\Project14-T2PW\docs\pwml_recovery_sprint\evidence\g11\C-050g\04-tipprobe.json
ok   C:\Users\Angad\Desktop\SummerBIOIN\Project14-T2PW\docs\pwml_recovery_sprint\evidence\g11\C-050g\05-diagtip.json
ok   C:\Users\Angad\Desktop\SummerBIOIN\Project14-T2PW\docs\pwml_recovery_sprint\evidence\g11\C-050g\06-focused.json
ok   C:\Users\Angad\Desktop\SummerBIOIN\Project14-T2PW\docs\pwml_recovery_sprint\evidence\g11\C-050g\07-goldendelta.json
ok   C:\Users\Angad\Desktop\SummerBIOIN\Project14-T2PW\docs\pwml_recovery_sprint\evidence\g11\C-050g\08-rebaseline.json
ok   C:\Users\Angad\Desktop\SummerBIOIN\Project14-T2PW\docs\pwml_recovery_sprint\evidence\g11\C-050g\09-focused2.json
ok   C:\Users\Angad\Desktop\SummerBIOIN\Project14-T2PW\docs\pwml_recovery_sprint\evidence\g11\C-050g\10-a5probe.json
ok   C:\Users\Angad\Desktop\SummerBIOIN\Project14-T2PW\docs\pwml_recovery_sprint\evidence\g11\C-050g\11-basepin.json
ok   C:\Users\Angad\Desktop\SummerBIOIN\Project14-T2PW\docs\pwml_recovery_sprint\evidence\g11\C-050g\12-g9base.json
ok   C:\Users\Angad\Desktop\SummerBIOIN\Project14-T2PW\docs\pwml_recovery_sprint\evidence\g11\C-050g\13-smoke.json
ok   C:\Users\Angad\Desktop\SummerBIOIN\Project14-T2PW\docs\pwml_recovery_sprint\evidence\g11\C-050g\14-smoke2.json
ok   C:\Users\Angad\Desktop\SummerBIOIN\Project14-T2PW\docs\pwml_recovery_sprint\evidence\g11\C-050g\15-chunkd.json
ok   C:\Users\Angad\Desktop\SummerBIOIN\Project14-T2PW\docs\pwml_recovery_sprint\evidence\g11\C-050g\16-mono.json
ok   C:\Users\Angad\Desktop\SummerBIOIN\Project14-T2PW\docs\pwml_recovery_sprint\evidence\g11\C-050g\17-core.json
ok   C:\Users\Angad\Desktop\SummerBIOIN\Project14-T2PW\docs\pwml_recovery_sprint\evidence\g11\C-050g\18-s8.json
ok   C:\Users\Angad\Desktop\SummerBIOIN\Project14-T2PW\docs\pwml_recovery_sprint\evidence\g11\C-050g\19-qb.json
ok   C:\Users\Angad\Desktop\SummerBIOIN\Project14-T2PW\docs\pwml_recovery_sprint\evidence\g11\C-050g\20-run-core.json
ok   C:\Users\Angad\Desktop\SummerBIOIN\Project14-T2PW\docs\pwml_recovery_sprint\evidence\g11\C-050g\21-node00.json
ok   C:\Users\Angad\Desktop\SummerBIOIN\Project14-T2PW\docs\pwml_recovery_sprint\evidence\g11\C-050g\22-node01.json
ok   C:\Users\Angad\Desktop\SummerBIOIN\Project14-T2PW\docs\pwml_recovery_sprint\evidence\g11\C-050g\23-node02.json
ok   C:\Users\Angad\Desktop\SummerBIOIN\Project14-T2PW\docs\pwml_recovery_sprint\evidence\g11\C-050g\24-node03.json
ok   C:\Users\Angad\Desktop\SummerBIOIN\Project14-T2PW\docs\pwml_recovery_sprint\evidence\g11\C-050g\25-node04.json
ok   C:\Users\Angad\Desktop\SummerBIOIN\Project14-T2PW\docs\pwml_recovery_sprint\evidence\g11\C-050g\26-node05.json
ok   C:\Users\Angad\Desktop\SummerBIOIN\Project14-T2PW\docs\pwml_recovery_sprint\evidence\g11\C-050g\27-node06.json
ok   C:\Users\Angad\Desktop\SummerBIOIN\Project14-T2PW\docs\pwml_recovery_sprint\evidence\g11\C-050g\28-node07.json
ok   C:\Users\Angad\Desktop\SummerBIOIN\Project14-T2PW\docs\pwml_recovery_sprint\evidence\g11\C-050g\29-node08.json
ok   C:\Users\Angad\Desktop\SummerBIOIN\Project14-T2PW\docs\pwml_recovery_sprint\evidence\g11\C-050g\30-node09.json
ok   C:\Users\Angad\Desktop\SummerBIOIN\Project14-T2PW\docs\pwml_recovery_sprint\evidence\g11\C-050g\31-node10.json
ok   C:\Users\Angad\Desktop\SummerBIOIN\Project14-T2PW\docs\pwml_recovery_sprint\evidence\g11\C-050g\32-node11.json
ok   C:\Users\Angad\Desktop\SummerBIOIN\Project14-T2PW\docs\pwml_recovery_sprint\evidence\g11\C-050g\33-node12.json
ok   C:\Users\Angad\Desktop\SummerBIOIN\Project14-T2PW\docs\pwml_recovery_sprint\evidence\g11\C-050g\34-node13.json
ok   C:\Users\Angad\Desktop\SummerBIOIN\Project14-T2PW\docs\pwml_recovery_sprint\evidence\g11\C-050g\35-node14.json
ok   C:\Users\Angad\Desktop\SummerBIOIN\Project14-T2PW\docs\pwml_recovery_sprint\evidence\g11\C-050g\36-node15.json
ok   C:\Users\Angad\Desktop\SummerBIOIN\Project14-T2PW\docs\pwml_recovery_sprint\evidence\g11\C-050g\37-node16.json
ok   C:\Users\Angad\Desktop\SummerBIOIN\Project14-T2PW\docs\pwml_recovery_sprint\evidence\g11\C-050g\38-node17.json
ok   C:\Users\Angad\Desktop\SummerBIOIN\Project14-T2PW\docs\pwml_recovery_sprint\evidence\g11\C-050g\39-node18.json
ok   C:\Users\Angad\Desktop\SummerBIOIN\Project14-T2PW\docs\pwml_recovery_sprint\evidence\g11\C-050g\40-node19.json
ok   C:\Users\Angad\Desktop\SummerBIOIN\Project14-T2PW\docs\pwml_recovery_sprint\evidence\g11\C-050g\41-node20.json
ok   C:\Users\Angad\Desktop\SummerBIOIN\Project14-T2PW\docs\pwml_recovery_sprint\evidence\g11\C-050g\42-node21.json
ok   C:\Users\Angad\Desktop\SummerBIOIN\Project14-T2PW\docs\pwml_recovery_sprint\evidence\g11\C-050g\43-node22.json
ok   C:\Users\Angad\Desktop\SummerBIOIN\Project14-T2PW\docs\pwml_recovery_sprint\evidence\g11\C-050g\44-node23.json
ok   C:\Users\Angad\Desktop\SummerBIOIN\Project14-T2PW\docs\pwml_recovery_sprint\evidence\g11\C-050g\45-node24.json
ok   C:\Users\Angad\Desktop\SummerBIOIN\Project14-T2PW\docs\pwml_recovery_sprint\evidence\g11\C-050g\46-node25.json
ok   C:\Users\Angad\Desktop\SummerBIOIN\Project14-T2PW\docs\pwml_recovery_sprint\evidence\g11\C-050g\47-node26.json
ok   C:\Users\Angad\Desktop\SummerBIOIN\Project14-T2PW\docs\pwml_recovery_sprint\evidence\g11\C-050g\48-importpin.json
ok   C:\Users\Angad\Desktop\SummerBIOIN\Project14-T2PW\docs\pwml_recovery_sprint\evidence\g11\C-050g\49-a5final.json
ok   C:\Users\Angad\Desktop\SummerBIOIN\Project14-T2PW\docs\pwml_recovery_sprint\evidence\g11\C-050h\01-golden-probe.json
ok   C:\Users\Angad\Desktop\SummerBIOIN\Project14-T2PW\docs\pwml_recovery_sprint\evidence\g11\C-050h\02-golden-stops.json
ok   C:\Users\Angad\Desktop\SummerBIOIN\Project14-T2PW\docs\pwml_recovery_sprint\evidence\g11\C-050h\03-focused.json
ok   C:\Users\Angad\Desktop\SummerBIOIN\Project14-T2PW\docs\pwml_recovery_sprint\evidence\g11\C-050h\04-focused2.json
ok   C:\Users\Angad\Desktop\SummerBIOIN\Project14-T2PW\docs\pwml_recovery_sprint\evidence\g11\C-050h\05-base-g9.json
ok   C:\Users\Angad\Desktop\SummerBIOIN\Project14-T2PW\docs\pwml_recovery_sprint\evidence\g11\C-050h\06-seam.json
ok   C:\Users\Angad\Desktop\SummerBIOIN\Project14-T2PW\docs\pwml_recovery_sprint\evidence\g11\C-050h\07-focused3.json
ok   C:\Users\Angad\Desktop\SummerBIOIN\Project14-T2PW\docs\pwml_recovery_sprint\evidence\g11\C-050h\08-base-g9-final.json
ok   C:\Users\Angad\Desktop\SummerBIOIN\Project14-T2PW\docs\pwml_recovery_sprint\evidence\g11\C-050h\09-chunkd-core.json
ok   C:\Users\Angad\Desktop\SummerBIOIN\Project14-T2PW\docs\pwml_recovery_sprint\evidence\g11\C-050h\10-mono.json
ok   C:\Users\Angad\Desktop\SummerBIOIN\Project14-T2PW\docs\pwml_recovery_sprint\evidence\g11\C-050h\11-core.json
ok   C:\Users\Angad\Desktop\SummerBIOIN\Project14-T2PW\docs\pwml_recovery_sprint\evidence\g11\C-050h\12-s8.json
ok   C:\Users\Angad\Desktop\SummerBIOIN\Project14-T2PW\docs\pwml_recovery_sprint\evidence\g11\C-050h\13-qb.json
ok   C:\Users\Angad\Desktop\SummerBIOIN\Project14-T2PW\docs\pwml_recovery_sprint\evidence\g11\C-050h\14-run-core.json
ok   C:\Users\Angad\Desktop\SummerBIOIN\Project14-T2PW\docs\pwml_recovery_sprint\evidence\g11\C-050h\15-chunkd-s8.json
ok   C:\Users\Angad\Desktop\SummerBIOIN\Project14-T2PW\docs\pwml_recovery_sprint\evidence\g11\C-050h\16-mono.json
ok   C:\Users\Angad\Desktop\SummerBIOIN\Project14-T2PW\docs\pwml_recovery_sprint\evidence\g11\C-050h\17-core.json
ok   C:\Users\Angad\Desktop\SummerBIOIN\Project14-T2PW\docs\pwml_recovery_sprint\evidence\g11\C-050h\18-s8.json
ok   C:\Users\Angad\Desktop\SummerBIOIN\Project14-T2PW\docs\pwml_recovery_sprint\evidence\g11\C-050h\19-qb.json
ok   C:\Users\Angad\Desktop\SummerBIOIN\Project14-T2PW\docs\pwml_recovery_sprint\evidence\g11\C-050h\20-node00.json
ok   C:\Users\Angad\Desktop\SummerBIOIN\Project14-T2PW\docs\pwml_recovery_sprint\evidence\g11\C-050h\21-node01.json
ok   C:\Users\Angad\Desktop\SummerBIOIN\Project14-T2PW\docs\pwml_recovery_sprint\evidence\g11\C-050h\22-node02.json
ok   C:\Users\Angad\Desktop\SummerBIOIN\Project14-T2PW\docs\pwml_recovery_sprint\evidence\g11\C-050h\23-node03.json
ok   C:\Users\Angad\Desktop\SummerBIOIN\Project14-T2PW\docs\pwml_recovery_sprint\evidence\g11\C-050h\24-smoke.json
ok   C:\Users\Angad\Desktop\SummerBIOIN\Project14-T2PW\docs\pwml_recovery_sprint\evidence\g11\C-050h\25-focused-final.json
ok   C:\Users\Angad\Desktop\SummerBIOIN\Project14-T2PW\docs\pwml_recovery_sprint\evidence\g11\C-050h\26-base-g9-tip.json
ok   C:\Users\Angad\Desktop\SummerBIOIN\Project14-T2PW\docs\pwml_recovery_sprint\evidence\g11\C-050h\27-chunkd-core-final.json
ok   C:\Users\Angad\Desktop\SummerBIOIN\Project14-T2PW\docs\pwml_recovery_sprint\evidence\g11\C-050h\28-mono.json
ok   C:\Users\Angad\Desktop\SummerBIOIN\Project14-T2PW\docs\pwml_recovery_sprint\evidence\g11\C-050h\29-core.json
ok   C:\Users\Angad\Desktop\SummerBIOIN\Project14-T2PW\docs\pwml_recovery_sprint\evidence\g11\C-050h\30-s8.json
ok   C:\Users\Angad\Desktop\SummerBIOIN\Project14-T2PW\docs\pwml_recovery_sprint\evidence\g11\C-050h\31-qb.json
ok   C:\Users\Angad\Desktop\SummerBIOIN\Project14-T2PW\docs\pwml_recovery_sprint\evidence\g11\C-050h\32-run-core.json
ok   C:\Users\Angad\Desktop\SummerBIOIN\Project14-T2PW\docs\pwml_recovery_sprint\evidence\g11\C-050h\33-smoke-final.json
ok   C:\Users\Angad\Desktop\SummerBIOIN\Project14-T2PW\docs\pwml_recovery_sprint\evidence\g11\C-050h\34-base-wholefile.json
ok   C:\Users\Angad\Desktop\SummerBIOIN\Project14-T2PW\docs\pwml_recovery_sprint\evidence\g11\C-050h\35-focused-r1.json
ok   C:\Users\Angad\Desktop\SummerBIOIN\Project14-T2PW\docs\pwml_recovery_sprint\evidence\g11\C-050h\36-smoke-r1.json
ok   C:\Users\Angad\Desktop\SummerBIOIN\Project14-T2PW\docs\pwml_recovery_sprint\evidence\g11\C-050h\37-dcore-sel-r1.json
ok   C:\Users\Angad\Desktop\SummerBIOIN\Project14-T2PW\docs\pwml_recovery_sprint\evidence\g11\C-050i\01-probe-collision-census.json
ok   C:\Users\Angad\Desktop\SummerBIOIN\Project14-T2PW\docs\pwml_recovery_sprint\evidence\g11\C-050i\02-g9-base.json
ok   C:\Users\Angad\Desktop\SummerBIOIN\Project14-T2PW\docs\pwml_recovery_sprint\evidence\g11\C-050i\03-g9-tip.json
ok   C:\Users\Angad\Desktop\SummerBIOIN\Project14-T2PW\docs\pwml_recovery_sprint\evidence\g11\C-050i\04-focused-new-acceptance.json
ok   C:\Users\Angad\Desktop\SummerBIOIN\Project14-T2PW\docs\pwml_recovery_sprint\evidence\g11\C-050i\05-focused-new-acceptance.json
ok   C:\Users\Angad\Desktop\SummerBIOIN\Project14-T2PW\docs\pwml_recovery_sprint\evidence\g11\C-050i\06-g9-base-pinned.json
ok   C:\Users\Angad\Desktop\SummerBIOIN\Project14-T2PW\docs\pwml_recovery_sprint\evidence\g11\C-050i\07-g9-tip-pinned.json
ok   C:\Users\Angad\Desktop\SummerBIOIN\Project14-T2PW\docs\pwml_recovery_sprint\evidence\g11\C-050i\08-residual-live.json
ok   C:\Users\Angad\Desktop\SummerBIOIN\Project14-T2PW\docs\pwml_recovery_sprint\evidence\g11\C-050i\09-residual-live.json
ok   C:\Users\Angad\Desktop\SummerBIOIN\Project14-T2PW\docs\pwml_recovery_sprint\evidence\g11\C-050i\10-focused-affected.json
ok   C:\Users\Angad\Desktop\SummerBIOIN\Project14-T2PW\docs\pwml_recovery_sprint\evidence\g11\C-050i\100-c2-chunkd-node07.json
ok   C:\Users\Angad\Desktop\SummerBIOIN\Project14-T2PW\docs\pwml_recovery_sprint\evidence\g11\C-050i\101-c2-chunkd-node08.json
ok   C:\Users\Angad\Desktop\SummerBIOIN\Project14-T2PW\docs\pwml_recovery_sprint\evidence\g11\C-050i\102-c2-chunkd-node09.json
ok   C:\Users\Angad\Desktop\SummerBIOIN\Project14-T2PW\docs\pwml_recovery_sprint\evidence\g11\C-050i\103-c2-chunkd-node10.json
ok   C:\Users\Angad\Desktop\SummerBIOIN\Project14-T2PW\docs\pwml_recovery_sprint\evidence\g11\C-050i\104-c2-chunkd-node11.json
ok   C:\Users\Angad\Desktop\SummerBIOIN\Project14-T2PW\docs\pwml_recovery_sprint\evidence\g11\C-050i\105-c2-chunkd-node12.json
ok   C:\Users\Angad\Desktop\SummerBIOIN\Project14-T2PW\docs\pwml_recovery_sprint\evidence\g11\C-050i\106-c2-chunkd-node13.json
ok   C:\Users\Angad\Desktop\SummerBIOIN\Project14-T2PW\docs\pwml_recovery_sprint\evidence\g11\C-050i\107-c2-chunkd-node14.json
ok   C:\Users\Angad\Desktop\SummerBIOIN\Project14-T2PW\docs\pwml_recovery_sprint\evidence\g11\C-050i\108-c2-chunkd-node15.json
ok   C:\Users\Angad\Desktop\SummerBIOIN\Project14-T2PW\docs\pwml_recovery_sprint\evidence\g11\C-050i\109-c2-chunkd-node16.json
ok   C:\Users\Angad\Desktop\SummerBIOIN\Project14-T2PW\docs\pwml_recovery_sprint\evidence\g11\C-050i\11-focused-final.json
ok   C:\Users\Angad\Desktop\SummerBIOIN\Project14-T2PW\docs\pwml_recovery_sprint\evidence\g11\C-050i\110-c2-chunkd-node17.json
ok   C:\Users\Angad\Desktop\SummerBIOIN\Project14-T2PW\docs\pwml_recovery_sprint\evidence\g11\C-050i\111-c2-chunkd-node18.json
ok   C:\Users\Angad\Desktop\SummerBIOIN\Project14-T2PW\docs\pwml_recovery_sprint\evidence\g11\C-050i\112-c2-chunkd-node19.json
ok   C:\Users\Angad\Desktop\SummerBIOIN\Project14-T2PW\docs\pwml_recovery_sprint\evidence\g11\C-050i\113-c2-chunkd-node20.json
ok   C:\Users\Angad\Desktop\SummerBIOIN\Project14-T2PW\docs\pwml_recovery_sprint\evidence\g11\C-050i\114-c2-chunkd-node21.json
ok   C:\Users\Angad\Desktop\SummerBIOIN\Project14-T2PW\docs\pwml_recovery_sprint\evidence\g11\C-050i\115-c2-chunkd-node22.json
ok   C:\Users\Angad\Desktop\SummerBIOIN\Project14-T2PW\docs\pwml_recovery_sprint\evidence\g11\C-050i\116-c2-chunkd-node23.json
ok   C:\Users\Angad\Desktop\SummerBIOIN\Project14-T2PW\docs\pwml_recovery_sprint\evidence\g11\C-050i\117-c2-chunkd-node24.json
ok   C:\Users\Angad\Desktop\SummerBIOIN\Project14-T2PW\docs\pwml_recovery_sprint\evidence\g11\C-050i\118-c2-chunkd-node25.json
ok   C:\Users\Angad\Desktop\SummerBIOIN\Project14-T2PW\docs\pwml_recovery_sprint\evidence\g11\C-050i\119-c2-chunkd-node26.json
ok   C:\Users\Angad\Desktop\SummerBIOIN\Project14-T2PW\docs\pwml_recovery_sprint\evidence\g11\C-050i\12-chunkd-mono.json
ok   C:\Users\Angad\Desktop\SummerBIOIN\Project14-T2PW\docs\pwml_recovery_sprint\evidence\g11\C-050i\120-c2-smoke.json
ok   C:\Users\Angad\Desktop\SummerBIOIN\Project14-T2PW\docs\pwml_recovery_sprint\evidence\g11\C-050i\13-chunkd-core.json
ok   C:\Users\Angad\Desktop\SummerBIOIN\Project14-T2PW\docs\pwml_recovery_sprint\evidence\g11\C-050i\14-chunkd-s8.json
ok   C:\Users\Angad\Desktop\SummerBIOIN\Project14-T2PW\docs\pwml_recovery_sprint\evidence\g11\C-050i\15-chunkd-qb.json
ok   C:\Users\Angad\Desktop\SummerBIOIN\Project14-T2PW\docs\pwml_recovery_sprint\evidence\g11\C-050i\16-chunkd-run-core.json
ok   C:\Users\Angad\Desktop\SummerBIOIN\Project14-T2PW\docs\pwml_recovery_sprint\evidence\g11\C-050i\17-chunkd-node00.json
ok   C:\Users\Angad\Desktop\SummerBIOIN\Project14-T2PW\docs\pwml_recovery_sprint\evidence\g11\C-050i\18-chunkd-node01.json
ok   C:\Users\Angad\Desktop\SummerBIOIN\Project14-T2PW\docs\pwml_recovery_sprint\evidence\g11\C-050i\19-chunkd-node02.json
ok   C:\Users\Angad\Desktop\SummerBIOIN\Project14-T2PW\docs\pwml_recovery_sprint\evidence\g11\C-050i\20-chunkd-node03.json
ok   C:\Users\Angad\Desktop\SummerBIOIN\Project14-T2PW\docs\pwml_recovery_sprint\evidence\g11\C-050i\21-chunkd-node04.json
ok   C:\Users\Angad\Desktop\SummerBIOIN\Project14-T2PW\docs\pwml_recovery_sprint\evidence\g11\C-050i\22-chunkd-node05.json
ok   C:\Users\Angad\Desktop\SummerBIOIN\Project14-T2PW\docs\pwml_recovery_sprint\evidence\g11\C-050i\23-chunkd-node06.json
ok   C:\Users\Angad\Desktop\SummerBIOIN\Project14-T2PW\docs\pwml_recovery_sprint\evidence\g11\C-050i\24-chunkd-node07.json
ok   C:\Users\Angad\Desktop\SummerBIOIN\Project14-T2PW\docs\pwml_recovery_sprint\evidence\g11\C-050i\25-chunkd-node08.json
ok   C:\Users\Angad\Desktop\SummerBIOIN\Project14-T2PW\docs\pwml_recovery_sprint\evidence\g11\C-050i\26-chunkd-node09.json
ok   C:\Users\Angad\Desktop\SummerBIOIN\Project14-T2PW\docs\pwml_recovery_sprint\evidence\g11\C-050i\27-chunkd-node10.json
ok   C:\Users\Angad\Desktop\SummerBIOIN\Project14-T2PW\docs\pwml_recovery_sprint\evidence\g11\C-050i\28-chunkd-node11.json
ok   C:\Users\Angad\Desktop\SummerBIOIN\Project14-T2PW\docs\pwml_recovery_sprint\evidence\g11\C-050i\29-chunkd-node12.json
ok   C:\Users\Angad\Desktop\SummerBIOIN\Project14-T2PW\docs\pwml_recovery_sprint\evidence\g11\C-050i\30-chunkd-node13.json
ok   C:\Users\Angad\Desktop\SummerBIOIN\Project14-T2PW\docs\pwml_recovery_sprint\evidence\g11\C-050i\31-chunkd-node14.json
ok   C:\Users\Angad\Desktop\SummerBIOIN\Project14-T2PW\docs\pwml_recovery_sprint\evidence\g11\C-050i\32-chunkd-node15.json
ok   C:\Users\Angad\Desktop\SummerBIOIN\Project14-T2PW\docs\pwml_recovery_sprint\evidence\g11\C-050i\33-chunkd-node16.json
ok   C:\Users\Angad\Desktop\SummerBIOIN\Project14-T2PW\docs\pwml_recovery_sprint\evidence\g11\C-050i\34-chunkd-node17.json
ok   C:\Users\Angad\Desktop\SummerBIOIN\Project14-T2PW\docs\pwml_recovery_sprint\evidence\g11\C-050i\35-chunkd-node18.json
ok   C:\Users\Angad\Desktop\SummerBIOIN\Project14-T2PW\docs\pwml_recovery_sprint\evidence\g11\C-050i\36-chunkd-node19.json
ok   C:\Users\Angad\Desktop\SummerBIOIN\Project14-T2PW\docs\pwml_recovery_sprint\evidence\g11\C-050i\37-chunkd-node20.json
ok   C:\Users\Angad\Desktop\SummerBIOIN\Project14-T2PW\docs\pwml_recovery_sprint\evidence\g11\C-050i\38-chunkd-node21.json
ok   C:\Users\Angad\Desktop\SummerBIOIN\Project14-T2PW\docs\pwml_recovery_sprint\evidence\g11\C-050i\39-chunkd-node22.json
ok   C:\Users\Angad\Desktop\SummerBIOIN\Project14-T2PW\docs\pwml_recovery_sprint\evidence\g11\C-050i\40-chunkd-node23.json
ok   C:\Users\Angad\Desktop\SummerBIOIN\Project14-T2PW\docs\pwml_recovery_sprint\evidence\g11\C-050i\41-chunkd-node24.json
ok   C:\Users\Angad\Desktop\SummerBIOIN\Project14-T2PW\docs\pwml_recovery_sprint\evidence\g11\C-050i\42-chunkd-node25.json
ok   C:\Users\Angad\Desktop\SummerBIOIN\Project14-T2PW\docs\pwml_recovery_sprint\evidence\g11\C-050i\43-chunkd-node26.json
ok   C:\Users\Angad\Desktop\SummerBIOIN\Project14-T2PW\docs\pwml_recovery_sprint\evidence\g11\C-050i\44-smoke.json
ok   C:\Users\Angad\Desktop\SummerBIOIN\Project14-T2PW\docs\pwml_recovery_sprint\evidence\g11\C-050i\45-smoke.json
ok   C:\Users\Angad\Desktop\SummerBIOIN\Project14-T2PW\docs\pwml_recovery_sprint\evidence\g11\C-050i\46-golden-delta-capture.json
ok   C:\Users\Angad\Desktop\SummerBIOIN\Project14-T2PW\docs\pwml_recovery_sprint\evidence\g11\C-050i\47-c1-focused.json
ok   C:\Users\Angad\Desktop\SummerBIOIN\Project14-T2PW\docs\pwml_recovery_sprint\evidence\g11\C-050i\48-c1-affected.json
ok   C:\Users\Angad\Desktop\SummerBIOIN\Project14-T2PW\docs\pwml_recovery_sprint\evidence\g11\C-050i\49-c1-focused.json
ok   C:\Users\Angad\Desktop\SummerBIOIN\Project14-T2PW\docs\pwml_recovery_sprint\evidence\g11\C-050i\50-c1-chunkd-mono.json
ok   C:\Users\Angad\Desktop\SummerBIOIN\Project14-T2PW\docs\pwml_recovery_sprint\evidence\g11\C-050i\51-c1-chunkd-core.json
ok   C:\Users\Angad\Desktop\SummerBIOIN\Project14-T2PW\docs\pwml_recovery_sprint\evidence\g11\C-050i\52-c1-chunkd-s8.json
ok   C:\Users\Angad\Desktop\SummerBIOIN\Project14-T2PW\docs\pwml_recovery_sprint\evidence\g11\C-050i\53-c1-chunkd-qb.json
ok   C:\Users\Angad\Desktop\SummerBIOIN\Project14-T2PW\docs\pwml_recovery_sprint\evidence\g11\C-050i\54-c1-chunkd-run-core.json
ok   C:\Users\Angad\Desktop\SummerBIOIN\Project14-T2PW\docs\pwml_recovery_sprint\evidence\g11\C-050i\55-c1-chunkd-node00.json
ok   C:\Users\Angad\Desktop\SummerBIOIN\Project14-T2PW\docs\pwml_recovery_sprint\evidence\g11\C-050i\56-c1-chunkd-node01.json
ok   C:\Users\Angad\Desktop\SummerBIOIN\Project14-T2PW\docs\pwml_recovery_sprint\evidence\g11\C-050i\57-c1-chunkd-node02.json
ok   C:\Users\Angad\Desktop\SummerBIOIN\Project14-T2PW\docs\pwml_recovery_sprint\evidence\g11\C-050i\58-c1-chunkd-node03.json
ok   C:\Users\Angad\Desktop\SummerBIOIN\Project14-T2PW\docs\pwml_recovery_sprint\evidence\g11\C-050i\59-c1-chunkd-node04.json
ok   C:\Users\Angad\Desktop\SummerBIOIN\Project14-T2PW\docs\pwml_recovery_sprint\evidence\g11\C-050i\60-c1-chunkd-node05.json
ok   C:\Users\Angad\Desktop\SummerBIOIN\Project14-T2PW\docs\pwml_recovery_sprint\evidence\g11\C-050i\61-c1-chunkd-node06.json
ok   C:\Users\Angad\Desktop\SummerBIOIN\Project14-T2PW\docs\pwml_recovery_sprint\evidence\g11\C-050i\62-c1-chunkd-node07.json
ok   C:\Users\Angad\Desktop\SummerBIOIN\Project14-T2PW\docs\pwml_recovery_sprint\evidence\g11\C-050i\63-c1-chunkd-node08.json
ok   C:\Users\Angad\Desktop\SummerBIOIN\Project14-T2PW\docs\pwml_recovery_sprint\evidence\g11\C-050i\64-c1-chunkd-node09.json
ok   C:\Users\Angad\Desktop\SummerBIOIN\Project14-T2PW\docs\pwml_recovery_sprint\evidence\g11\C-050i\65-c1-chunkd-node10.json
ok   C:\Users\Angad\Desktop\SummerBIOIN\Project14-T2PW\docs\pwml_recovery_sprint\evidence\g11\C-050i\66-c1-chunkd-node11.json
ok   C:\Users\Angad\Desktop\SummerBIOIN\Project14-T2PW\docs\pwml_recovery_sprint\evidence\g11\C-050i\67-c1-chunkd-node12.json
ok   C:\Users\Angad\Desktop\SummerBIOIN\Project14-T2PW\docs\pwml_recovery_sprint\evidence\g11\C-050i\68-c1-chunkd-node13.json
ok   C:\Users\Angad\Desktop\SummerBIOIN\Project14-T2PW\docs\pwml_recovery_sprint\evidence\g11\C-050i\69-c1-chunkd-node14.json
ok   C:\Users\Angad\Desktop\SummerBIOIN\Project14-T2PW\docs\pwml_recovery_sprint\evidence\g11\C-050i\70-c1-chunkd-node15.json
ok   C:\Users\Angad\Desktop\SummerBIOIN\Project14-T2PW\docs\pwml_recovery_sprint\evidence\g11\C-050i\71-c1-chunkd-node16.json
ok   C:\Users\Angad\Desktop\SummerBIOIN\Project14-T2PW\docs\pwml_recovery_sprint\evidence\g11\C-050i\72-c1-chunkd-node17.json
ok   C:\Users\Angad\Desktop\SummerBIOIN\Project14-T2PW\docs\pwml_recovery_sprint\evidence\g11\C-050i\73-c1-chunkd-node18.json
ok   C:\Users\Angad\Desktop\SummerBIOIN\Project14-T2PW\docs\pwml_recovery_sprint\evidence\g11\C-050i\74-c1-chunkd-node19.json
ok   C:\Users\Angad\Desktop\SummerBIOIN\Project14-T2PW\docs\pwml_recovery_sprint\evidence\g11\C-050i\75-c1-chunkd-node20.json
ok   C:\Users\Angad\Desktop\SummerBIOIN\Project14-T2PW\docs\pwml_recovery_sprint\evidence\g11\C-050i\76-c1-chunkd-node21.json
ok   C:\Users\Angad\Desktop\SummerBIOIN\Project14-T2PW\docs\pwml_recovery_sprint\evidence\g11\C-050i\77-c1-chunkd-node22.json
ok   C:\Users\Angad\Desktop\SummerBIOIN\Project14-T2PW\docs\pwml_recovery_sprint\evidence\g11\C-050i\78-c1-chunkd-node23.json
ok   C:\Users\Angad\Desktop\SummerBIOIN\Project14-T2PW\docs\pwml_recovery_sprint\evidence\g11\C-050i\79-c1-chunkd-node24.json
ok   C:\Users\Angad\Desktop\SummerBIOIN\Project14-T2PW\docs\pwml_recovery_sprint\evidence\g11\C-050i\80-c1-chunkd-node25.json
ok   C:\Users\Angad\Desktop\SummerBIOIN\Project14-T2PW\docs\pwml_recovery_sprint\evidence\g11\C-050i\81-c1-chunkd-node26.json
ok   C:\Users\Angad\Desktop\SummerBIOIN\Project14-T2PW\docs\pwml_recovery_sprint\evidence\g11\C-050i\82-c1-smoke.json
ok   C:\Users\Angad\Desktop\SummerBIOIN\Project14-T2PW\docs\pwml_recovery_sprint\evidence\g11\C-050i\83-c1-g9-tip.json
ok   C:\Users\Angad\Desktop\SummerBIOIN\Project14-T2PW\docs\pwml_recovery_sprint\evidence\g11\C-050i\84-c2-seam-before.json
ok   C:\Users\Angad\Desktop\SummerBIOIN\Project14-T2PW\docs\pwml_recovery_sprint\evidence\g11\C-050i\85-c2-seam-after.json
ok   C:\Users\Angad\Desktop\SummerBIOIN\Project14-T2PW\docs\pwml_recovery_sprint\evidence\g11\C-050i\86-c2-focused.json
ok   C:\Users\Angad\Desktop\SummerBIOIN\Project14-T2PW\docs\pwml_recovery_sprint\evidence\g11\C-050i\87-c2-affected.json
ok   C:\Users\Angad\Desktop\SummerBIOIN\Project14-T2PW\docs\pwml_recovery_sprint\evidence\g11\C-050i\88-c2-chunkd-mono.json
ok   C:\Users\Angad\Desktop\SummerBIOIN\Project14-T2PW\docs\pwml_recovery_sprint\evidence\g11\C-050i\89-c2-chunkd-core.json
ok   C:\Users\Angad\Desktop\SummerBIOIN\Project14-T2PW\docs\pwml_recovery_sprint\evidence\g11\C-050i\90-c2-chunkd-s8.json
ok   C:\Users\Angad\Desktop\SummerBIOIN\Project14-T2PW\docs\pwml_recovery_sprint\evidence\g11\C-050i\91-c2-chunkd-qb.json
ok   C:\Users\Angad\Desktop\SummerBIOIN\Project14-T2PW\docs\pwml_recovery_sprint\evidence\g11\C-050i\92-c2-chunkd-run-core.json
ok   C:\Users\Angad\Desktop\SummerBIOIN\Project14-T2PW\docs\pwml_recovery_sprint\evidence\g11\C-050i\93-c2-chunkd-node00.json
ok   C:\Users\Angad\Desktop\SummerBIOIN\Project14-T2PW\docs\pwml_recovery_sprint\evidence\g11\C-050i\94-c2-chunkd-node01.json
ok   C:\Users\Angad\Desktop\SummerBIOIN\Project14-T2PW\docs\pwml_recovery_sprint\evidence\g11\C-050i\95-c2-chunkd-node02.json
ok   C:\Users\Angad\Desktop\SummerBIOIN\Project14-T2PW\docs\pwml_recovery_sprint\evidence\g11\C-050i\96-c2-chunkd-node03.json
ok   C:\Users\Angad\Desktop\SummerBIOIN\Project14-T2PW\docs\pwml_recovery_sprint\evidence\g11\C-050i\97-c2-chunkd-node04.json
ok   C:\Users\Angad\Desktop\SummerBIOIN\Project14-T2PW\docs\pwml_recovery_sprint\evidence\g11\C-050i\98-c2-chunkd-node05.json
ok   C:\Users\Angad\Desktop\SummerBIOIN\Project14-T2PW\docs\pwml_recovery_sprint\evidence\g11\C-050i\99-c2-chunkd-node06.json
ok   C:\Users\Angad\Desktop\SummerBIOIN\Project14-T2PW\docs\pwml_recovery_sprint\evidence\g11\C-050j\01-census-control.json
ok   C:\Users\Angad\Desktop\SummerBIOIN\Project14-T2PW\docs\pwml_recovery_sprint\evidence\g11\C-050j\02-census.json
ok   C:\Users\Angad\Desktop\SummerBIOIN\Project14-T2PW\docs\pwml_recovery_sprint\evidence\g11\C-050j\03-arm10-first.json
ok   C:\Users\Angad\Desktop\SummerBIOIN\Project14-T2PW\docs\pwml_recovery_sprint\evidence\g11\C-050j\04-arm10-second.json
ok   C:\Users\Angad\Desktop\SummerBIOIN\Project14-T2PW\docs\pwml_recovery_sprint\evidence\g11\C-050j\05-focused-tip.json
ok   C:\Users\Angad\Desktop\SummerBIOIN\Project14-T2PW\docs\pwml_recovery_sprint\evidence\g11\C-050j\06-focused-base.json
ok   C:\Users\Angad\Desktop\SummerBIOIN\Project14-T2PW\docs\pwml_recovery_sprint\evidence\g11\C-050j\07-chunkd-outer.json
ok   C:\Users\Angad\Desktop\SummerBIOIN\Project14-T2PW\docs\pwml_recovery_sprint\evidence\g11\C-050j\08-mono.json
ok   C:\Users\Angad\Desktop\SummerBIOIN\Project14-T2PW\docs\pwml_recovery_sprint\evidence\g11\C-050j\09-core.json
ok   C:\Users\Angad\Desktop\SummerBIOIN\Project14-T2PW\docs\pwml_recovery_sprint\evidence\g11\C-050j\10-s8.json
ok   C:\Users\Angad\Desktop\SummerBIOIN\Project14-T2PW\docs\pwml_recovery_sprint\evidence\g11\C-050j\11-qb.json
ok   C:\Users\Angad\Desktop\SummerBIOIN\Project14-T2PW\docs\pwml_recovery_sprint\evidence\g11\C-050j\12-run-core.json
ok   C:\Users\Angad\Desktop\SummerBIOIN\Project14-T2PW\docs\pwml_recovery_sprint\evidence\g11\C-050j\13-node00.json
ok   C:\Users\Angad\Desktop\SummerBIOIN\Project14-T2PW\docs\pwml_recovery_sprint\evidence\g11\C-050j\14-node01.json
ok   C:\Users\Angad\Desktop\SummerBIOIN\Project14-T2PW\docs\pwml_recovery_sprint\evidence\g11\C-050j\15-node02.json
ok   C:\Users\Angad\Desktop\SummerBIOIN\Project14-T2PW\docs\pwml_recovery_sprint\evidence\g11\C-050j\16-node03.json
ok   C:\Users\Angad\Desktop\SummerBIOIN\Project14-T2PW\docs\pwml_recovery_sprint\evidence\g11\C-050j\17-node04.json
ok   C:\Users\Angad\Desktop\SummerBIOIN\Project14-T2PW\docs\pwml_recovery_sprint\evidence\g11\C-050j\18-node05.json
ok   C:\Users\Angad\Desktop\SummerBIOIN\Project14-T2PW\docs\pwml_recovery_sprint\evidence\g11\C-050j\19-node06.json
ok   C:\Users\Angad\Desktop\SummerBIOIN\Project14-T2PW\docs\pwml_recovery_sprint\evidence\g11\C-050j\20-node07.json
ok   C:\Users\Angad\Desktop\SummerBIOIN\Project14-T2PW\docs\pwml_recovery_sprint\evidence\g11\C-050j\21-node08.json
ok   C:\Users\Angad\Desktop\SummerBIOIN\Project14-T2PW\docs\pwml_recovery_sprint\evidence\g11\C-050j\22-node09.json
ok   C:\Users\Angad\Desktop\SummerBIOIN\Project14-T2PW\docs\pwml_recovery_sprint\evidence\g11\C-050j\23-node10.json
ok   C:\Users\Angad\Desktop\SummerBIOIN\Project14-T2PW\docs\pwml_recovery_sprint\evidence\g11\C-050j\24-node11.json
ok   C:\Users\Angad\Desktop\SummerBIOIN\Project14-T2PW\docs\pwml_recovery_sprint\evidence\g11\C-050j\25-node12.json
ok   C:\Users\Angad\Desktop\SummerBIOIN\Project14-T2PW\docs\pwml_recovery_sprint\evidence\g11\C-050j\26-node13.json
ok   C:\Users\Angad\Desktop\SummerBIOIN\Project14-T2PW\docs\pwml_recovery_sprint\evidence\g11\C-050j\27-node14.json
ok   C:\Users\Angad\Desktop\SummerBIOIN\Project14-T2PW\docs\pwml_recovery_sprint\evidence\g11\C-050j\28-node15.json
ok   C:\Users\Angad\Desktop\SummerBIOIN\Project14-T2PW\docs\pwml_recovery_sprint\evidence\g11\C-050j\29-node16.json
ok   C:\Users\Angad\Desktop\SummerBIOIN\Project14-T2PW\docs\pwml_recovery_sprint\evidence\g11\C-050j\30-node17.json
ok   C:\Users\Angad\Desktop\SummerBIOIN\Project14-T2PW\docs\pwml_recovery_sprint\evidence\g11\C-050j\31-node18.json
ok   C:\Users\Angad\Desktop\SummerBIOIN\Project14-T2PW\docs\pwml_recovery_sprint\evidence\g11\C-050j\32-node19.json
ok   C:\Users\Angad\Desktop\SummerBIOIN\Project14-T2PW\docs\pwml_recovery_sprint\evidence\g11\C-050j\33-node20.json
ok   C:\Users\Angad\Desktop\SummerBIOIN\Project14-T2PW\docs\pwml_recovery_sprint\evidence\g11\C-050j\34-node21.json
ok   C:\Users\Angad\Desktop\SummerBIOIN\Project14-T2PW\docs\pwml_recovery_sprint\evidence\g11\C-050j\35-node22.json
ok   C:\Users\Angad\Desktop\SummerBIOIN\Project14-T2PW\docs\pwml_recovery_sprint\evidence\g11\C-050j\36-node23.json
ok   C:\Users\Angad\Desktop\SummerBIOIN\Project14-T2PW\docs\pwml_recovery_sprint\evidence\g11\C-050j\37-node24.json
ok   C:\Users\Angad\Desktop\SummerBIOIN\Project14-T2PW\docs\pwml_recovery_sprint\evidence\g11\C-050j\38-node25.json
ok   C:\Users\Angad\Desktop\SummerBIOIN\Project14-T2PW\docs\pwml_recovery_sprint\evidence\g11\C-050j\39-node26.json
ok   C:\Users\Angad\Desktop\SummerBIOIN\Project14-T2PW\docs\pwml_recovery_sprint\evidence\g11\C-050j\40-smoke.json
ok   C:\Users\Angad\Desktop\SummerBIOIN\Project14-T2PW\docs\pwml_recovery_sprint\evidence\g11\C-050j\41-focused-perfile.json
ok   C:\Users\Angad\Desktop\SummerBIOIN\Project14-T2PW\docs\pwml_recovery_sprint\evidence\g11\C-050k\01-differential-base.json
ok   C:\Users\Angad\Desktop\SummerBIOIN\Project14-T2PW\docs\pwml_recovery_sprint\evidence\g11\C-050k\02-differential-base.json
ok   C:\Users\Angad\Desktop\SummerBIOIN\Project14-T2PW\docs\pwml_recovery_sprint\evidence\g11\C-050k\03-census-prechange.json
ok   C:\Users\Angad\Desktop\SummerBIOIN\Project14-T2PW\docs\pwml_recovery_sprint\evidence\g11\C-050k\04-census-prechange.json
ok   C:\Users\Angad\Desktop\SummerBIOIN\Project14-T2PW\docs\pwml_recovery_sprint\evidence\g11\C-050k\05-focused-pin-file.json
ok   C:\Users\Angad\Desktop\SummerBIOIN\Project14-T2PW\docs\pwml_recovery_sprint\evidence\g11\C-050k\06-focused-new-acceptance.json
ok   C:\Users\Angad\Desktop\SummerBIOIN\Project14-T2PW\docs\pwml_recovery_sprint\evidence\g11\C-050k\07-g9-base.json
ok   C:\Users\Angad\Desktop\SummerBIOIN\Project14-T2PW\docs\pwml_recovery_sprint\evidence\g11\C-050k\08-g9-tip.json
ok   C:\Users\Angad\Desktop\SummerBIOIN\Project14-T2PW\docs\pwml_recovery_sprint\evidence\g11\C-050k\09-focused-new-acceptance.json
ok   C:\Users\Angad\Desktop\SummerBIOIN\Project14-T2PW\docs\pwml_recovery_sprint\evidence\g11\C-050k\10-basered-strict-failure-replay.json
ok   C:\Users\Angad\Desktop\SummerBIOIN\Project14-T2PW\docs\pwml_recovery_sprint\evidence\g11\C-050k\11-focused-golden-leg-digest.json
ok   C:\Users\Angad\Desktop\SummerBIOIN\Project14-T2PW\docs\pwml_recovery_sprint\evidence\g11\C-050k\12-focused-golden-leg-digest.json
ok   C:\Users\Angad\Desktop\SummerBIOIN\Project14-T2PW\docs\pwml_recovery_sprint\evidence\g11\C-050k\13-focused-fifteen-none-chunk.json
ok   C:\Users\Angad\Desktop\SummerBIOIN\Project14-T2PW\docs\pwml_recovery_sprint\evidence\g11\C-050k\14-basered-three-suspect-files.json
ok   C:\Users\Angad\Desktop\SummerBIOIN\Project14-T2PW\docs\pwml_recovery_sprint\evidence\g11\C-050k\15-basered-fifteen-none-chunk.json
ok   C:\Users\Angad\Desktop\SummerBIOIN\Project14-T2PW\docs\pwml_recovery_sprint\evidence\g11\C-050k\16-focused-fifteen-dbmatched.json
ok   C:\Users\Angad\Desktop\SummerBIOIN\Project14-T2PW\docs\pwml_recovery_sprint\evidence\g11\C-050k\17-tip-three-suspect-alone.json
ok   C:\Users\Angad\Desktop\SummerBIOIN\Project14-T2PW\docs\pwml_recovery_sprint\evidence\g11\C-050k\18-attribution-base-ir-in-tip-tree.json
ok   C:\Users\Angad\Desktop\SummerBIOIN\Project14-T2PW\docs\pwml_recovery_sprint\evidence\g11\C-050k\19-focused-dcore-preflight.json
ok   C:\Users\Angad\Desktop\SummerBIOIN\Project14-T2PW\docs\pwml_recovery_sprint\evidence\g11\C-050k\20-attribution-writer-base-ir.json
ok   C:\Users\Angad\Desktop\SummerBIOIN\Project14-T2PW\docs\pwml_recovery_sprint\evidence\g11\C-050k\21-chunkd-collect-partition.json
ok   C:\Users\Angad\Desktop\SummerBIOIN\Project14-T2PW\docs\pwml_recovery_sprint\evidence\g11\C-050k\22-c050k-mono.json
ok   C:\Users\Angad\Desktop\SummerBIOIN\Project14-T2PW\docs\pwml_recovery_sprint\evidence\g11\C-050k\23-c050k-core.json
ok   C:\Users\Angad\Desktop\SummerBIOIN\Project14-T2PW\docs\pwml_recovery_sprint\evidence\g11\C-050k\24-c050k-s8.json
ok   C:\Users\Angad\Desktop\SummerBIOIN\Project14-T2PW\docs\pwml_recovery_sprint\evidence\g11\C-050k\25-c050k-qb.json
ok   C:\Users\Angad\Desktop\SummerBIOIN\Project14-T2PW\docs\pwml_recovery_sprint\evidence\g11\C-050k\26-focused-golden-green.json
ok   C:\Users\Angad\Desktop\SummerBIOIN\Project14-T2PW\docs\pwml_recovery_sprint\evidence\g11\C-050k\27-chunkd-outer.json
ok   C:\Users\Angad\Desktop\SummerBIOIN\Project14-T2PW\docs\pwml_recovery_sprint\evidence\g11\C-050k\28-c050kd-mono.json
ok   C:\Users\Angad\Desktop\SummerBIOIN\Project14-T2PW\docs\pwml_recovery_sprint\evidence\g11\C-050k\29-c050kd-core.json
ok   C:\Users\Angad\Desktop\SummerBIOIN\Project14-T2PW\docs\pwml_recovery_sprint\evidence\g11\C-050k\30-c050kd-s8.json
ok   C:\Users\Angad\Desktop\SummerBIOIN\Project14-T2PW\docs\pwml_recovery_sprint\evidence\g11\C-050k\31-c050kd-qb.json
ok   C:\Users\Angad\Desktop\SummerBIOIN\Project14-T2PW\docs\pwml_recovery_sprint\evidence\g11\C-050k\32-c050kd-run-core.json
ok   C:\Users\Angad\Desktop\SummerBIOIN\Project14-T2PW\docs\pwml_recovery_sprint\evidence\g11\C-050k\33-c050kd-node00.json
ok   C:\Users\Angad\Desktop\SummerBIOIN\Project14-T2PW\docs\pwml_recovery_sprint\evidence\g11\C-050k\34-c050kd-node01.json
ok   C:\Users\Angad\Desktop\SummerBIOIN\Project14-T2PW\docs\pwml_recovery_sprint\evidence\g11\C-050k\35-c050kd-node02.json
ok   C:\Users\Angad\Desktop\SummerBIOIN\Project14-T2PW\docs\pwml_recovery_sprint\evidence\g11\C-050k\36-c050kd-node03.json
ok   C:\Users\Angad\Desktop\SummerBIOIN\Project14-T2PW\docs\pwml_recovery_sprint\evidence\g11\C-050k\37-c050kd-node04.json
ok   C:\Users\Angad\Desktop\SummerBIOIN\Project14-T2PW\docs\pwml_recovery_sprint\evidence\g11\C-050k\38-c050kd-node05.json
ok   C:\Users\Angad\Desktop\SummerBIOIN\Project14-T2PW\docs\pwml_recovery_sprint\evidence\g11\C-050k\39-c050kd-node06.json
ok   C:\Users\Angad\Desktop\SummerBIOIN\Project14-T2PW\docs\pwml_recovery_sprint\evidence\g11\C-050k\40-c050kd-node07.json
ok   C:\Users\Angad\Desktop\SummerBIOIN\Project14-T2PW\docs\pwml_recovery_sprint\evidence\g11\C-050k\41-c050kd-node08.json
ok   C:\Users\Angad\Desktop\SummerBIOIN\Project14-T2PW\docs\pwml_recovery_sprint\evidence\g11\C-050k\42-c050kd-node09.json
ok   C:\Users\Angad\Desktop\SummerBIOIN\Project14-T2PW\docs\pwml_recovery_sprint\evidence\g11\C-050k\43-c050kd-node10.json
ok   C:\Users\Angad\Desktop\SummerBIOIN\Project14-T2PW\docs\pwml_recovery_sprint\evidence\g11\C-050k\44-c050kd-node11.json
ok   C:\Users\Angad\Desktop\SummerBIOIN\Project14-T2PW\docs\pwml_recovery_sprint\evidence\g11\C-050k\45-c050kd-node12.json
ok   C:\Users\Angad\Desktop\SummerBIOIN\Project14-T2PW\docs\pwml_recovery_sprint\evidence\g11\C-050k\46-c050kd-node13.json
ok   C:\Users\Angad\Desktop\SummerBIOIN\Project14-T2PW\docs\pwml_recovery_sprint\evidence\g11\C-050k\47-c050kd-node14.json
ok   C:\Users\Angad\Desktop\SummerBIOIN\Project14-T2PW\docs\pwml_recovery_sprint\evidence\g11\C-050k\48-c050kd-node15.json
ok   C:\Users\Angad\Desktop\SummerBIOIN\Project14-T2PW\docs\pwml_recovery_sprint\evidence\g11\C-050k\49-c050kd-node16.json
ok   C:\Users\Angad\Desktop\SummerBIOIN\Project14-T2PW\docs\pwml_recovery_sprint\evidence\g11\C-050k\50-c050kd-node17.json
ok   C:\Users\Angad\Desktop\SummerBIOIN\Project14-T2PW\docs\pwml_recovery_sprint\evidence\g11\C-050k\51-c050kd-node18.json
ok   C:\Users\Angad\Desktop\SummerBIOIN\Project14-T2PW\docs\pwml_recovery_sprint\evidence\g11\C-050k\52-c050kd-node19.json
ok   C:\Users\Angad\Desktop\SummerBIOIN\Project14-T2PW\docs\pwml_recovery_sprint\evidence\g11\C-050k\53-c050kd-node20.json
ok   C:\Users\Angad\Desktop\SummerBIOIN\Project14-T2PW\docs\pwml_recovery_sprint\evidence\g11\C-050k\54-c050kd-node21.json
ok   C:\Users\Angad\Desktop\SummerBIOIN\Project14-T2PW\docs\pwml_recovery_sprint\evidence\g11\C-050k\55-c050kd-node22.json
ok   C:\Users\Angad\Desktop\SummerBIOIN\Project14-T2PW\docs\pwml_recovery_sprint\evidence\g11\C-050k\56-c050kd-node23.json
ok   C:\Users\Angad\Desktop\SummerBIOIN\Project14-T2PW\docs\pwml_recovery_sprint\evidence\g11\C-050k\57-c050kd-node24.json
ok   C:\Users\Angad\Desktop\SummerBIOIN\Project14-T2PW\docs\pwml_recovery_sprint\evidence\g11\C-050k\58-c050kd-node25.json
ok   C:\Users\Angad\Desktop\SummerBIOIN\Project14-T2PW\docs\pwml_recovery_sprint\evidence\g11\C-050k\59-c050kd-node26.json
ok   C:\Users\Angad\Desktop\SummerBIOIN\Project14-T2PW\docs\pwml_recovery_sprint\evidence\g11\C-050k\60-node15-tip.json
ok   C:\Users\Angad\Desktop\SummerBIOIN\Project14-T2PW\docs\pwml_recovery_sprint\evidence\g11\C-050k\61-node15-base-ir.json
ok   C:\Users\Angad\Desktop\SummerBIOIN\Project14-T2PW\docs\pwml_recovery_sprint\evidence\g11\C-050k\62-smoke.json
ok   C:\Users\Angad\Desktop\SummerBIOIN\Project14-T2PW\docs\pwml_recovery_sprint\evidence\g11\C-050k\63-chunk-e.json
ok   C:\Users\Angad\Desktop\SummerBIOIN\Project14-T2PW\docs\pwml_recovery_sprint\evidence\g11\C-050k\64-smoke.json
ok   C:\Users\Angad\Desktop\SummerBIOIN\Project14-T2PW\docs\pwml_recovery_sprint\evidence\g11\C-050k\65-chunk-e.json
ok   C:\Users\Angad\Desktop\SummerBIOIN\Project14-T2PW\docs\pwml_recovery_sprint\evidence\g11\C-050k\66-dcore.json
ok   C:\Users\Angad\Desktop\SummerBIOIN\Project14-T2PW\docs\pwml_recovery_sprint\evidence\g11\C-051\01-blastcensus-base.json
ok   C:\Users\Angad\Desktop\SummerBIOIN\Project14-T2PW\docs\pwml_recovery_sprint\evidence\g11\C-051\02-probe-tip.json
ok   C:\Users\Angad\Desktop\SummerBIOIN\Project14-T2PW\docs\pwml_recovery_sprint\evidence\g11\C-051\03-probe-base-g9.json
ok   C:\Users\Angad\Desktop\SummerBIOIN\Project14-T2PW\docs\pwml_recovery_sprint\evidence\g11\C-051\04-a10-five-category.json
ok   C:\Users\Angad\Desktop\SummerBIOIN\Project14-T2PW\docs\pwml_recovery_sprint\evidence\g11\C-051\05-d032-cli-seam.json
ok   C:\Users\Angad\Desktop\SummerBIOIN\Project14-T2PW\docs\pwml_recovery_sprint\evidence\g11\C-051\06-focused-tip.json
ok   C:\Users\Angad\Desktop\SummerBIOIN\Project14-T2PW\docs\pwml_recovery_sprint\evidence\g11\C-051\07-chunkd-core-s8.json
ok   C:\Users\Angad\Desktop\SummerBIOIN\Project14-T2PW\docs\pwml_recovery_sprint\evidence\g11\C-051\08-mono.json
ok   C:\Users\Angad\Desktop\SummerBIOIN\Project14-T2PW\docs\pwml_recovery_sprint\evidence\g11\C-051\09-core.json
ok   C:\Users\Angad\Desktop\SummerBIOIN\Project14-T2PW\docs\pwml_recovery_sprint\evidence\g11\C-051\10-s8.json
ok   C:\Users\Angad\Desktop\SummerBIOIN\Project14-T2PW\docs\pwml_recovery_sprint\evidence\g11\C-051\11-qb.json
ok   C:\Users\Angad\Desktop\SummerBIOIN\Project14-T2PW\docs\pwml_recovery_sprint\evidence\g11\C-051\12-run-core.json
ok   C:\Users\Angad\Desktop\SummerBIOIN\Project14-T2PW\docs\pwml_recovery_sprint\evidence\g11\C-051\13-chunkd-s8.json
ok   C:\Users\Angad\Desktop\SummerBIOIN\Project14-T2PW\docs\pwml_recovery_sprint\evidence\g11\C-051\14-chunkd-qb.json
ok   C:\Users\Angad\Desktop\SummerBIOIN\Project14-T2PW\docs\pwml_recovery_sprint\evidence\g11\C-051\14-mono.json
ok   C:\Users\Angad\Desktop\SummerBIOIN\Project14-T2PW\docs\pwml_recovery_sprint\evidence\g11\C-051\15-core.json
ok   C:\Users\Angad\Desktop\SummerBIOIN\Project14-T2PW\docs\pwml_recovery_sprint\evidence\g11\C-051\16-s8.json
ok   C:\Users\Angad\Desktop\SummerBIOIN\Project14-T2PW\docs\pwml_recovery_sprint\evidence\g11\C-051\17-qb.json
ok   C:\Users\Angad\Desktop\SummerBIOIN\Project14-T2PW\docs\pwml_recovery_sprint\evidence\g11\C-051\18-node00.json
ok   C:\Users\Angad\Desktop\SummerBIOIN\Project14-T2PW\docs\pwml_recovery_sprint\evidence\g11\C-051\19-node01.json
ok   C:\Users\Angad\Desktop\SummerBIOIN\Project14-T2PW\docs\pwml_recovery_sprint\evidence\g11\C-051\20-node02.json
ok   C:\Users\Angad\Desktop\SummerBIOIN\Project14-T2PW\docs\pwml_recovery_sprint\evidence\g11\C-051\21-node03.json
ok   C:\Users\Angad\Desktop\SummerBIOIN\Project14-T2PW\docs\pwml_recovery_sprint\evidence\g11\C-051\23-mono.json
ok   C:\Users\Angad\Desktop\SummerBIOIN\Project14-T2PW\docs\pwml_recovery_sprint\evidence\g11\C-051\24-core.json
ok   C:\Users\Angad\Desktop\SummerBIOIN\Project14-T2PW\docs\pwml_recovery_sprint\evidence\g11\C-051\25-s8.json
ok   C:\Users\Angad\Desktop\SummerBIOIN\Project14-T2PW\docs\pwml_recovery_sprint\evidence\g11\C-051\26-qb.json
ok   C:\Users\Angad\Desktop\SummerBIOIN\Project14-T2PW\docs\pwml_recovery_sprint\evidence\g11\C-051\27-node04.json
ok   C:\Users\Angad\Desktop\SummerBIOIN\Project14-T2PW\docs\pwml_recovery_sprint\evidence\g11\C-051\28-node05.json
ok   C:\Users\Angad\Desktop\SummerBIOIN\Project14-T2PW\docs\pwml_recovery_sprint\evidence\g11\C-051\29-node06.json
ok   C:\Users\Angad\Desktop\SummerBIOIN\Project14-T2PW\docs\pwml_recovery_sprint\evidence\g11\C-051\30-node07.json
ok   C:\Users\Angad\Desktop\SummerBIOIN\Project14-T2PW\docs\pwml_recovery_sprint\evidence\g11\C-051\31-node08.json
ok   C:\Users\Angad\Desktop\SummerBIOIN\Project14-T2PW\docs\pwml_recovery_sprint\evidence\g11\C-051\32-node09.json
ok   C:\Users\Angad\Desktop\SummerBIOIN\Project14-T2PW\docs\pwml_recovery_sprint\evidence\g11\C-051\33-node10.json
ok   C:\Users\Angad\Desktop\SummerBIOIN\Project14-T2PW\docs\pwml_recovery_sprint\evidence\g11\C-051\34-node11.json
ok   C:\Users\Angad\Desktop\SummerBIOIN\Project14-T2PW\docs\pwml_recovery_sprint\evidence\g11\C-051\35-node12.json
ok   C:\Users\Angad\Desktop\SummerBIOIN\Project14-T2PW\docs\pwml_recovery_sprint\evidence\g11\C-051\36-node13.json
ok   C:\Users\Angad\Desktop\SummerBIOIN\Project14-T2PW\docs\pwml_recovery_sprint\evidence\g11\C-051\37-node14.json
ok   C:\Users\Angad\Desktop\SummerBIOIN\Project14-T2PW\docs\pwml_recovery_sprint\evidence\g11\C-051\38-node15.json
ok   C:\Users\Angad\Desktop\SummerBIOIN\Project14-T2PW\docs\pwml_recovery_sprint\evidence\g11\C-051\39-node16.json
ok   C:\Users\Angad\Desktop\SummerBIOIN\Project14-T2PW\docs\pwml_recovery_sprint\evidence\g11\C-051\40-node17.json
ok   C:\Users\Angad\Desktop\SummerBIOIN\Project14-T2PW\docs\pwml_recovery_sprint\evidence\g11\C-051\41-node18.json
ok   C:\Users\Angad\Desktop\SummerBIOIN\Project14-T2PW\docs\pwml_recovery_sprint\evidence\g11\C-051\42-node19.json
ok   C:\Users\Angad\Desktop\SummerBIOIN\Project14-T2PW\docs\pwml_recovery_sprint\evidence\g11\C-051\43-node20.json
ok   C:\Users\Angad\Desktop\SummerBIOIN\Project14-T2PW\docs\pwml_recovery_sprint\evidence\g11\C-051\44-node21.json
ok   C:\Users\Angad\Desktop\SummerBIOIN\Project14-T2PW\docs\pwml_recovery_sprint\evidence\g11\C-051\45-node22.json
ok   C:\Users\Angad\Desktop\SummerBIOIN\Project14-T2PW\docs\pwml_recovery_sprint\evidence\g11\C-051\46-node23.json
ok   C:\Users\Angad\Desktop\SummerBIOIN\Project14-T2PW\docs\pwml_recovery_sprint\evidence\g11\C-051\47-node24.json
ok   C:\Users\Angad\Desktop\SummerBIOIN\Project14-T2PW\docs\pwml_recovery_sprint\evidence\g11\C-051\48-node25.json
ok   C:\Users\Angad\Desktop\SummerBIOIN\Project14-T2PW\docs\pwml_recovery_sprint\evidence\g11\C-051\49-node26.json
ok   C:\Users\Angad\Desktop\SummerBIOIN\Project14-T2PW\docs\pwml_recovery_sprint\evidence\g11\C-051\50-failure-census.json
ok   C:\Users\Angad\Desktop\SummerBIOIN\Project14-T2PW\docs\pwml_recovery_sprint\evidence\g11\C-051\51-failure-cause-census.json
ok   C:\Users\Angad\Desktop\SummerBIOIN\Project14-T2PW\docs\pwml_recovery_sprint\evidence\g11\C-051\52-qb-node06-cause.json
ok   C:\Users\Angad\Desktop\SummerBIOIN\Project14-T2PW\docs\pwml_recovery_sprint\evidence\g11\C-051\53-carrier-derivability.json
ok   C:\Users\Angad\Desktop\SummerBIOIN\Project14-T2PW\docs\pwml_recovery_sprint\evidence\g11\C-051\54-rawname-base-vs-tip.json
ok   C:\Users\Angad\Desktop\SummerBIOIN\Project14-T2PW\docs\pwml_recovery_sprint\evidence\g11\C-051\55-rawname-base.json
ok   C:\Users\Angad\Desktop\SummerBIOIN\Project14-T2PW\docs\pwml_recovery_sprint\evidence\g11\C-051\56-chunkd-core-repointed.json
ok   C:\Users\Angad\Desktop\SummerBIOIN\Project14-T2PW\docs\pwml_recovery_sprint\evidence\g11\C-051\57-mono.json
ok   C:\Users\Angad\Desktop\SummerBIOIN\Project14-T2PW\docs\pwml_recovery_sprint\evidence\g11\C-051\58-core.json
ok   C:\Users\Angad\Desktop\SummerBIOIN\Project14-T2PW\docs\pwml_recovery_sprint\evidence\g11\C-051\59-s8.json
ok   C:\Users\Angad\Desktop\SummerBIOIN\Project14-T2PW\docs\pwml_recovery_sprint\evidence\g11\C-051\60-qb.json
ok   C:\Users\Angad\Desktop\SummerBIOIN\Project14-T2PW\docs\pwml_recovery_sprint\evidence\g11\C-051\61-run-core.json
ok   C:\Users\Angad\Desktop\SummerBIOIN\Project14-T2PW\docs\pwml_recovery_sprint\evidence\g11\C-051\63-chunkd-s8-repointed.json
ok   C:\Users\Angad\Desktop\SummerBIOIN\Project14-T2PW\docs\pwml_recovery_sprint\evidence\g11\C-051\63-mono.json
ok   C:\Users\Angad\Desktop\SummerBIOIN\Project14-T2PW\docs\pwml_recovery_sprint\evidence\g11\C-051\64-core.json
ok   C:\Users\Angad\Desktop\SummerBIOIN\Project14-T2PW\docs\pwml_recovery_sprint\evidence\g11\C-051\65-s8.json
ok   C:\Users\Angad\Desktop\SummerBIOIN\Project14-T2PW\docs\pwml_recovery_sprint\evidence\g11\C-051\66-qb.json
ok   C:\Users\Angad\Desktop\SummerBIOIN\Project14-T2PW\docs\pwml_recovery_sprint\evidence\g11\C-051\67-node00.json
ok   C:\Users\Angad\Desktop\SummerBIOIN\Project14-T2PW\docs\pwml_recovery_sprint\evidence\g11\C-051\68-node01.json
ok   C:\Users\Angad\Desktop\SummerBIOIN\Project14-T2PW\docs\pwml_recovery_sprint\evidence\g11\C-051\69-node02.json
ok   C:\Users\Angad\Desktop\SummerBIOIN\Project14-T2PW\docs\pwml_recovery_sprint\evidence\g11\C-051\70-node03.json
ok   C:\Users\Angad\Desktop\SummerBIOIN\Project14-T2PW\docs\pwml_recovery_sprint\evidence\g11\C-051\71-focused-repointed.json
ok   C:\Users\Angad\Desktop\SummerBIOIN\Project14-T2PW\docs\pwml_recovery_sprint\evidence\g11\C-051\72-a10-final-tip.json
ok   C:\Users\Angad\Desktop\SummerBIOIN\Project14-T2PW\docs\pwml_recovery_sprint\evidence\g11\C-051\73-probe-final-tip.json
ok   C:\Users\Angad\Desktop\SummerBIOIN\Project14-T2PW\docs\pwml_recovery_sprint\evidence\g11\C-051a\01-probe-tip.json
ok   C:\Users\Angad\Desktop\SummerBIOIN\Project14-T2PW\docs\pwml_recovery_sprint\evidence\g11\C-051a\03-probe-base-g9.json
ok   C:\Users\Angad\Desktop\SummerBIOIN\Project14-T2PW\docs\pwml_recovery_sprint\evidence\g11\C-051a\04-focused-tip.json
ok   C:\Users\Angad\Desktop\SummerBIOIN\Project14-T2PW\docs\pwml_recovery_sprint\evidence\g11\C-051a\05-chunkd-core.json
ok   C:\Users\Angad\Desktop\SummerBIOIN\Project14-T2PW\docs\pwml_recovery_sprint\evidence\g11\C-051a\06-mono.json
ok   C:\Users\Angad\Desktop\SummerBIOIN\Project14-T2PW\docs\pwml_recovery_sprint\evidence\g11\C-051a\07-core.json
ok   C:\Users\Angad\Desktop\SummerBIOIN\Project14-T2PW\docs\pwml_recovery_sprint\evidence\g11\C-051a\08-s8.json
ok   C:\Users\Angad\Desktop\SummerBIOIN\Project14-T2PW\docs\pwml_recovery_sprint\evidence\g11\C-051a\09-qb.json
ok   C:\Users\Angad\Desktop\SummerBIOIN\Project14-T2PW\docs\pwml_recovery_sprint\evidence\g11\C-051a\10-run-core.json
ok   C:\Users\Angad\Desktop\SummerBIOIN\Project14-T2PW\docs\pwml_recovery_sprint\evidence\g11\C-051a\11-chunkd-s8.json
ok   C:\Users\Angad\Desktop\SummerBIOIN\Project14-T2PW\docs\pwml_recovery_sprint\evidence\g11\C-051a\12-mono.json
ok   C:\Users\Angad\Desktop\SummerBIOIN\Project14-T2PW\docs\pwml_recovery_sprint\evidence\g11\C-051a\13-core.json
ok   C:\Users\Angad\Desktop\SummerBIOIN\Project14-T2PW\docs\pwml_recovery_sprint\evidence\g11\C-051a\14-s8.json
ok   C:\Users\Angad\Desktop\SummerBIOIN\Project14-T2PW\docs\pwml_recovery_sprint\evidence\g11\C-051a\15-qb.json
ok   C:\Users\Angad\Desktop\SummerBIOIN\Project14-T2PW\docs\pwml_recovery_sprint\evidence\g11\C-051a\16-node00.json
ok   C:\Users\Angad\Desktop\SummerBIOIN\Project14-T2PW\docs\pwml_recovery_sprint\evidence\g11\C-051a\17-node01.json
ok   C:\Users\Angad\Desktop\SummerBIOIN\Project14-T2PW\docs\pwml_recovery_sprint\evidence\g11\C-051a\18-node02.json
ok   C:\Users\Angad\Desktop\SummerBIOIN\Project14-T2PW\docs\pwml_recovery_sprint\evidence\g11\C-051a\19-node03.json
ok   C:\Users\Angad\Desktop\SummerBIOIN\Project14-T2PW\docs\pwml_recovery_sprint\evidence\g11\C-051a\20-chunkd-qb.json
ok   C:\Users\Angad\Desktop\SummerBIOIN\Project14-T2PW\docs\pwml_recovery_sprint\evidence\g11\C-051a\21-mono.json
ok   C:\Users\Angad\Desktop\SummerBIOIN\Project14-T2PW\docs\pwml_recovery_sprint\evidence\g11\C-051a\22-core.json
ok   C:\Users\Angad\Desktop\SummerBIOIN\Project14-T2PW\docs\pwml_recovery_sprint\evidence\g11\C-051a\23-s8.json
ok   C:\Users\Angad\Desktop\SummerBIOIN\Project14-T2PW\docs\pwml_recovery_sprint\evidence\g11\C-051a\24-qb.json
ok   C:\Users\Angad\Desktop\SummerBIOIN\Project14-T2PW\docs\pwml_recovery_sprint\evidence\g11\C-051a\25-node04.json
ok   C:\Users\Angad\Desktop\SummerBIOIN\Project14-T2PW\docs\pwml_recovery_sprint\evidence\g11\C-051a\26-node05.json
ok   C:\Users\Angad\Desktop\SummerBIOIN\Project14-T2PW\docs\pwml_recovery_sprint\evidence\g11\C-051a\27-node06.json
ok   C:\Users\Angad\Desktop\SummerBIOIN\Project14-T2PW\docs\pwml_recovery_sprint\evidence\g11\C-051a\28-node07.json
ok   C:\Users\Angad\Desktop\SummerBIOIN\Project14-T2PW\docs\pwml_recovery_sprint\evidence\g11\C-051a\29-node08.json
ok   C:\Users\Angad\Desktop\SummerBIOIN\Project14-T2PW\docs\pwml_recovery_sprint\evidence\g11\C-051a\30-node09.json
ok   C:\Users\Angad\Desktop\SummerBIOIN\Project14-T2PW\docs\pwml_recovery_sprint\evidence\g11\C-051a\31-node10.json
ok   C:\Users\Angad\Desktop\SummerBIOIN\Project14-T2PW\docs\pwml_recovery_sprint\evidence\g11\C-051a\32-node11.json
ok   C:\Users\Angad\Desktop\SummerBIOIN\Project14-T2PW\docs\pwml_recovery_sprint\evidence\g11\C-051a\33-node12.json
ok   C:\Users\Angad\Desktop\SummerBIOIN\Project14-T2PW\docs\pwml_recovery_sprint\evidence\g11\C-051a\34-node13.json
ok   C:\Users\Angad\Desktop\SummerBIOIN\Project14-T2PW\docs\pwml_recovery_sprint\evidence\g11\C-051a\35-node14.json
ok   C:\Users\Angad\Desktop\SummerBIOIN\Project14-T2PW\docs\pwml_recovery_sprint\evidence\g11\C-051a\36-node15.json
ok   C:\Users\Angad\Desktop\SummerBIOIN\Project14-T2PW\docs\pwml_recovery_sprint\evidence\g11\C-051a\37-node16.json
ok   C:\Users\Angad\Desktop\SummerBIOIN\Project14-T2PW\docs\pwml_recovery_sprint\evidence\g11\C-051a\38-node17.json
ok   C:\Users\Angad\Desktop\SummerBIOIN\Project14-T2PW\docs\pwml_recovery_sprint\evidence\g11\C-051a\39-node18.json
ok   C:\Users\Angad\Desktop\SummerBIOIN\Project14-T2PW\docs\pwml_recovery_sprint\evidence\g11\C-051a\40-node19.json
ok   C:\Users\Angad\Desktop\SummerBIOIN\Project14-T2PW\docs\pwml_recovery_sprint\evidence\g11\C-051a\41-node20.json
ok   C:\Users\Angad\Desktop\SummerBIOIN\Project14-T2PW\docs\pwml_recovery_sprint\evidence\g11\C-051a\42-node21.json
ok   C:\Users\Angad\Desktop\SummerBIOIN\Project14-T2PW\docs\pwml_recovery_sprint\evidence\g11\C-051a\43-node22.json
ok   C:\Users\Angad\Desktop\SummerBIOIN\Project14-T2PW\docs\pwml_recovery_sprint\evidence\g11\C-051a\44-node23.json
ok   C:\Users\Angad\Desktop\SummerBIOIN\Project14-T2PW\docs\pwml_recovery_sprint\evidence\g11\C-051a\45-node24.json
ok   C:\Users\Angad\Desktop\SummerBIOIN\Project14-T2PW\docs\pwml_recovery_sprint\evidence\g11\C-051a\46-node25.json
ok   C:\Users\Angad\Desktop\SummerBIOIN\Project14-T2PW\docs\pwml_recovery_sprint\evidence\g11\C-051a\47-node26.json
ok   C:\Users\Angad\Desktop\SummerBIOIN\Project14-T2PW\docs\pwml_recovery_sprint\evidence\g11\C-051a\48-a9-five-category.json
ok   C:\Users\Angad\Desktop\SummerBIOIN\Project14-T2PW\docs\pwml_recovery_sprint\evidence\g11\C-051a\49-a9-five-category-counts.json
ok   C:\Users\Angad\Desktop\SummerBIOIN\Project14-T2PW\docs\pwml_recovery_sprint\evidence\g11\C-051a\50-a7-corpus-tip.json
ok   C:\Users\Angad\Desktop\SummerBIOIN\Project14-T2PW\docs\pwml_recovery_sprint\evidence\g11\C-051a\51-a7-corpus-base.json
ok   C:\Users\Angad\Desktop\SummerBIOIN\Project14-T2PW\docs\pwml_recovery_sprint\evidence\g11\C-051a\52-focused-final.json
ok   C:\Users\Angad\Desktop\SummerBIOIN\Project14-T2PW\docs\pwml_recovery_sprint\evidence\g11\C-051a\53-batchdriver-diagnose.json
ok   C:\Users\Angad\Desktop\SummerBIOIN\Project14-T2PW\docs\pwml_recovery_sprint\evidence\g11\C-051a\54-batchdriver-pairwise.json
ok   C:\Users\Angad\Desktop\SummerBIOIN\Project14-T2PW\docs\pwml_recovery_sprint\evidence\g11\C-051a\55-batchdriver-pairwise-r2.json
ok   C:\Users\Angad\Desktop\SummerBIOIN\Project14-T2PW\docs\pwml_recovery_sprint\evidence\g11\C-051a\56-focused-final-r2.json
ok   C:\Users\Angad\Desktop\SummerBIOIN\Project14-T2PW\docs\pwml_recovery_sprint\evidence\g11\C-051a\57-base-tree-batch.json
ok   C:\Users\Angad\Desktop\SummerBIOIN\Project14-T2PW\docs\pwml_recovery_sprint\evidence\g11\C-051a\58-focused-reason.json
ok   C:\Users\Angad\Desktop\SummerBIOIN\Project14-T2PW\docs\pwml_recovery_sprint\evidence\g11\C-051a\59-focused-reason-r2.json
ok   C:\Users\Angad\Desktop\SummerBIOIN\Project14-T2PW\docs\pwml_recovery_sprint\evidence\g11\C-051a\60-chunkd-core-r2.json
ok   C:\Users\Angad\Desktop\SummerBIOIN\Project14-T2PW\docs\pwml_recovery_sprint\evidence\g11\C-051a\61-mono.json
ok   C:\Users\Angad\Desktop\SummerBIOIN\Project14-T2PW\docs\pwml_recovery_sprint\evidence\g11\C-051a\62-core.json
ok   C:\Users\Angad\Desktop\SummerBIOIN\Project14-T2PW\docs\pwml_recovery_sprint\evidence\g11\C-051a\63-s8.json
ok   C:\Users\Angad\Desktop\SummerBIOIN\Project14-T2PW\docs\pwml_recovery_sprint\evidence\g11\C-051a\64-qb.json
ok   C:\Users\Angad\Desktop\SummerBIOIN\Project14-T2PW\docs\pwml_recovery_sprint\evidence\g11\C-051a\65-run-core.json
ok   C:\Users\Angad\Desktop\SummerBIOIN\Project14-T2PW\docs\pwml_recovery_sprint\evidence\g11\C-051a\66-chunkd-s8-r2.json
ok   C:\Users\Angad\Desktop\SummerBIOIN\Project14-T2PW\docs\pwml_recovery_sprint\evidence\g11\C-051a\67-mono.json
ok   C:\Users\Angad\Desktop\SummerBIOIN\Project14-T2PW\docs\pwml_recovery_sprint\evidence\g11\C-051a\68-core.json
ok   C:\Users\Angad\Desktop\SummerBIOIN\Project14-T2PW\docs\pwml_recovery_sprint\evidence\g11\C-051a\69-s8.json
ok   C:\Users\Angad\Desktop\SummerBIOIN\Project14-T2PW\docs\pwml_recovery_sprint\evidence\g11\C-051a\70-qb.json
ok   C:\Users\Angad\Desktop\SummerBIOIN\Project14-T2PW\docs\pwml_recovery_sprint\evidence\g11\C-051a\71-node00.json
ok   C:\Users\Angad\Desktop\SummerBIOIN\Project14-T2PW\docs\pwml_recovery_sprint\evidence\g11\C-051a\72-node01.json
ok   C:\Users\Angad\Desktop\SummerBIOIN\Project14-T2PW\docs\pwml_recovery_sprint\evidence\g11\C-051a\73-node02.json
ok   C:\Users\Angad\Desktop\SummerBIOIN\Project14-T2PW\docs\pwml_recovery_sprint\evidence\g11\C-051a\74-node03.json
ok   C:\Users\Angad\Desktop\SummerBIOIN\Project14-T2PW\docs\pwml_recovery_sprint\evidence\g11\C-051a\75-core-count.json
ok   C:\Users\Angad\Desktop\SummerBIOIN\Project14-T2PW\docs\pwml_recovery_sprint\evidence\g11\C-051a\76-f1-mutation-caught.json
ok   C:\Users\Angad\Desktop\SummerBIOIN\Project14-T2PW\docs\pwml_recovery_sprint\evidence\g11\C-051a\77-focused-correction1.json
ok   C:\Users\Angad\Desktop\SummerBIOIN\Project14-T2PW\docs\pwml_recovery_sprint\evidence\g11\C-051b\01-basetree-328862a.json
ok   C:\Users\Angad\Desktop\SummerBIOIN\Project14-T2PW\docs\pwml_recovery_sprint\evidence\g11\C-051b\02-legfix-328862a.json
ok   C:\Users\Angad\Desktop\SummerBIOIN\Project14-T2PW\docs\pwml_recovery_sprint\evidence\g11\C-051b\03-p1-digest-base.json
ok   C:\Users\Angad\Desktop\SummerBIOIN\Project14-T2PW\docs\pwml_recovery_sprint\evidence\g11\C-051b\04-p1-digest-base-pinned.json
ok   C:\Users\Angad\Desktop\SummerBIOIN\Project14-T2PW\docs\pwml_recovery_sprint\evidence\g11\C-051b\05-a-flatten-raw-base.json
ok   C:\Users\Angad\Desktop\SummerBIOIN\Project14-T2PW\docs\pwml_recovery_sprint\evidence\g11\C-051b\06-b-flatten-prod-base.json
ok   C:\Users\Angad\Desktop\SummerBIOIN\Project14-T2PW\docs\pwml_recovery_sprint\evidence\g11\C-051b\07-c-flatten-prod-tip.json
ok   C:\Users\Angad\Desktop\SummerBIOIN\Project14-T2PW\docs\pwml_recovery_sprint\evidence\g11\C-051b\08-delta-ab.json
ok   C:\Users\Angad\Desktop\SummerBIOIN\Project14-T2PW\docs\pwml_recovery_sprint\evidence\g11\C-051b\09-delta-bc.json
ok   C:\Users\Angad\Desktop\SummerBIOIN\Project14-T2PW\docs\pwml_recovery_sprint\evidence\g11\C-051b\10-delta-ac.json
ok   C:\Users\Angad\Desktop\SummerBIOIN\Project14-T2PW\docs\pwml_recovery_sprint\evidence\g11\C-051b\11-digest-tip-1.json
ok   C:\Users\Angad\Desktop\SummerBIOIN\Project14-T2PW\docs\pwml_recovery_sprint\evidence\g11\C-051b\12-d-flatten-raw-tip.json
ok   C:\Users\Angad\Desktop\SummerBIOIN\Project14-T2PW\docs\pwml_recovery_sprint\evidence\g11\C-051b\13-attribution.json
ok   C:\Users\Angad\Desktop\SummerBIOIN\Project14-T2PW\docs\pwml_recovery_sprint\evidence\g11\C-051b\14-attribution-2.json
ok   C:\Users\Angad\Desktop\SummerBIOIN\Project14-T2PW\docs\pwml_recovery_sprint\evidence\g11\C-051b\15-focused-1.json
ok   C:\Users\Angad\Desktop\SummerBIOIN\Project14-T2PW\docs\pwml_recovery_sprint\evidence\g11\C-051b\16-p5-digest-repro.json
ok   C:\Users\Angad\Desktop\SummerBIOIN\Project14-T2PW\docs\pwml_recovery_sprint\evidence\g11\C-051c\01-focused-before.json
ok   C:\Users\Angad\Desktop\SummerBIOIN\Project14-T2PW\docs\pwml_recovery_sprint\evidence\g11\C-051c\02-focused-after1.json
ok   C:\Users\Angad\Desktop\SummerBIOIN\Project14-T2PW\docs\pwml_recovery_sprint\evidence\g11\C-051c\03-focused-after2.json
ok   C:\Users\Angad\Desktop\SummerBIOIN\Project14-T2PW\docs\pwml_recovery_sprint\evidence\g11\C-051c\04-base-tree-batch.json
ok   C:\Users\Angad\Desktop\SummerBIOIN\Project14-T2PW\docs\pwml_recovery_sprint\evidence\g11\C-051c\05-probe-tip.json
ok   C:\Users\Angad\Desktop\SummerBIOIN\Project14-T2PW\docs\pwml_recovery_sprint\evidence\g11\C-051c\06-probe-base-g9.json
ok   C:\Users\Angad\Desktop\SummerBIOIN\Project14-T2PW\docs\pwml_recovery_sprint\evidence\g11\C-051c\07-g9-two-nodes-base.json
ok   C:\Users\Angad\Desktop\SummerBIOIN\Project14-T2PW\docs\pwml_recovery_sprint\evidence\g11\C-051c\08-a4-five-category.json
ok   C:\Users\Angad\Desktop\SummerBIOIN\Project14-T2PW\docs\pwml_recovery_sprint\evidence\g11\C-051c\09-a9-golden-delta.json
ok   C:\Users\Angad\Desktop\SummerBIOIN\Project14-T2PW\docs\pwml_recovery_sprint\evidence\g11\C-051c\10-a9-golden-tip.json
ok   C:\Users\Angad\Desktop\SummerBIOIN\Project14-T2PW\docs\pwml_recovery_sprint\evidence\g11\C-051c\11-a9-golden-base.json
ok   C:\Users\Angad\Desktop\SummerBIOIN\Project14-T2PW\docs\pwml_recovery_sprint\evidence\g11\C-051c\12-probe-tip-final.json
ok   C:\Users\Angad\Desktop\SummerBIOIN\Project14-T2PW\docs\pwml_recovery_sprint\evidence\g11\C-051c\13-probe-base-final.json
ok   C:\Users\Angad\Desktop\SummerBIOIN\Project14-T2PW\docs\pwml_recovery_sprint\evidence\g11\C-051c\14-probe-tip-r2.json
ok   C:\Users\Angad\Desktop\SummerBIOIN\Project14-T2PW\docs\pwml_recovery_sprint\evidence\g11\C-051c\15-probe-base-r2.json
ok   C:\Users\Angad\Desktop\SummerBIOIN\Project14-T2PW\docs\pwml_recovery_sprint\evidence\g11\C-051c\16-chunkd-full.json
ok   C:\Users\Angad\Desktop\SummerBIOIN\Project14-T2PW\docs\pwml_recovery_sprint\evidence\g11\C-051c\17-mono.json
ok   C:\Users\Angad\Desktop\SummerBIOIN\Project14-T2PW\docs\pwml_recovery_sprint\evidence\g11\C-051c\18-core.json
ok   C:\Users\Angad\Desktop\SummerBIOIN\Project14-T2PW\docs\pwml_recovery_sprint\evidence\g11\C-051c\19-s8.json
ok   C:\Users\Angad\Desktop\SummerBIOIN\Project14-T2PW\docs\pwml_recovery_sprint\evidence\g11\C-051c\20-qb.json
ok   C:\Users\Angad\Desktop\SummerBIOIN\Project14-T2PW\docs\pwml_recovery_sprint\evidence\g11\C-051c\21-run-core.json
ok   C:\Users\Angad\Desktop\SummerBIOIN\Project14-T2PW\docs\pwml_recovery_sprint\evidence\g11\C-051c\22-node00.json
ok   C:\Users\Angad\Desktop\SummerBIOIN\Project14-T2PW\docs\pwml_recovery_sprint\evidence\g11\C-051c\23-node01.json
ok   C:\Users\Angad\Desktop\SummerBIOIN\Project14-T2PW\docs\pwml_recovery_sprint\evidence\g11\C-051c\24-node02.json
ok   C:\Users\Angad\Desktop\SummerBIOIN\Project14-T2PW\docs\pwml_recovery_sprint\evidence\g11\C-051c\25-node03.json
ok   C:\Users\Angad\Desktop\SummerBIOIN\Project14-T2PW\docs\pwml_recovery_sprint\evidence\g11\C-051c\26-node04.json
ok   C:\Users\Angad\Desktop\SummerBIOIN\Project14-T2PW\docs\pwml_recovery_sprint\evidence\g11\C-051c\27-node05.json
ok   C:\Users\Angad\Desktop\SummerBIOIN\Project14-T2PW\docs\pwml_recovery_sprint\evidence\g11\C-051c\28-node06.json
ok   C:\Users\Angad\Desktop\SummerBIOIN\Project14-T2PW\docs\pwml_recovery_sprint\evidence\g11\C-051c\29-node07.json
ok   C:\Users\Angad\Desktop\SummerBIOIN\Project14-T2PW\docs\pwml_recovery_sprint\evidence\g11\C-051c\30-node08.json
ok   C:\Users\Angad\Desktop\SummerBIOIN\Project14-T2PW\docs\pwml_recovery_sprint\evidence\g11\C-051c\31-node09.json
ok   C:\Users\Angad\Desktop\SummerBIOIN\Project14-T2PW\docs\pwml_recovery_sprint\evidence\g11\C-051c\32-node10.json
ok   C:\Users\Angad\Desktop\SummerBIOIN\Project14-T2PW\docs\pwml_recovery_sprint\evidence\g11\C-051c\33-node11.json
ok   C:\Users\Angad\Desktop\SummerBIOIN\Project14-T2PW\docs\pwml_recovery_sprint\evidence\g11\C-051c\34-node12.json
ok   C:\Users\Angad\Desktop\SummerBIOIN\Project14-T2PW\docs\pwml_recovery_sprint\evidence\g11\C-051c\35-node13.json
ok   C:\Users\Angad\Desktop\SummerBIOIN\Project14-T2PW\docs\pwml_recovery_sprint\evidence\g11\C-051c\36-node14.json
ok   C:\Users\Angad\Desktop\SummerBIOIN\Project14-T2PW\docs\pwml_recovery_sprint\evidence\g11\C-051c\37-node15.json
ok   C:\Users\Angad\Desktop\SummerBIOIN\Project14-T2PW\docs\pwml_recovery_sprint\evidence\g11\C-051c\38-node16.json
ok   C:\Users\Angad\Desktop\SummerBIOIN\Project14-T2PW\docs\pwml_recovery_sprint\evidence\g11\C-051c\39-node17.json
ok   C:\Users\Angad\Desktop\SummerBIOIN\Project14-T2PW\docs\pwml_recovery_sprint\evidence\g11\C-051c\40-node18.json
ok   C:\Users\Angad\Desktop\SummerBIOIN\Project14-T2PW\docs\pwml_recovery_sprint\evidence\g11\C-051c\41-node19.json
ok   C:\Users\Angad\Desktop\SummerBIOIN\Project14-T2PW\docs\pwml_recovery_sprint\evidence\g11\C-051c\42-node20.json
ok   C:\Users\Angad\Desktop\SummerBIOIN\Project14-T2PW\docs\pwml_recovery_sprint\evidence\g11\C-051c\43-node21.json
ok   C:\Users\Angad\Desktop\SummerBIOIN\Project14-T2PW\docs\pwml_recovery_sprint\evidence\g11\C-051c\44-node22.json
ok   C:\Users\Angad\Desktop\SummerBIOIN\Project14-T2PW\docs\pwml_recovery_sprint\evidence\g11\C-051c\45-node23.json
ok   C:\Users\Angad\Desktop\SummerBIOIN\Project14-T2PW\docs\pwml_recovery_sprint\evidence\g11\C-051c\46-node24.json
ok   C:\Users\Angad\Desktop\SummerBIOIN\Project14-T2PW\docs\pwml_recovery_sprint\evidence\g11\C-051c\47-node25.json
ok   C:\Users\Angad\Desktop\SummerBIOIN\Project14-T2PW\docs\pwml_recovery_sprint\evidence\g11\C-051c\48-node26.json
ok   C:\Users\Angad\Desktop\SummerBIOIN\Project14-T2PW\docs\pwml_recovery_sprint\evidence\g11\C-051c\49-focused-final.json
ok   C:\Users\Angad\Desktop\SummerBIOIN\Project14-T2PW\docs\pwml_recovery_sprint\evidence\g11\C-051d\01-focused-1.json
ok   C:\Users\Angad\Desktop\SummerBIOIN\Project14-T2PW\docs\pwml_recovery_sprint\evidence\g11\C-051d\02-digest-repro.json
ok   C:\Users\Angad\Desktop\SummerBIOIN\Project14-T2PW\docs\pwml_recovery_sprint\evidence\g11\C-051d\03-digest-repro-2.json
ok   C:\Users\Angad\Desktop\SummerBIOIN\Project14-T2PW\docs\pwml_recovery_sprint\evidence\g11\C-052\01-c052-new-tests-r0.json
ok   C:\Users\Angad\Desktop\SummerBIOIN\Project14-T2PW\docs\pwml_recovery_sprint\evidence\g11\C-052\02-c052-new-tests-diagnose.json
ok   C:\Users\Angad\Desktop\SummerBIOIN\Project14-T2PW\docs\pwml_recovery_sprint\evidence\g11\C-052\03-c052-new-tests-r1.json
ok   C:\Users\Angad\Desktop\SummerBIOIN\Project14-T2PW\docs\pwml_recovery_sprint\evidence\g11\C-052\04-golden-equivalence-r0.json
ok   C:\Users\Angad\Desktop\SummerBIOIN\Project14-T2PW\docs\pwml_recovery_sprint\evidence\g11\C-052\05-focused-ungated-set-r0.json
ok   C:\Users\Angad\Desktop\SummerBIOIN\Project14-T2PW\docs\pwml_recovery_sprint\evidence\g11\C-052\06-base-focused-with-env.json
ok   C:\Users\Angad\Desktop\SummerBIOIN\Project14-T2PW\docs\pwml_recovery_sprint\evidence\g11\C-052\07-base-focused-no-env.json
ok   C:\Users\Angad\Desktop\SummerBIOIN\Project14-T2PW\docs\pwml_recovery_sprint\evidence\g11\C-052\08-db-availability-probe.json
ok   C:\Users\Angad\Desktop\SummerBIOIN\Project14-T2PW\docs\pwml_recovery_sprint\evidence\g11\C-052\09-newtests-at-base.json
ok   C:\Users\Angad\Desktop\SummerBIOIN\Project14-T2PW\docs\pwml_recovery_sprint\evidence\g11\C-052\10-newtests-at-tip.json
ok   C:\Users\Angad\Desktop\SummerBIOIN\Project14-T2PW\docs\pwml_recovery_sprint\evidence\g11\C-052\11-focused-ungated-set-r1.json
ok   C:\Users\Angad\Desktop\SummerBIOIN\Project14-T2PW\docs\pwml_recovery_sprint\evidence\g11\C-052\12-chunkd-full-r0.json
ok   C:\Users\Angad\Desktop\SummerBIOIN\Project14-T2PW\docs\pwml_recovery_sprint\evidence\g11\C-052\13-mono.json
ok   C:\Users\Angad\Desktop\SummerBIOIN\Project14-T2PW\docs\pwml_recovery_sprint\evidence\g11\C-052\14-core.json
ok   C:\Users\Angad\Desktop\SummerBIOIN\Project14-T2PW\docs\pwml_recovery_sprint\evidence\g11\C-052\15-s8.json
ok   C:\Users\Angad\Desktop\SummerBIOIN\Project14-T2PW\docs\pwml_recovery_sprint\evidence\g11\C-052\16-qb.json
ok   C:\Users\Angad\Desktop\SummerBIOIN\Project14-T2PW\docs\pwml_recovery_sprint\evidence\g11\C-052\17-run-core.json
ok   C:\Users\Angad\Desktop\SummerBIOIN\Project14-T2PW\docs\pwml_recovery_sprint\evidence\g11\C-052\18-node00.json
ok   C:\Users\Angad\Desktop\SummerBIOIN\Project14-T2PW\docs\pwml_recovery_sprint\evidence\g11\C-052\19-node01.json
ok   C:\Users\Angad\Desktop\SummerBIOIN\Project14-T2PW\docs\pwml_recovery_sprint\evidence\g11\C-052\20-node02.json
ok   C:\Users\Angad\Desktop\SummerBIOIN\Project14-T2PW\docs\pwml_recovery_sprint\evidence\g11\C-052\21-node03.json
ok   C:\Users\Angad\Desktop\SummerBIOIN\Project14-T2PW\docs\pwml_recovery_sprint\evidence\g11\C-052\22-node04.json
ok   C:\Users\Angad\Desktop\SummerBIOIN\Project14-T2PW\docs\pwml_recovery_sprint\evidence\g11\C-052\23-node05.json
ok   C:\Users\Angad\Desktop\SummerBIOIN\Project14-T2PW\docs\pwml_recovery_sprint\evidence\g11\C-052\24-node06.json
ok   C:\Users\Angad\Desktop\SummerBIOIN\Project14-T2PW\docs\pwml_recovery_sprint\evidence\g11\C-052\25-node07.json
ok   C:\Users\Angad\Desktop\SummerBIOIN\Project14-T2PW\docs\pwml_recovery_sprint\evidence\g11\C-052\26-node08.json
ok   C:\Users\Angad\Desktop\SummerBIOIN\Project14-T2PW\docs\pwml_recovery_sprint\evidence\g11\C-052\27-node09.json
ok   C:\Users\Angad\Desktop\SummerBIOIN\Project14-T2PW\docs\pwml_recovery_sprint\evidence\g11\C-052\28-node10.json
ok   C:\Users\Angad\Desktop\SummerBIOIN\Project14-T2PW\docs\pwml_recovery_sprint\evidence\g11\C-052\29-node11.json
ok   C:\Users\Angad\Desktop\SummerBIOIN\Project14-T2PW\docs\pwml_recovery_sprint\evidence\g11\C-052\30-node12.json
ok   C:\Users\Angad\Desktop\SummerBIOIN\Project14-T2PW\docs\pwml_recovery_sprint\evidence\g11\C-052\31-node13.json
ok   C:\Users\Angad\Desktop\SummerBIOIN\Project14-T2PW\docs\pwml_recovery_sprint\evidence\g11\C-052\32-node14.json
ok   C:\Users\Angad\Desktop\SummerBIOIN\Project14-T2PW\docs\pwml_recovery_sprint\evidence\g11\C-052\33-node15.json
ok   C:\Users\Angad\Desktop\SummerBIOIN\Project14-T2PW\docs\pwml_recovery_sprint\evidence\g11\C-052\34-node16.json
ok   C:\Users\Angad\Desktop\SummerBIOIN\Project14-T2PW\docs\pwml_recovery_sprint\evidence\g11\C-052\35-node17.json
ok   C:\Users\Angad\Desktop\SummerBIOIN\Project14-T2PW\docs\pwml_recovery_sprint\evidence\g11\C-052\36-node18.json
ok   C:\Users\Angad\Desktop\SummerBIOIN\Project14-T2PW\docs\pwml_recovery_sprint\evidence\g11\C-052\37-node19.json
ok   C:\Users\Angad\Desktop\SummerBIOIN\Project14-T2PW\docs\pwml_recovery_sprint\evidence\g11\C-052\38-node20.json
ok   C:\Users\Angad\Desktop\SummerBIOIN\Project14-T2PW\docs\pwml_recovery_sprint\evidence\g11\C-052\39-node21.json
ok   C:\Users\Angad\Desktop\SummerBIOIN\Project14-T2PW\docs\pwml_recovery_sprint\evidence\g11\C-052\40-node22.json
ok   C:\Users\Angad\Desktop\SummerBIOIN\Project14-T2PW\docs\pwml_recovery_sprint\evidence\g11\C-052\41-node23.json
ok   C:\Users\Angad\Desktop\SummerBIOIN\Project14-T2PW\docs\pwml_recovery_sprint\evidence\g11\C-052\42-node24.json
ok   C:\Users\Angad\Desktop\SummerBIOIN\Project14-T2PW\docs\pwml_recovery_sprint\evidence\g11\C-052\43-node25.json
ok   C:\Users\Angad\Desktop\SummerBIOIN\Project14-T2PW\docs\pwml_recovery_sprint\evidence\g11\C-052\44-node26.json
ok   C:\Users\Angad\Desktop\SummerBIOIN\Project14-T2PW\docs\pwml_recovery_sprint\evidence\g11\C-052\45-chunkd-core-diagnose.json
ok   C:\Users\Angad\Desktop\SummerBIOIN\Project14-T2PW\docs\pwml_recovery_sprint\evidence\g11\C-052\46-f051-swap-streamlit-to-base.json
ok   C:\Users\Angad\Desktop\SummerBIOIN\Project14-T2PW\docs\pwml_recovery_sprint\evidence\g11\C-052\47-f051-tip-without-env.json
ok   C:\Users\Angad\Desktop\SummerBIOIN\Project14-T2PW\docs\pwml_recovery_sprint\evidence\g11\C-052\48-smoke-r0.json
ok   C:\Users\Angad\Desktop\SummerBIOIN\Project14-T2PW\docs\pwml_recovery_sprint\evidence\g11\C-052\49-batch-driver-seam-golden.json
ok   C:\Users\Angad\Desktop\SummerBIOIN\Project14-T2PW\docs\pwml_recovery_sprint\evidence\g11\C-053\01-s0-release-record-probe.json
ok   C:\Users\Angad\Desktop\SummerBIOIN\Project14-T2PW\docs\pwml_recovery_sprint\evidence\g11\C-053\02-golden-base-capture.json
ok   C:\Users\Angad\Desktop\SummerBIOIN\Project14-T2PW\docs\pwml_recovery_sprint\evidence\g11\C-053\03-g9-base-proof-8920371.json
ok   C:\Users\Angad\Desktop\SummerBIOIN\Project14-T2PW\docs\pwml_recovery_sprint\evidence\g11\C-053\04-tip-naming-acceptance-r0.json
ok   C:\Users\Angad\Desktop\SummerBIOIN\Project14-T2PW\docs\pwml_recovery_sprint\evidence\g11\C-053\05-golden-tip-capture.json
ok   C:\Users\Angad\Desktop\SummerBIOIN\Project14-T2PW\docs\pwml_recovery_sprint\evidence\g11\C-053\06-golden-slot-delta.json
ok   C:\Users\Angad\Desktop\SummerBIOIN\Project14-T2PW\docs\pwml_recovery_sprint\evidence\g11\C-053\07-golden-slot-delta-final.json
ok   C:\Users\Angad\Desktop\SummerBIOIN\Project14-T2PW\docs\pwml_recovery_sprint\evidence\g11\C-053\08-focused-set-r0.json
ok   C:\Users\Angad\Desktop\SummerBIOIN\Project14-T2PW\docs\pwml_recovery_sprint\evidence\g11\C-053\09-chunkb-r0.json
ok   C:\Users\Angad\Desktop\SummerBIOIN\Project14-T2PW\docs\pwml_recovery_sprint\evidence\g11\C-053\10-smoke-r0.json
ok   C:\Users\Angad\Desktop\SummerBIOIN\Project14-T2PW\docs\pwml_recovery_sprint\evidence\g11\C-053\11-collateral-sweep-r0.json
ok   C:\Users\Angad\Desktop\SummerBIOIN\Project14-T2PW\docs\pwml_recovery_sprint\evidence\g11\C-053\12-collateral-sweep-diagnose.json
ok   C:\Users\Angad\Desktop\SummerBIOIN\Project14-T2PW\docs\pwml_recovery_sprint\evidence\g11\C-053\13-preflight-base-attribution.json
ok   C:\Users\Angad\Desktop\SummerBIOIN\Project14-T2PW\docs\pwml_recovery_sprint\evidence\g11\C-053\14-focused-set-r1.json
ok   C:\Users\Angad\Desktop\SummerBIOIN\Project14-T2PW\docs\pwml_recovery_sprint\evidence\g11\C-053\15-mutation-return-collision.json
ok   C:\Users\Angad\Desktop\SummerBIOIN\Project14-T2PW\docs\pwml_recovery_sprint\evidence\g11\C-053\16-chunkb-r1.json
ok   C:\Users\Angad\Desktop\SummerBIOIN\Project14-T2PW\docs\pwml_recovery_sprint\evidence\g11\C-053\17-smoke-r1.json
ok   C:\Users\Angad\Desktop\SummerBIOIN\Project14-T2PW\docs\pwml_recovery_sprint\evidence\g11\C-054\01-basetree-export.json
ok   C:\Users\Angad\Desktop\SummerBIOIN\Project14-T2PW\docs\pwml_recovery_sprint\evidence\g11\C-054\02-g9-base-arm-on-base.json
ok   C:\Users\Angad\Desktop\SummerBIOIN\Project14-T2PW\docs\pwml_recovery_sprint\evidence\g11\C-054\03-g9-tip-arm-on-tip.json
ok   C:\Users\Angad\Desktop\SummerBIOIN\Project14-T2PW\docs\pwml_recovery_sprint\evidence\g11\C-054\04-g9-tip-arm-on-base.json
ok   C:\Users\Angad\Desktop\SummerBIOIN\Project14-T2PW\docs\pwml_recovery_sprint\evidence\g11\C-054\05-g9-base-arm-on-tip.json
ok   C:\Users\Angad\Desktop\SummerBIOIN\Project14-T2PW\docs\pwml_recovery_sprint\evidence\g11\C-054\06-diff-base-prod-tip-tests.json
ok   C:\Users\Angad\Desktop\SummerBIOIN\Project14-T2PW\docs\pwml_recovery_sprint\evidence\g11\C-054\07-diff-tip-prod-tip-tests.json
ok   C:\Users\Angad\Desktop\SummerBIOIN\Project14-T2PW\docs\pwml_recovery_sprint\evidence\g11\C-054\08-focused-goldset-semantic.json
ok   C:\Users\Angad\Desktop\SummerBIOIN\Project14-T2PW\docs\pwml_recovery_sprint\evidence\g11\C-054\09-focused-acquisition-artifacts.json
ok   C:\Users\Angad\Desktop\SummerBIOIN\Project14-T2PW\docs\pwml_recovery_sprint\evidence\g11\C-054\10-smoke-465.json
ok   C:\Users\Angad\Desktop\SummerBIOIN\Project14-T2PW\docs\pwml_recovery_sprint\evidence\g11\C-054\11-probe-tip-arm-final-tip.json
ok   C:\Users\Angad\Desktop\SummerBIOIN\Project14-T2PW\docs\pwml_recovery_sprint\evidence\g11\C-054\12-probe-base-arm-final-tip.json
ok   C:\Users\Angad\Desktop\SummerBIOIN\Project14-T2PW\docs\pwml_recovery_sprint\evidence\g11\C-054\13-smoke-collect-base.json
ok   C:\Users\Angad\Desktop\SummerBIOIN\Project14-T2PW\docs\pwml_recovery_sprint\evidence\g11\C-054\14-smoke-collect-tip.json
ok   C:\Users\Angad\Desktop\SummerBIOIN\Project14-T2PW\docs\pwml_recovery_sprint\evidence\g11\C-054\15-comb-focused-pair.json
ok   C:\Users\Angad\Desktop\SummerBIOIN\Project14-T2PW\docs\pwml_recovery_sprint\evidence\g11\C-054\16-comb-smoke-465.json
ok   C:\Users\Angad\Desktop\SummerBIOIN\Project14-T2PW\docs\pwml_recovery_sprint\evidence\g11\C-054\17-comb-preprocessor.json
ok   C:\Users\Angad\Desktop\SummerBIOIN\Project14-T2PW\docs\pwml_recovery_sprint\evidence\g11\C-054\18-chunkd-outer.json
ok   C:\Users\Angad\Desktop\SummerBIOIN\Project14-T2PW\docs\pwml_recovery_sprint\evidence\g11\C-054\19-mono.json
ok   C:\Users\Angad\Desktop\SummerBIOIN\Project14-T2PW\docs\pwml_recovery_sprint\evidence\g11\C-054\20-core.json
ok   C:\Users\Angad\Desktop\SummerBIOIN\Project14-T2PW\docs\pwml_recovery_sprint\evidence\g11\C-054\21-s8.json
ok   C:\Users\Angad\Desktop\SummerBIOIN\Project14-T2PW\docs\pwml_recovery_sprint\evidence\g11\C-054\22-qb.json
ok   C:\Users\Angad\Desktop\SummerBIOIN\Project14-T2PW\docs\pwml_recovery_sprint\evidence\g11\C-054\23-run-core.json
ok   C:\Users\Angad\Desktop\SummerBIOIN\Project14-T2PW\docs\pwml_recovery_sprint\evidence\g11\C-054\24-node00.json
ok   C:\Users\Angad\Desktop\SummerBIOIN\Project14-T2PW\docs\pwml_recovery_sprint\evidence\g11\C-054\25-node01.json
ok   C:\Users\Angad\Desktop\SummerBIOIN\Project14-T2PW\docs\pwml_recovery_sprint\evidence\g11\C-054\26-node02.json
ok   C:\Users\Angad\Desktop\SummerBIOIN\Project14-T2PW\docs\pwml_recovery_sprint\evidence\g11\C-054\27-node03.json
ok   C:\Users\Angad\Desktop\SummerBIOIN\Project14-T2PW\docs\pwml_recovery_sprint\evidence\g11\C-054\28-node04.json
ok   C:\Users\Angad\Desktop\SummerBIOIN\Project14-T2PW\docs\pwml_recovery_sprint\evidence\g11\C-054\29-node05.json
ok   C:\Users\Angad\Desktop\SummerBIOIN\Project14-T2PW\docs\pwml_recovery_sprint\evidence\g11\C-054\30-node06.json
ok   C:\Users\Angad\Desktop\SummerBIOIN\Project14-T2PW\docs\pwml_recovery_sprint\evidence\g11\C-054\31-node07.json
ok   C:\Users\Angad\Desktop\SummerBIOIN\Project14-T2PW\docs\pwml_recovery_sprint\evidence\g11\C-054\32-node08.json
ok   C:\Users\Angad\Desktop\SummerBIOIN\Project14-T2PW\docs\pwml_recovery_sprint\evidence\g11\C-054\33-node09.json
ok   C:\Users\Angad\Desktop\SummerBIOIN\Project14-T2PW\docs\pwml_recovery_sprint\evidence\g11\C-054\34-node10.json
ok   C:\Users\Angad\Desktop\SummerBIOIN\Project14-T2PW\docs\pwml_recovery_sprint\evidence\g11\C-054\35-node11.json
ok   C:\Users\Angad\Desktop\SummerBIOIN\Project14-T2PW\docs\pwml_recovery_sprint\evidence\g11\C-054\36-node12.json
ok   C:\Users\Angad\Desktop\SummerBIOIN\Project14-T2PW\docs\pwml_recovery_sprint\evidence\g11\C-054\37-node13.json
ok   C:\Users\Angad\Desktop\SummerBIOIN\Project14-T2PW\docs\pwml_recovery_sprint\evidence\g11\C-054\38-node14.json
ok   C:\Users\Angad\Desktop\SummerBIOIN\Project14-T2PW\docs\pwml_recovery_sprint\evidence\g11\C-054\39-node15.json
ok   C:\Users\Angad\Desktop\SummerBIOIN\Project14-T2PW\docs\pwml_recovery_sprint\evidence\g11\C-054\40-node16.json
ok   C:\Users\Angad\Desktop\SummerBIOIN\Project14-T2PW\docs\pwml_recovery_sprint\evidence\g11\C-054\41-node17.json
ok   C:\Users\Angad\Desktop\SummerBIOIN\Project14-T2PW\docs\pwml_recovery_sprint\evidence\g11\C-054\42-node18.json
ok   C:\Users\Angad\Desktop\SummerBIOIN\Project14-T2PW\docs\pwml_recovery_sprint\evidence\g11\C-054\43-node19.json
ok   C:\Users\Angad\Desktop\SummerBIOIN\Project14-T2PW\docs\pwml_recovery_sprint\evidence\g11\C-054\44-node20.json
ok   C:\Users\Angad\Desktop\SummerBIOIN\Project14-T2PW\docs\pwml_recovery_sprint\evidence\g11\C-054\45-node21.json
ok   C:\Users\Angad\Desktop\SummerBIOIN\Project14-T2PW\docs\pwml_recovery_sprint\evidence\g11\C-054\46-node22.json
ok   C:\Users\Angad\Desktop\SummerBIOIN\Project14-T2PW\docs\pwml_recovery_sprint\evidence\g11\C-054\47-node23.json
ok   C:\Users\Angad\Desktop\SummerBIOIN\Project14-T2PW\docs\pwml_recovery_sprint\evidence\g11\C-054\48-node24.json
ok   C:\Users\Angad\Desktop\SummerBIOIN\Project14-T2PW\docs\pwml_recovery_sprint\evidence\g11\C-054\49-node25.json
ok   C:\Users\Angad\Desktop\SummerBIOIN\Project14-T2PW\docs\pwml_recovery_sprint\evidence\g11\C-054\50-node26.json
ok   C:\Users\Angad\Desktop\SummerBIOIN\Project14-T2PW\docs\pwml_recovery_sprint\evidence\g11\C-054\51-writer-node-base-prod-no-env.json
ok   C:\Users\Angad\Desktop\SummerBIOIN\Project14-T2PW\docs\pwml_recovery_sprint\evidence\g11\C-054\52-writer-node-tip-prod-no-env.json
ok   C:\Users\Angad\Desktop\SummerBIOIN\Project14-T2PW\docs\pwml_recovery_sprint\evidence\g11\C-054\53-qb-node15-tip-prod-no-env.json
ok   C:\Users\Angad\Desktop\SummerBIOIN\Project14-T2PW\docs\pwml_recovery_sprint\evidence\g11\C-054\54-postmerge-smoke-465.json
ok   C:\Users\Angad\Desktop\SummerBIOIN\Project14-T2PW\docs\pwml_recovery_sprint\evidence\g11\C-055\01-focused-unit-r1.json
ok   C:\Users\Angad\Desktop\SummerBIOIN\Project14-T2PW\docs\pwml_recovery_sprint\evidence\g11\C-055\02-focused-unit-r2.json
ok   C:\Users\Angad\Desktop\SummerBIOIN\Project14-T2PW\docs\pwml_recovery_sprint\evidence\g11\C-055\03-apptest-r1.json
ok   C:\Users\Angad\Desktop\SummerBIOIN\Project14-T2PW\docs\pwml_recovery_sprint\evidence\g11\C-055\04-apptest-r2.json
ok   C:\Users\Angad\Desktop\SummerBIOIN\Project14-T2PW\docs\pwml_recovery_sprint\evidence\g11\C-055\06-tree-identity.json
ok   C:\Users\Angad\Desktop\SummerBIOIN\Project14-T2PW\docs\pwml_recovery_sprint\evidence\g11\C-055\07-f049-controller-policy-delta-cap.json
ok   C:\Users\Angad\Desktop\SummerBIOIN\Project14-T2PW\docs\pwml_recovery_sprint\evidence\g11\C-055\08-f049-c060a-preflight.json
ok   C:\Users\Angad\Desktop\SummerBIOIN\Project14-T2PW\docs\pwml_recovery_sprint\evidence\g11\C-055\09-c060a-diagnose.json
ok   C:\Users\Angad\Desktop\SummerBIOIN\Project14-T2PW\docs\pwml_recovery_sprint\evidence\g11\C-055\100-node06.json
ok   C:\Users\Angad\Desktop\SummerBIOIN\Project14-T2PW\docs\pwml_recovery_sprint\evidence\g11\C-055\101-node07.json
ok   C:\Users\Angad\Desktop\SummerBIOIN\Project14-T2PW\docs\pwml_recovery_sprint\evidence\g11\C-055\102-node08.json
ok   C:\Users\Angad\Desktop\SummerBIOIN\Project14-T2PW\docs\pwml_recovery_sprint\evidence\g11\C-055\103-node09.json
ok   C:\Users\Angad\Desktop\SummerBIOIN\Project14-T2PW\docs\pwml_recovery_sprint\evidence\g11\C-055\104-node10.json
ok   C:\Users\Angad\Desktop\SummerBIOIN\Project14-T2PW\docs\pwml_recovery_sprint\evidence\g11\C-055\105-node11.json
ok   C:\Users\Angad\Desktop\SummerBIOIN\Project14-T2PW\docs\pwml_recovery_sprint\evidence\g11\C-055\106-node12.json
ok   C:\Users\Angad\Desktop\SummerBIOIN\Project14-T2PW\docs\pwml_recovery_sprint\evidence\g11\C-055\107-node13.json
ok   C:\Users\Angad\Desktop\SummerBIOIN\Project14-T2PW\docs\pwml_recovery_sprint\evidence\g11\C-055\108-node14.json
ok   C:\Users\Angad\Desktop\SummerBIOIN\Project14-T2PW\docs\pwml_recovery_sprint\evidence\g11\C-055\109-node15.json
ok   C:\Users\Angad\Desktop\SummerBIOIN\Project14-T2PW\docs\pwml_recovery_sprint\evidence\g11\C-055\11-order-diagnose.json
ok   C:\Users\Angad\Desktop\SummerBIOIN\Project14-T2PW\docs\pwml_recovery_sprint\evidence\g11\C-055\110-node16.json
ok   C:\Users\Angad\Desktop\SummerBIOIN\Project14-T2PW\docs\pwml_recovery_sprint\evidence\g11\C-055\111-node17.json
ok   C:\Users\Angad\Desktop\SummerBIOIN\Project14-T2PW\docs\pwml_recovery_sprint\evidence\g11\C-055\112-node18.json
ok   C:\Users\Angad\Desktop\SummerBIOIN\Project14-T2PW\docs\pwml_recovery_sprint\evidence\g11\C-055\113-node19.json
ok   C:\Users\Angad\Desktop\SummerBIOIN\Project14-T2PW\docs\pwml_recovery_sprint\evidence\g11\C-055\114-node20.json
ok   C:\Users\Angad\Desktop\SummerBIOIN\Project14-T2PW\docs\pwml_recovery_sprint\evidence\g11\C-055\115-node21.json
ok   C:\Users\Angad\Desktop\SummerBIOIN\Project14-T2PW\docs\pwml_recovery_sprint\evidence\g11\C-055\116-node22.json
ok   C:\Users\Angad\Desktop\SummerBIOIN\Project14-T2PW\docs\pwml_recovery_sprint\evidence\g11\C-055\117-node23.json
ok   C:\Users\Angad\Desktop\SummerBIOIN\Project14-T2PW\docs\pwml_recovery_sprint\evidence\g11\C-055\118-node24.json
ok   C:\Users\Angad\Desktop\SummerBIOIN\Project14-T2PW\docs\pwml_recovery_sprint\evidence\g11\C-055\119-node25.json
ok   C:\Users\Angad\Desktop\SummerBIOIN\Project14-T2PW\docs\pwml_recovery_sprint\evidence\g11\C-055\12-order-diagnose-2.json
ok   C:\Users\Angad\Desktop\SummerBIOIN\Project14-T2PW\docs\pwml_recovery_sprint\evidence\g11\C-055\120-node26.json
ok   C:\Users\Angad\Desktop\SummerBIOIN\Project14-T2PW\docs\pwml_recovery_sprint\evidence\g11\C-055\13-c055-own-tests-full.json
ok   C:\Users\Angad\Desktop\SummerBIOIN\Project14-T2PW\docs\pwml_recovery_sprint\evidence\g11\C-055\14-f049-c060a-preflight-r2.json
ok   C:\Users\Angad\Desktop\SummerBIOIN\Project14-T2PW\docs\pwml_recovery_sprint\evidence\g11\C-055\15-smoke-465.json
ok   C:\Users\Angad\Desktop\SummerBIOIN\Project14-T2PW\docs\pwml_recovery_sprint\evidence\g11\C-055\16-chunk-d-outer.json
ok   C:\Users\Angad\Desktop\SummerBIOIN\Project14-T2PW\docs\pwml_recovery_sprint\evidence\g11\C-055\17-mono.json
ok   C:\Users\Angad\Desktop\SummerBIOIN\Project14-T2PW\docs\pwml_recovery_sprint\evidence\g11\C-055\18-core.json
ok   C:\Users\Angad\Desktop\SummerBIOIN\Project14-T2PW\docs\pwml_recovery_sprint\evidence\g11\C-055\19-s8.json
ok   C:\Users\Angad\Desktop\SummerBIOIN\Project14-T2PW\docs\pwml_recovery_sprint\evidence\g11\C-055\20-qb.json
ok   C:\Users\Angad\Desktop\SummerBIOIN\Project14-T2PW\docs\pwml_recovery_sprint\evidence\g11\C-055\21-run-core.json
ok   C:\Users\Angad\Desktop\SummerBIOIN\Project14-T2PW\docs\pwml_recovery_sprint\evidence\g11\C-055\22-node00.json
ok   C:\Users\Angad\Desktop\SummerBIOIN\Project14-T2PW\docs\pwml_recovery_sprint\evidence\g11\C-055\23-node01.json
ok   C:\Users\Angad\Desktop\SummerBIOIN\Project14-T2PW\docs\pwml_recovery_sprint\evidence\g11\C-055\24-node02.json
ok   C:\Users\Angad\Desktop\SummerBIOIN\Project14-T2PW\docs\pwml_recovery_sprint\evidence\g11\C-055\25-node03.json
ok   C:\Users\Angad\Desktop\SummerBIOIN\Project14-T2PW\docs\pwml_recovery_sprint\evidence\g11\C-055\26-node04.json
ok   C:\Users\Angad\Desktop\SummerBIOIN\Project14-T2PW\docs\pwml_recovery_sprint\evidence\g11\C-055\27-node05.json
ok   C:\Users\Angad\Desktop\SummerBIOIN\Project14-T2PW\docs\pwml_recovery_sprint\evidence\g11\C-055\28-node06.json
ok   C:\Users\Angad\Desktop\SummerBIOIN\Project14-T2PW\docs\pwml_recovery_sprint\evidence\g11\C-055\29-node07.json
ok   C:\Users\Angad\Desktop\SummerBIOIN\Project14-T2PW\docs\pwml_recovery_sprint\evidence\g11\C-055\30-node08.json
ok   C:\Users\Angad\Desktop\SummerBIOIN\Project14-T2PW\docs\pwml_recovery_sprint\evidence\g11\C-055\31-node09.json
ok   C:\Users\Angad\Desktop\SummerBIOIN\Project14-T2PW\docs\pwml_recovery_sprint\evidence\g11\C-055\32-node10.json
ok   C:\Users\Angad\Desktop\SummerBIOIN\Project14-T2PW\docs\pwml_recovery_sprint\evidence\g11\C-055\33-node11.json
ok   C:\Users\Angad\Desktop\SummerBIOIN\Project14-T2PW\docs\pwml_recovery_sprint\evidence\g11\C-055\34-node12.json
ok   C:\Users\Angad\Desktop\SummerBIOIN\Project14-T2PW\docs\pwml_recovery_sprint\evidence\g11\C-055\35-node13.json
ok   C:\Users\Angad\Desktop\SummerBIOIN\Project14-T2PW\docs\pwml_recovery_sprint\evidence\g11\C-055\36-node14.json
ok   C:\Users\Angad\Desktop\SummerBIOIN\Project14-T2PW\docs\pwml_recovery_sprint\evidence\g11\C-055\37-node15.json
ok   C:\Users\Angad\Desktop\SummerBIOIN\Project14-T2PW\docs\pwml_recovery_sprint\evidence\g11\C-055\38-node16.json
ok   C:\Users\Angad\Desktop\SummerBIOIN\Project14-T2PW\docs\pwml_recovery_sprint\evidence\g11\C-055\39-node17.json
ok   C:\Users\Angad\Desktop\SummerBIOIN\Project14-T2PW\docs\pwml_recovery_sprint\evidence\g11\C-055\40-node18.json
ok   C:\Users\Angad\Desktop\SummerBIOIN\Project14-T2PW\docs\pwml_recovery_sprint\evidence\g11\C-055\41-node19.json
ok   C:\Users\Angad\Desktop\SummerBIOIN\Project14-T2PW\docs\pwml_recovery_sprint\evidence\g11\C-055\42-node20.json
ok   C:\Users\Angad\Desktop\SummerBIOIN\Project14-T2PW\docs\pwml_recovery_sprint\evidence\g11\C-055\43-node21.json
ok   C:\Users\Angad\Desktop\SummerBIOIN\Project14-T2PW\docs\pwml_recovery_sprint\evidence\g11\C-055\44-node22.json
ok   C:\Users\Angad\Desktop\SummerBIOIN\Project14-T2PW\docs\pwml_recovery_sprint\evidence\g11\C-055\45-node23.json
ok   C:\Users\Angad\Desktop\SummerBIOIN\Project14-T2PW\docs\pwml_recovery_sprint\evidence\g11\C-055\46-node24.json
ok   C:\Users\Angad\Desktop\SummerBIOIN\Project14-T2PW\docs\pwml_recovery_sprint\evidence\g11\C-055\47-node25.json
ok   C:\Users\Angad\Desktop\SummerBIOIN\Project14-T2PW\docs\pwml_recovery_sprint\evidence\g11\C-055\48-node26.json
ok   C:\Users\Angad\Desktop\SummerBIOIN\Project14-T2PW\docs\pwml_recovery_sprint\evidence\g11\C-055\49-own-tests-r3.json
ok   C:\Users\Angad\Desktop\SummerBIOIN\Project14-T2PW\docs\pwml_recovery_sprint\evidence\g11\C-055\50-qb-node19-recheck.json
ok   C:\Users\Angad\Desktop\SummerBIOIN\Project14-T2PW\docs\pwml_recovery_sprint\evidence\g11\C-055\51-chunk-d-outer-r2.json
ok   C:\Users\Angad\Desktop\SummerBIOIN\Project14-T2PW\docs\pwml_recovery_sprint\evidence\g11\C-055\52-mono.json
ok   C:\Users\Angad\Desktop\SummerBIOIN\Project14-T2PW\docs\pwml_recovery_sprint\evidence\g11\C-055\53-core.json
ok   C:\Users\Angad\Desktop\SummerBIOIN\Project14-T2PW\docs\pwml_recovery_sprint\evidence\g11\C-055\54-s8.json
ok   C:\Users\Angad\Desktop\SummerBIOIN\Project14-T2PW\docs\pwml_recovery_sprint\evidence\g11\C-055\55-qb.json
ok   C:\Users\Angad\Desktop\SummerBIOIN\Project14-T2PW\docs\pwml_recovery_sprint\evidence\g11\C-055\56-run-core.json
ok   C:\Users\Angad\Desktop\SummerBIOIN\Project14-T2PW\docs\pwml_recovery_sprint\evidence\g11\C-055\57-node00.json
ok   C:\Users\Angad\Desktop\SummerBIOIN\Project14-T2PW\docs\pwml_recovery_sprint\evidence\g11\C-055\58-node01.json
ok   C:\Users\Angad\Desktop\SummerBIOIN\Project14-T2PW\docs\pwml_recovery_sprint\evidence\g11\C-055\59-node02.json
ok   C:\Users\Angad\Desktop\SummerBIOIN\Project14-T2PW\docs\pwml_recovery_sprint\evidence\g11\C-055\60-node03.json
ok   C:\Users\Angad\Desktop\SummerBIOIN\Project14-T2PW\docs\pwml_recovery_sprint\evidence\g11\C-055\61-node04.json
ok   C:\Users\Angad\Desktop\SummerBIOIN\Project14-T2PW\docs\pwml_recovery_sprint\evidence\g11\C-055\62-node05.json
ok   C:\Users\Angad\Desktop\SummerBIOIN\Project14-T2PW\docs\pwml_recovery_sprint\evidence\g11\C-055\63-node06.json
ok   C:\Users\Angad\Desktop\SummerBIOIN\Project14-T2PW\docs\pwml_recovery_sprint\evidence\g11\C-055\64-node07.json
ok   C:\Users\Angad\Desktop\SummerBIOIN\Project14-T2PW\docs\pwml_recovery_sprint\evidence\g11\C-055\65-node08.json
ok   C:\Users\Angad\Desktop\SummerBIOIN\Project14-T2PW\docs\pwml_recovery_sprint\evidence\g11\C-055\66-node09.json
ok   C:\Users\Angad\Desktop\SummerBIOIN\Project14-T2PW\docs\pwml_recovery_sprint\evidence\g11\C-055\67-node10.json
ok   C:\Users\Angad\Desktop\SummerBIOIN\Project14-T2PW\docs\pwml_recovery_sprint\evidence\g11\C-055\68-node11.json
ok   C:\Users\Angad\Desktop\SummerBIOIN\Project14-T2PW\docs\pwml_recovery_sprint\evidence\g11\C-055\69-node12.json
ok   C:\Users\Angad\Desktop\SummerBIOIN\Project14-T2PW\docs\pwml_recovery_sprint\evidence\g11\C-055\70-node13.json
ok   C:\Users\Angad\Desktop\SummerBIOIN\Project14-T2PW\docs\pwml_recovery_sprint\evidence\g11\C-055\71-node14.json
ok   C:\Users\Angad\Desktop\SummerBIOIN\Project14-T2PW\docs\pwml_recovery_sprint\evidence\g11\C-055\72-node15.json
ok   C:\Users\Angad\Desktop\SummerBIOIN\Project14-T2PW\docs\pwml_recovery_sprint\evidence\g11\C-055\73-node16.json
ok   C:\Users\Angad\Desktop\SummerBIOIN\Project14-T2PW\docs\pwml_recovery_sprint\evidence\g11\C-055\74-node17.json
ok   C:\Users\Angad\Desktop\SummerBIOIN\Project14-T2PW\docs\pwml_recovery_sprint\evidence\g11\C-055\75-node18.json
ok   C:\Users\Angad\Desktop\SummerBIOIN\Project14-T2PW\docs\pwml_recovery_sprint\evidence\g11\C-055\76-node19.json
ok   C:\Users\Angad\Desktop\SummerBIOIN\Project14-T2PW\docs\pwml_recovery_sprint\evidence\g11\C-055\77-node20.json
ok   C:\Users\Angad\Desktop\SummerBIOIN\Project14-T2PW\docs\pwml_recovery_sprint\evidence\g11\C-055\78-node21.json
ok   C:\Users\Angad\Desktop\SummerBIOIN\Project14-T2PW\docs\pwml_recovery_sprint\evidence\g11\C-055\79-node22.json
ok   C:\Users\Angad\Desktop\SummerBIOIN\Project14-T2PW\docs\pwml_recovery_sprint\evidence\g11\C-055\80-node23.json
ok   C:\Users\Angad\Desktop\SummerBIOIN\Project14-T2PW\docs\pwml_recovery_sprint\evidence\g11\C-055\81-node24.json
ok   C:\Users\Angad\Desktop\SummerBIOIN\Project14-T2PW\docs\pwml_recovery_sprint\evidence\g11\C-055\82-node25.json
ok   C:\Users\Angad\Desktop\SummerBIOIN\Project14-T2PW\docs\pwml_recovery_sprint\evidence\g11\C-055\83-node26.json
ok   C:\Users\Angad\Desktop\SummerBIOIN\Project14-T2PW\docs\pwml_recovery_sprint\evidence\g11\C-055\84-smoke-465-final.json
ok   C:\Users\Angad\Desktop\SummerBIOIN\Project14-T2PW\docs\pwml_recovery_sprint\evidence\g11\C-055\85-f049-a-final.json
ok   C:\Users\Angad\Desktop\SummerBIOIN\Project14-T2PW\docs\pwml_recovery_sprint\evidence\g11\C-055\86-f049-b-final.json
ok   C:\Users\Angad\Desktop\SummerBIOIN\Project14-T2PW\docs\pwml_recovery_sprint\evidence\g11\C-055\87-own-final.json
ok   C:\Users\Angad\Desktop\SummerBIOIN\Project14-T2PW\docs\pwml_recovery_sprint\evidence\g11\C-055\88-chunk-d-final.json
ok   C:\Users\Angad\Desktop\SummerBIOIN\Project14-T2PW\docs\pwml_recovery_sprint\evidence\g11\C-055\89-mono.json
ok   C:\Users\Angad\Desktop\SummerBIOIN\Project14-T2PW\docs\pwml_recovery_sprint\evidence\g11\C-055\90-core.json
ok   C:\Users\Angad\Desktop\SummerBIOIN\Project14-T2PW\docs\pwml_recovery_sprint\evidence\g11\C-055\91-s8.json
ok   C:\Users\Angad\Desktop\SummerBIOIN\Project14-T2PW\docs\pwml_recovery_sprint\evidence\g11\C-055\92-qb.json
ok   C:\Users\Angad\Desktop\SummerBIOIN\Project14-T2PW\docs\pwml_recovery_sprint\evidence\g11\C-055\93-run-core.json
ok   C:\Users\Angad\Desktop\SummerBIOIN\Project14-T2PW\docs\pwml_recovery_sprint\evidence\g11\C-055\94-node00.json
ok   C:\Users\Angad\Desktop\SummerBIOIN\Project14-T2PW\docs\pwml_recovery_sprint\evidence\g11\C-055\95-node01.json
ok   C:\Users\Angad\Desktop\SummerBIOIN\Project14-T2PW\docs\pwml_recovery_sprint\evidence\g11\C-055\96-node02.json
ok   C:\Users\Angad\Desktop\SummerBIOIN\Project14-T2PW\docs\pwml_recovery_sprint\evidence\g11\C-055\97-node03.json
ok   C:\Users\Angad\Desktop\SummerBIOIN\Project14-T2PW\docs\pwml_recovery_sprint\evidence\g11\C-055\98-node04.json
ok   C:\Users\Angad\Desktop\SummerBIOIN\Project14-T2PW\docs\pwml_recovery_sprint\evidence\g11\C-055\99-node05.json
ok   C:\Users\Angad\Desktop\SummerBIOIN\Project14-T2PW\docs\pwml_recovery_sprint\evidence\g11\C-056a\01-s0-base-measure.json
ok   C:\Users\Angad\Desktop\SummerBIOIN\Project14-T2PW\docs\pwml_recovery_sprint\evidence\g11\C-056a\02-s0-probe.json
ok   C:\Users\Angad\Desktop\SummerBIOIN\Project14-T2PW\docs\pwml_recovery_sprint\evidence\g11\C-056a\03-s0-probe-both-derivations.json
ok   C:\Users\Angad\Desktop\SummerBIOIN\Project14-T2PW\docs\pwml_recovery_sprint\evidence\g11\C-056a\04-wiring-sanity.json
ok   C:\Users\Angad\Desktop\SummerBIOIN\Project14-T2PW\docs\pwml_recovery_sprint\evidence\g11\C-056a\05-tip-reachability.json
ok   C:\Users\Angad\Desktop\SummerBIOIN\Project14-T2PW\docs\pwml_recovery_sprint\evidence\g11\C-056a\06-new-acceptance-1.json
ok   C:\Users\Angad\Desktop\SummerBIOIN\Project14-T2PW\docs\pwml_recovery_sprint\evidence\g11\C-056a\07-new-acceptance-2.json
ok   C:\Users\Angad\Desktop\SummerBIOIN\Project14-T2PW\docs\pwml_recovery_sprint\evidence\g11\C-056a\08-focused-seam-and-classification.json
ok   C:\Users\Angad\Desktop\SummerBIOIN\Project14-T2PW\docs\pwml_recovery_sprint\evidence\g11\C-056a\09-c017-regression.json
ok   C:\Users\Angad\Desktop\SummerBIOIN\Project14-T2PW\docs\pwml_recovery_sprint\evidence\g11\C-056a\10-affected-cohort.json
ok   C:\Users\Angad\Desktop\SummerBIOIN\Project14-T2PW\docs\pwml_recovery_sprint\evidence\g11\C-056a\11-base-preexisting-failures.json
ok   C:\Users\Angad\Desktop\SummerBIOIN\Project14-T2PW\docs\pwml_recovery_sprint\evidence\g11\C-056a\12-chunk-b.json
ok   C:\Users\Angad\Desktop\SummerBIOIN\Project14-T2PW\docs\pwml_recovery_sprint\evidence\g11\C-056a\13-smoke-460.json
ok   C:\Users\Angad\Desktop\SummerBIOIN\Project14-T2PW\docs\pwml_recovery_sprint\evidence\g11\C-056a\14-qb-db-preflight.json
ok   C:\Users\Angad\Desktop\SummerBIOIN\Project14-T2PW\docs\pwml_recovery_sprint\evidence\g11\C-056a\15-chunkd-qb-outer.json
ok   C:\Users\Angad\Desktop\SummerBIOIN\Project14-T2PW\docs\pwml_recovery_sprint\evidence\g11\C-056a\16-mono.json
ok   C:\Users\Angad\Desktop\SummerBIOIN\Project14-T2PW\docs\pwml_recovery_sprint\evidence\g11\C-056a\17-core.json
ok   C:\Users\Angad\Desktop\SummerBIOIN\Project14-T2PW\docs\pwml_recovery_sprint\evidence\g11\C-056a\18-s8.json
ok   C:\Users\Angad\Desktop\SummerBIOIN\Project14-T2PW\docs\pwml_recovery_sprint\evidence\g11\C-056a\19-qb.json
ok   C:\Users\Angad\Desktop\SummerBIOIN\Project14-T2PW\docs\pwml_recovery_sprint\evidence\g11\C-056a\20-node04.json
ok   C:\Users\Angad\Desktop\SummerBIOIN\Project14-T2PW\docs\pwml_recovery_sprint\evidence\g11\C-056a\21-node05.json
ok   C:\Users\Angad\Desktop\SummerBIOIN\Project14-T2PW\docs\pwml_recovery_sprint\evidence\g11\C-056a\22-node06.json
ok   C:\Users\Angad\Desktop\SummerBIOIN\Project14-T2PW\docs\pwml_recovery_sprint\evidence\g11\C-056a\23-node07.json
ok   C:\Users\Angad\Desktop\SummerBIOIN\Project14-T2PW\docs\pwml_recovery_sprint\evidence\g11\C-056a\24-node08.json
ok   C:\Users\Angad\Desktop\SummerBIOIN\Project14-T2PW\docs\pwml_recovery_sprint\evidence\g11\C-056a\25-node09.json
ok   C:\Users\Angad\Desktop\SummerBIOIN\Project14-T2PW\docs\pwml_recovery_sprint\evidence\g11\C-056a\26-node10.json
ok   C:\Users\Angad\Desktop\SummerBIOIN\Project14-T2PW\docs\pwml_recovery_sprint\evidence\g11\C-056a\27-node11.json
ok   C:\Users\Angad\Desktop\SummerBIOIN\Project14-T2PW\docs\pwml_recovery_sprint\evidence\g11\C-056a\28-node12.json
ok   C:\Users\Angad\Desktop\SummerBIOIN\Project14-T2PW\docs\pwml_recovery_sprint\evidence\g11\C-056a\29-node13.json
ok   C:\Users\Angad\Desktop\SummerBIOIN\Project14-T2PW\docs\pwml_recovery_sprint\evidence\g11\C-056a\30-node14.json
ok   C:\Users\Angad\Desktop\SummerBIOIN\Project14-T2PW\docs\pwml_recovery_sprint\evidence\g11\C-056a\31-node15.json
ok   C:\Users\Angad\Desktop\SummerBIOIN\Project14-T2PW\docs\pwml_recovery_sprint\evidence\g11\C-056a\32-node16.json
ok   C:\Users\Angad\Desktop\SummerBIOIN\Project14-T2PW\docs\pwml_recovery_sprint\evidence\g11\C-056a\33-node17.json
ok   C:\Users\Angad\Desktop\SummerBIOIN\Project14-T2PW\docs\pwml_recovery_sprint\evidence\g11\C-056a\34-node18.json
ok   C:\Users\Angad\Desktop\SummerBIOIN\Project14-T2PW\docs\pwml_recovery_sprint\evidence\g11\C-056a\35-node19.json
ok   C:\Users\Angad\Desktop\SummerBIOIN\Project14-T2PW\docs\pwml_recovery_sprint\evidence\g11\C-056a\36-node20.json
ok   C:\Users\Angad\Desktop\SummerBIOIN\Project14-T2PW\docs\pwml_recovery_sprint\evidence\g11\C-056a\37-node21.json
ok   C:\Users\Angad\Desktop\SummerBIOIN\Project14-T2PW\docs\pwml_recovery_sprint\evidence\g11\C-056a\38-node22.json
ok   C:\Users\Angad\Desktop\SummerBIOIN\Project14-T2PW\docs\pwml_recovery_sprint\evidence\g11\C-056a\39-node23.json
ok   C:\Users\Angad\Desktop\SummerBIOIN\Project14-T2PW\docs\pwml_recovery_sprint\evidence\g11\C-056a\40-node24.json
ok   C:\Users\Angad\Desktop\SummerBIOIN\Project14-T2PW\docs\pwml_recovery_sprint\evidence\g11\C-056a\41-node25.json
ok   C:\Users\Angad\Desktop\SummerBIOIN\Project14-T2PW\docs\pwml_recovery_sprint\evidence\g11\C-056a\42-node26.json
ok   C:\Users\Angad\Desktop\SummerBIOIN\Project14-T2PW\docs\pwml_recovery_sprint\evidence\g11\C-056a\43-diag-node15-tip.json
ok   C:\Users\Angad\Desktop\SummerBIOIN\Project14-T2PW\docs\pwml_recovery_sprint\evidence\g11\C-056a\44-diag-node15-base.json
ok   C:\Users\Angad\Desktop\SummerBIOIN\Project14-T2PW\docs\pwml_recovery_sprint\evidence\g11\C-056a\45-diag-node15-base-with-db.json
ok   C:\Users\Angad\Desktop\SummerBIOIN\Project14-T2PW\docs\pwml_recovery_sprint\evidence\g11\C-056a\46-chunk-b-recount.json
ok   C:\Users\Angad\Desktop\SummerBIOIN\Project14-T2PW\docs\pwml_recovery_sprint\evidence\g11\C-056a\47-smoke-460-recount.json
ok   C:\Users\Angad\Desktop\SummerBIOIN\Project14-T2PW\docs\pwml_recovery_sprint\evidence\g11\C-056b\01-s0measure.json
ok   C:\Users\Angad\Desktop\SummerBIOIN\Project14-T2PW\docs\pwml_recovery_sprint\evidence\g11\C-056b\02-g9-tip.json
ok   C:\Users\Angad\Desktop\SummerBIOIN\Project14-T2PW\docs\pwml_recovery_sprint\evidence\g11\C-056b\03-g9-base-worktree.json
ok   C:\Users\Angad\Desktop\SummerBIOIN\Project14-T2PW\docs\pwml_recovery_sprint\evidence\g11\C-056b\04-g9-sametree-swap.json
ok   C:\Users\Angad\Desktop\SummerBIOIN\Project14-T2PW\docs\pwml_recovery_sprint\evidence\g11\C-056b\05-chunk-b.json
ok   C:\Users\Angad\Desktop\SummerBIOIN\Project14-T2PW\docs\pwml_recovery_sprint\evidence\g11\C-056b\06-smoke-460.json
ok   C:\Users\Angad\Desktop\SummerBIOIN\Project14-T2PW\docs\pwml_recovery_sprint\evidence\g11\C-056b\07-focused-nochunk.json
ok   C:\Users\Angad\Desktop\SummerBIOIN\Project14-T2PW\docs\pwml_recovery_sprint\evidence\g11\C-056b\08-golden-tip.json
ok   C:\Users\Angad\Desktop\SummerBIOIN\Project14-T2PW\docs\pwml_recovery_sprint\evidence\g11\C-056b\09-golden-base.json
ok   C:\Users\Angad\Desktop\SummerBIOIN\Project14-T2PW\docs\pwml_recovery_sprint\evidence\g11\C-056b\10-reachability-tip.json
ok   C:\Users\Angad\Desktop\SummerBIOIN\Project14-T2PW\docs\pwml_recovery_sprint\evidence\g11\C-056b\11-focused-nochunk-2.json
ok   C:\Users\Angad\Desktop\SummerBIOIN\Project14-T2PW\docs\pwml_recovery_sprint\evidence\g11\C-056b\12-chunk-e.json
ok   C:\Users\Angad\Desktop\SummerBIOIN\Project14-T2PW\docs\pwml_recovery_sprint\evidence\g11\C-056b\13-smoke-460-final.json
ok   C:\Users\Angad\Desktop\SummerBIOIN\Project14-T2PW\docs\pwml_recovery_sprint\evidence\g11\C-056b\14-chunk-b-final.json
ok   C:\Users\Angad\Desktop\SummerBIOIN\Project14-T2PW\docs\pwml_recovery_sprint\evidence\g11\C-056c\01-syntax-preflight.json
ok   C:\Users\Angad\Desktop\SummerBIOIN\Project14-T2PW\docs\pwml_recovery_sprint\evidence\g11\C-056c\02-syntax-preflight-2.json
ok   C:\Users\Angad\Desktop\SummerBIOIN\Project14-T2PW\docs\pwml_recovery_sprint\evidence\g11\C-056c\03-carrier-probe.json
ok   C:\Users\Angad\Desktop\SummerBIOIN\Project14-T2PW\docs\pwml_recovery_sprint\evidence\g11\C-056c\04-carrier-probe-base.json
ok   C:\Users\Angad\Desktop\SummerBIOIN\Project14-T2PW\docs\pwml_recovery_sprint\evidence\g11\C-056c\05-carrier-probe-tip.json
ok   C:\Users\Angad\Desktop\SummerBIOIN\Project14-T2PW\docs\pwml_recovery_sprint\evidence\g11\C-056c\06-g9-base.json
ok   C:\Users\Angad\Desktop\SummerBIOIN\Project14-T2PW\docs\pwml_recovery_sprint\evidence\g11\C-056c\07-g9-tip.json
ok   C:\Users\Angad\Desktop\SummerBIOIN\Project14-T2PW\docs\pwml_recovery_sprint\evidence\g11\C-056c\08-golden-base.json
ok   C:\Users\Angad\Desktop\SummerBIOIN\Project14-T2PW\docs\pwml_recovery_sprint\evidence\g11\C-056c\09-golden-tip.json
ok   C:\Users\Angad\Desktop\SummerBIOIN\Project14-T2PW\docs\pwml_recovery_sprint\evidence\g11\C-056c\10-golden-delta.json
ok   C:\Users\Angad\Desktop\SummerBIOIN\Project14-T2PW\docs\pwml_recovery_sprint\evidence\g11\C-056c\11-focused-nochunk.json
ok   C:\Users\Angad\Desktop\SummerBIOIN\Project14-T2PW\docs\pwml_recovery_sprint\evidence\g11\C-056c\12-focused-nochunk-2.json
ok   C:\Users\Angad\Desktop\SummerBIOIN\Project14-T2PW\docs\pwml_recovery_sprint\evidence\g11\C-056c\13-base-preexisting-reds.json
ok   C:\Users\Angad\Desktop\SummerBIOIN\Project14-T2PW\docs\pwml_recovery_sprint\evidence\g11\C-056c\14-smoke-460.json
ok   C:\Users\Angad\Desktop\SummerBIOIN\Project14-T2PW\docs\pwml_recovery_sprint\evidence\g11\C-056c\15-chunkd-outer.json
ok   C:\Users\Angad\Desktop\SummerBIOIN\Project14-T2PW\docs\pwml_recovery_sprint\evidence\g11\C-056c\16-mono.json
ok   C:\Users\Angad\Desktop\SummerBIOIN\Project14-T2PW\docs\pwml_recovery_sprint\evidence\g11\C-056c\17-core.json
ok   C:\Users\Angad\Desktop\SummerBIOIN\Project14-T2PW\docs\pwml_recovery_sprint\evidence\g11\C-056c\18-s8.json
ok   C:\Users\Angad\Desktop\SummerBIOIN\Project14-T2PW\docs\pwml_recovery_sprint\evidence\g11\C-056c\19-qb.json
ok   C:\Users\Angad\Desktop\SummerBIOIN\Project14-T2PW\docs\pwml_recovery_sprint\evidence\g11\C-056c\20-run-core.json
ok   C:\Users\Angad\Desktop\SummerBIOIN\Project14-T2PW\docs\pwml_recovery_sprint\evidence\g11\C-056c\21-node00.json
ok   C:\Users\Angad\Desktop\SummerBIOIN\Project14-T2PW\docs\pwml_recovery_sprint\evidence\g11\C-056c\22-node01.json
ok   C:\Users\Angad\Desktop\SummerBIOIN\Project14-T2PW\docs\pwml_recovery_sprint\evidence\g11\C-056c\23-node02.json
ok   C:\Users\Angad\Desktop\SummerBIOIN\Project14-T2PW\docs\pwml_recovery_sprint\evidence\g11\C-056c\24-node03.json
ok   C:\Users\Angad\Desktop\SummerBIOIN\Project14-T2PW\docs\pwml_recovery_sprint\evidence\g11\C-056c\25-node04.json
ok   C:\Users\Angad\Desktop\SummerBIOIN\Project14-T2PW\docs\pwml_recovery_sprint\evidence\g11\C-056c\26-node05.json
ok   C:\Users\Angad\Desktop\SummerBIOIN\Project14-T2PW\docs\pwml_recovery_sprint\evidence\g11\C-056c\27-node06.json
ok   C:\Users\Angad\Desktop\SummerBIOIN\Project14-T2PW\docs\pwml_recovery_sprint\evidence\g11\C-056c\28-node07.json
ok   C:\Users\Angad\Desktop\SummerBIOIN\Project14-T2PW\docs\pwml_recovery_sprint\evidence\g11\C-056c\29-node08.json
ok   C:\Users\Angad\Desktop\SummerBIOIN\Project14-T2PW\docs\pwml_recovery_sprint\evidence\g11\C-056c\30-node09.json
ok   C:\Users\Angad\Desktop\SummerBIOIN\Project14-T2PW\docs\pwml_recovery_sprint\evidence\g11\C-056c\31-node10.json
ok   C:\Users\Angad\Desktop\SummerBIOIN\Project14-T2PW\docs\pwml_recovery_sprint\evidence\g11\C-056c\32-node11.json
ok   C:\Users\Angad\Desktop\SummerBIOIN\Project14-T2PW\docs\pwml_recovery_sprint\evidence\g11\C-056c\33-node12.json
ok   C:\Users\Angad\Desktop\SummerBIOIN\Project14-T2PW\docs\pwml_recovery_sprint\evidence\g11\C-056c\34-node13.json
ok   C:\Users\Angad\Desktop\SummerBIOIN\Project14-T2PW\docs\pwml_recovery_sprint\evidence\g11\C-056c\35-node14.json
ok   C:\Users\Angad\Desktop\SummerBIOIN\Project14-T2PW\docs\pwml_recovery_sprint\evidence\g11\C-056c\36-node15.json
ok   C:\Users\Angad\Desktop\SummerBIOIN\Project14-T2PW\docs\pwml_recovery_sprint\evidence\g11\C-056c\37-node16.json
ok   C:\Users\Angad\Desktop\SummerBIOIN\Project14-T2PW\docs\pwml_recovery_sprint\evidence\g11\C-056c\38-node17.json
ok   C:\Users\Angad\Desktop\SummerBIOIN\Project14-T2PW\docs\pwml_recovery_sprint\evidence\g11\C-056c\39-node18.json
ok   C:\Users\Angad\Desktop\SummerBIOIN\Project14-T2PW\docs\pwml_recovery_sprint\evidence\g11\C-056c\40-node19.json
ok   C:\Users\Angad\Desktop\SummerBIOIN\Project14-T2PW\docs\pwml_recovery_sprint\evidence\g11\C-056c\41-node20.json
ok   C:\Users\Angad\Desktop\SummerBIOIN\Project14-T2PW\docs\pwml_recovery_sprint\evidence\g11\C-056c\42-node21.json
ok   C:\Users\Angad\Desktop\SummerBIOIN\Project14-T2PW\docs\pwml_recovery_sprint\evidence\g11\C-056c\43-node22.json
ok   C:\Users\Angad\Desktop\SummerBIOIN\Project14-T2PW\docs\pwml_recovery_sprint\evidence\g11\C-056c\44-node23.json
ok   C:\Users\Angad\Desktop\SummerBIOIN\Project14-T2PW\docs\pwml_recovery_sprint\evidence\g11\C-056c\45-node24.json
ok   C:\Users\Angad\Desktop\SummerBIOIN\Project14-T2PW\docs\pwml_recovery_sprint\evidence\g11\C-056c\46-node25.json
ok   C:\Users\Angad\Desktop\SummerBIOIN\Project14-T2PW\docs\pwml_recovery_sprint\evidence\g11\C-056c\47-node26.json
ok   C:\Users\Angad\Desktop\SummerBIOIN\Project14-T2PW\docs\pwml_recovery_sprint\evidence\g11\C-056c\48-combined-state-focused.json
ok   C:\Users\Angad\Desktop\SummerBIOIN\Project14-T2PW\docs\pwml_recovery_sprint\evidence\g11\C-056c\49-base-pwmlwriter-attribution.json
ok   C:\Users\Angad\Desktop\SummerBIOIN\Project14-T2PW\docs\pwml_recovery_sprint\evidence\g11\C-056c\50-postmerge-smoke.json
ok   C:\Users\Angad\Desktop\SummerBIOIN\Project14-T2PW\docs\pwml_recovery_sprint\evidence\g11\C-056d\01-c056d-focused-new.json
ok   C:\Users\Angad\Desktop\SummerBIOIN\Project14-T2PW\docs\pwml_recovery_sprint\evidence\g11\C-056d\02-c056d-g9-base-proof.json
ok   C:\Users\Angad\Desktop\SummerBIOIN\Project14-T2PW\docs\pwml_recovery_sprint\evidence\g11\C-056d\03-c056d-g9-base-proof-verbatim.json
ok   C:\Users\Angad\Desktop\SummerBIOIN\Project14-T2PW\docs\pwml_recovery_sprint\evidence\g11\C-056d\04-c056d-focused-9-tip-1.json
ok   C:\Users\Angad\Desktop\SummerBIOIN\Project14-T2PW\docs\pwml_recovery_sprint\evidence\g11\C-056d\05-c056d-golden-base-capture.json
ok   C:\Users\Angad\Desktop\SummerBIOIN\Project14-T2PW\docs\pwml_recovery_sprint\evidence\g11\C-056d\06-c056d-golden-tip-capture.json
ok   C:\Users\Angad\Desktop\SummerBIOIN\Project14-T2PW\docs\pwml_recovery_sprint\evidence\g11\C-056d\07-c056d-focused-9-tip-2.json
ok   C:\Users\Angad\Desktop\SummerBIOIN\Project14-T2PW\docs\pwml_recovery_sprint\evidence\g11\C-056d\08-c056d-smoke-and-preflight.json
ok   C:\Users\Angad\Desktop\SummerBIOIN\Project14-T2PW\docs\pwml_recovery_sprint\evidence\g11\C-056d\09-c056d-preflight-tip.json
ok   C:\Users\Angad\Desktop\SummerBIOIN\Project14-T2PW\docs\pwml_recovery_sprint\evidence\g11\C-056d\10-c056d-preflight-base.json
ok   C:\Users\Angad\Desktop\SummerBIOIN\Project14-T2PW\docs\pwml_recovery_sprint\evidence\g11\C-056d\11-c056d-chunkd-outer.json
ok   C:\Users\Angad\Desktop\SummerBIOIN\Project14-T2PW\docs\pwml_recovery_sprint\evidence\g11\C-056d\12-mono.json
ok   C:\Users\Angad\Desktop\SummerBIOIN\Project14-T2PW\docs\pwml_recovery_sprint\evidence\g11\C-056d\13-core.json
ok   C:\Users\Angad\Desktop\SummerBIOIN\Project14-T2PW\docs\pwml_recovery_sprint\evidence\g11\C-056d\14-s8.json
ok   C:\Users\Angad\Desktop\SummerBIOIN\Project14-T2PW\docs\pwml_recovery_sprint\evidence\g11\C-056d\15-qb.json
ok   C:\Users\Angad\Desktop\SummerBIOIN\Project14-T2PW\docs\pwml_recovery_sprint\evidence\g11\C-056d\16-run-core.json
ok   C:\Users\Angad\Desktop\SummerBIOIN\Project14-T2PW\docs\pwml_recovery_sprint\evidence\g11\C-056d\17-node00.json
ok   C:\Users\Angad\Desktop\SummerBIOIN\Project14-T2PW\docs\pwml_recovery_sprint\evidence\g11\C-056d\18-node01.json
ok   C:\Users\Angad\Desktop\SummerBIOIN\Project14-T2PW\docs\pwml_recovery_sprint\evidence\g11\C-056d\19-node02.json
ok   C:\Users\Angad\Desktop\SummerBIOIN\Project14-T2PW\docs\pwml_recovery_sprint\evidence\g11\C-056d\20-node03.json
ok   C:\Users\Angad\Desktop\SummerBIOIN\Project14-T2PW\docs\pwml_recovery_sprint\evidence\g11\C-056d\21-node04.json
ok   C:\Users\Angad\Desktop\SummerBIOIN\Project14-T2PW\docs\pwml_recovery_sprint\evidence\g11\C-056d\22-node05.json
ok   C:\Users\Angad\Desktop\SummerBIOIN\Project14-T2PW\docs\pwml_recovery_sprint\evidence\g11\C-056d\23-node06.json
ok   C:\Users\Angad\Desktop\SummerBIOIN\Project14-T2PW\docs\pwml_recovery_sprint\evidence\g11\C-056d\24-node07.json
ok   C:\Users\Angad\Desktop\SummerBIOIN\Project14-T2PW\docs\pwml_recovery_sprint\evidence\g11\C-056d\25-node08.json
ok   C:\Users\Angad\Desktop\SummerBIOIN\Project14-T2PW\docs\pwml_recovery_sprint\evidence\g11\C-056d\26-node09.json
ok   C:\Users\Angad\Desktop\SummerBIOIN\Project14-T2PW\docs\pwml_recovery_sprint\evidence\g11\C-056d\27-node10.json
ok   C:\Users\Angad\Desktop\SummerBIOIN\Project14-T2PW\docs\pwml_recovery_sprint\evidence\g11\C-056d\28-node11.json
ok   C:\Users\Angad\Desktop\SummerBIOIN\Project14-T2PW\docs\pwml_recovery_sprint\evidence\g11\C-056d\29-node12.json
ok   C:\Users\Angad\Desktop\SummerBIOIN\Project14-T2PW\docs\pwml_recovery_sprint\evidence\g11\C-056d\30-node13.json
ok   C:\Users\Angad\Desktop\SummerBIOIN\Project14-T2PW\docs\pwml_recovery_sprint\evidence\g11\C-056d\31-node14.json
ok   C:\Users\Angad\Desktop\SummerBIOIN\Project14-T2PW\docs\pwml_recovery_sprint\evidence\g11\C-056d\32-node15.json
ok   C:\Users\Angad\Desktop\SummerBIOIN\Project14-T2PW\docs\pwml_recovery_sprint\evidence\g11\C-056d\33-node16.json
ok   C:\Users\Angad\Desktop\SummerBIOIN\Project14-T2PW\docs\pwml_recovery_sprint\evidence\g11\C-056d\34-node17.json
ok   C:\Users\Angad\Desktop\SummerBIOIN\Project14-T2PW\docs\pwml_recovery_sprint\evidence\g11\C-056d\35-node18.json
ok   C:\Users\Angad\Desktop\SummerBIOIN\Project14-T2PW\docs\pwml_recovery_sprint\evidence\g11\C-056d\36-node19.json
ok   C:\Users\Angad\Desktop\SummerBIOIN\Project14-T2PW\docs\pwml_recovery_sprint\evidence\g11\C-056d\37-node20.json
ok   C:\Users\Angad\Desktop\SummerBIOIN\Project14-T2PW\docs\pwml_recovery_sprint\evidence\g11\C-056d\38-node21.json
ok   C:\Users\Angad\Desktop\SummerBIOIN\Project14-T2PW\docs\pwml_recovery_sprint\evidence\g11\C-056d\39-node22.json
ok   C:\Users\Angad\Desktop\SummerBIOIN\Project14-T2PW\docs\pwml_recovery_sprint\evidence\g11\C-056d\40-node23.json
ok   C:\Users\Angad\Desktop\SummerBIOIN\Project14-T2PW\docs\pwml_recovery_sprint\evidence\g11\C-056d\41-node24.json
ok   C:\Users\Angad\Desktop\SummerBIOIN\Project14-T2PW\docs\pwml_recovery_sprint\evidence\g11\C-056d\42-node25.json
ok   C:\Users\Angad\Desktop\SummerBIOIN\Project14-T2PW\docs\pwml_recovery_sprint\evidence\g11\C-056d\43-node26.json
ok   C:\Users\Angad\Desktop\SummerBIOIN\Project14-T2PW\docs\pwml_recovery_sprint\evidence\g11\C-056d\44-c056d-focused-9-final.json
ok   C:\Users\Angad\Desktop\SummerBIOIN\Project14-T2PW\docs\pwml_recovery_sprint\evidence\g11\C-057\01-focused-chunkless-tip.json
ok   C:\Users\Angad\Desktop\SummerBIOIN\Project14-T2PW\docs\pwml_recovery_sprint\evidence\g11\C-057\02-smoke-tip.json
ok   C:\Users\Angad\Desktop\SummerBIOIN\Project14-T2PW\docs\pwml_recovery_sprint\evidence\g11\C-057\03-chunk-a-tip.json
ok   C:\Users\Angad\Desktop\SummerBIOIN\Project14-T2PW\docs\pwml_recovery_sprint\evidence\g11\C-057\04-chunk-e-tip.json
ok   C:\Users\Angad\Desktop\SummerBIOIN\Project14-T2PW\docs\pwml_recovery_sprint\evidence\g11\C-057\05-chunkd-outer.json
ok   C:\Users\Angad\Desktop\SummerBIOIN\Project14-T2PW\docs\pwml_recovery_sprint\evidence\g11\C-057\06-mono.json
ok   C:\Users\Angad\Desktop\SummerBIOIN\Project14-T2PW\docs\pwml_recovery_sprint\evidence\g11\C-057\07-core.json
ok   C:\Users\Angad\Desktop\SummerBIOIN\Project14-T2PW\docs\pwml_recovery_sprint\evidence\g11\C-057\08-s8.json
ok   C:\Users\Angad\Desktop\SummerBIOIN\Project14-T2PW\docs\pwml_recovery_sprint\evidence\g11\C-057\09-qb.json
ok   C:\Users\Angad\Desktop\SummerBIOIN\Project14-T2PW\docs\pwml_recovery_sprint\evidence\g11\C-057\10-run-core.json
ok   C:\Users\Angad\Desktop\SummerBIOIN\Project14-T2PW\docs\pwml_recovery_sprint\evidence\g11\C-057\11-node00.json
ok   C:\Users\Angad\Desktop\SummerBIOIN\Project14-T2PW\docs\pwml_recovery_sprint\evidence\g11\C-057\12-node01.json
ok   C:\Users\Angad\Desktop\SummerBIOIN\Project14-T2PW\docs\pwml_recovery_sprint\evidence\g11\C-057\13-node02.json
ok   C:\Users\Angad\Desktop\SummerBIOIN\Project14-T2PW\docs\pwml_recovery_sprint\evidence\g11\C-057\14-node03.json
ok   C:\Users\Angad\Desktop\SummerBIOIN\Project14-T2PW\docs\pwml_recovery_sprint\evidence\g11\C-057\15-node04.json
ok   C:\Users\Angad\Desktop\SummerBIOIN\Project14-T2PW\docs\pwml_recovery_sprint\evidence\g11\C-057\16-node05.json
ok   C:\Users\Angad\Desktop\SummerBIOIN\Project14-T2PW\docs\pwml_recovery_sprint\evidence\g11\C-057\17-node06.json
ok   C:\Users\Angad\Desktop\SummerBIOIN\Project14-T2PW\docs\pwml_recovery_sprint\evidence\g11\C-057\18-node07.json
ok   C:\Users\Angad\Desktop\SummerBIOIN\Project14-T2PW\docs\pwml_recovery_sprint\evidence\g11\C-057\19-node08.json
ok   C:\Users\Angad\Desktop\SummerBIOIN\Project14-T2PW\docs\pwml_recovery_sprint\evidence\g11\C-057\20-node09.json
ok   C:\Users\Angad\Desktop\SummerBIOIN\Project14-T2PW\docs\pwml_recovery_sprint\evidence\g11\C-057\21-node10.json
ok   C:\Users\Angad\Desktop\SummerBIOIN\Project14-T2PW\docs\pwml_recovery_sprint\evidence\g11\C-057\22-node11.json
ok   C:\Users\Angad\Desktop\SummerBIOIN\Project14-T2PW\docs\pwml_recovery_sprint\evidence\g11\C-057\23-node12.json
ok   C:\Users\Angad\Desktop\SummerBIOIN\Project14-T2PW\docs\pwml_recovery_sprint\evidence\g11\C-057\24-node13.json
ok   C:\Users\Angad\Desktop\SummerBIOIN\Project14-T2PW\docs\pwml_recovery_sprint\evidence\g11\C-057\25-node14.json
ok   C:\Users\Angad\Desktop\SummerBIOIN\Project14-T2PW\docs\pwml_recovery_sprint\evidence\g11\C-057\26-node15.json
ok   C:\Users\Angad\Desktop\SummerBIOIN\Project14-T2PW\docs\pwml_recovery_sprint\evidence\g11\C-057\27-node16.json
ok   C:\Users\Angad\Desktop\SummerBIOIN\Project14-T2PW\docs\pwml_recovery_sprint\evidence\g11\C-057\28-node17.json
ok   C:\Users\Angad\Desktop\SummerBIOIN\Project14-T2PW\docs\pwml_recovery_sprint\evidence\g11\C-057\29-node18.json
ok   C:\Users\Angad\Desktop\SummerBIOIN\Project14-T2PW\docs\pwml_recovery_sprint\evidence\g11\C-057\30-node19.json
ok   C:\Users\Angad\Desktop\SummerBIOIN\Project14-T2PW\docs\pwml_recovery_sprint\evidence\g11\C-057\31-node20.json
ok   C:\Users\Angad\Desktop\SummerBIOIN\Project14-T2PW\docs\pwml_recovery_sprint\evidence\g11\C-057\32-node21.json
ok   C:\Users\Angad\Desktop\SummerBIOIN\Project14-T2PW\docs\pwml_recovery_sprint\evidence\g11\C-057\33-node22.json
ok   C:\Users\Angad\Desktop\SummerBIOIN\Project14-T2PW\docs\pwml_recovery_sprint\evidence\g11\C-057\34-node23.json
ok   C:\Users\Angad\Desktop\SummerBIOIN\Project14-T2PW\docs\pwml_recovery_sprint\evidence\g11\C-057\35-node24.json
ok   C:\Users\Angad\Desktop\SummerBIOIN\Project14-T2PW\docs\pwml_recovery_sprint\evidence\g11\C-057\36-node25.json
ok   C:\Users\Angad\Desktop\SummerBIOIN\Project14-T2PW\docs\pwml_recovery_sprint\evidence\g11\C-057\37-node26.json
ok   C:\Users\Angad\Desktop\SummerBIOIN\Project14-T2PW\docs\pwml_recovery_sprint\evidence\g11\C-057\38-c011-plus-lineage.json
ok   C:\Users\Angad\Desktop\SummerBIOIN\Project14-T2PW\docs\pwml_recovery_sprint\evidence\g11\C-057\39-c011-plus-lineage-r2.json
ok   C:\Users\Angad\Desktop\SummerBIOIN\Project14-T2PW\docs\pwml_recovery_sprint\evidence\g11\C-058\01-replay-tip.json
ok   C:\Users\Angad\Desktop\SummerBIOIN\Project14-T2PW\docs\pwml_recovery_sprint\evidence\g11\C-058\02-replay-base.json
ok   C:\Users\Angad\Desktop\SummerBIOIN\Project14-T2PW\docs\pwml_recovery_sprint\evidence\g11\C-058\03-replay2-tip.json
ok   C:\Users\Angad\Desktop\SummerBIOIN\Project14-T2PW\docs\pwml_recovery_sprint\evidence\g11\C-058\04-replay2-base.json
ok   C:\Users\Angad\Desktop\SummerBIOIN\Project14-T2PW\docs\pwml_recovery_sprint\evidence\g11\C-058\05-corpus-tip.json
ok   C:\Users\Angad\Desktop\SummerBIOIN\Project14-T2PW\docs\pwml_recovery_sprint\evidence\g11\C-058\06-corpus-base.json
ok   C:\Users\Angad\Desktop\SummerBIOIN\Project14-T2PW\docs\pwml_recovery_sprint\evidence\g11\C-058\07-corpus2-tip.json
ok   C:\Users\Angad\Desktop\SummerBIOIN\Project14-T2PW\docs\pwml_recovery_sprint\evidence\g11\C-058\08-corpus2-base.json
ok   C:\Users\Angad\Desktop\SummerBIOIN\Project14-T2PW\docs\pwml_recovery_sprint\evidence\g11\C-058\09-replay3-tip.json
ok   C:\Users\Angad\Desktop\SummerBIOIN\Project14-T2PW\docs\pwml_recovery_sprint\evidence\g11\C-058\10-replay3-base.json
ok   C:\Users\Angad\Desktop\SummerBIOIN\Project14-T2PW\docs\pwml_recovery_sprint\evidence\g11\C-058\11-new-tests-tip.json
ok   C:\Users\Angad\Desktop\SummerBIOIN\Project14-T2PW\docs\pwml_recovery_sprint\evidence\g11\C-058\12-new-tests-base.json
ok   C:\Users\Angad\Desktop\SummerBIOIN\Project14-T2PW\docs\pwml_recovery_sprint\evidence\g11\C-058\13-mutate-boundary.json
ok   C:\Users\Angad\Desktop\SummerBIOIN\Project14-T2PW\docs\pwml_recovery_sprint\evidence\g11\C-058\14-mutate-cue.json
ok   C:\Users\Angad\Desktop\SummerBIOIN\Project14-T2PW\docs\pwml_recovery_sprint\evidence\g11\C-058\15-mutate-exactly_one.json
ok   C:\Users\Angad\Desktop\SummerBIOIN\Project14-T2PW\docs\pwml_recovery_sprint\evidence\g11\C-058\16-mutate-cargo.json
ok   C:\Users\Angad\Desktop\SummerBIOIN\Project14-T2PW\docs\pwml_recovery_sprint\evidence\g11\C-058\17-new-tests-tip-hardened.json
ok   C:\Users\Angad\Desktop\SummerBIOIN\Project14-T2PW\docs\pwml_recovery_sprint\evidence\g11\C-058\18-corpus3-tip.json
ok   C:\Users\Angad\Desktop\SummerBIOIN\Project14-T2PW\docs\pwml_recovery_sprint\evidence\g11\C-058\19-replay4-tip.json
ok   C:\Users\Angad\Desktop\SummerBIOIN\Project14-T2PW\docs\pwml_recovery_sprint\evidence\g11\C-058\20-new-tests-tip-v3.json
ok   C:\Users\Angad\Desktop\SummerBIOIN\Project14-T2PW\docs\pwml_recovery_sprint\evidence\g11\C-058\21-new-tests-base-v3.json
ok   C:\Users\Angad\Desktop\SummerBIOIN\Project14-T2PW\docs\pwml_recovery_sprint\evidence\g11\C-058\22-focused-test_rag_payload_gate_guardrails.json
ok   C:\Users\Angad\Desktop\SummerBIOIN\Project14-T2PW\docs\pwml_recovery_sprint\evidence\g11\C-058\23-focused-test_entity_admission.json
ok   C:\Users\Angad\Desktop\SummerBIOIN\Project14-T2PW\docs\pwml_recovery_sprint\evidence\g11\C-058\24-focused-test_rag_seed_entity_reimport.json
ok   C:\Users\Angad\Desktop\SummerBIOIN\Project14-T2PW\docs\pwml_recovery_sprint\evidence\g11\C-058\25-focused-test_c060a_requested_pathway_wiring.json
ok   C:\Users\Angad\Desktop\SummerBIOIN\Project14-T2PW\docs\pwml_recovery_sprint\evidence\g11\C-058\26-focused-test_streamlit_stage2_orchestration.json
ok   C:\Users\Angad\Desktop\SummerBIOIN\Project14-T2PW\docs\pwml_recovery_sprint\evidence\g11\C-058\27-focused-test_adversarial_actor_entity_type.json
ok   C:\Users\Angad\Desktop\SummerBIOIN\Project14-T2PW\docs\pwml_recovery_sprint\evidence\g11\C-058\28-focused-test_rag_conform_merge.json
ok   C:\Users\Angad\Desktop\SummerBIOIN\Project14-T2PW\docs\pwml_recovery_sprint\evidence\g11\C-058\29-focused-test_payload_models.json
ok   C:\Users\Angad\Desktop\SummerBIOIN\Project14-T2PW\docs\pwml_recovery_sprint\evidence\g11\C-058\30-focused-test_process_normalizer.json
ok   C:\Users\Angad\Desktop\SummerBIOIN\Project14-T2PW\docs\pwml_recovery_sprint\evidence\g11\C-058\31-focused-test_rag_gap_admission.json
ok   C:\Users\Angad\Desktop\SummerBIOIN\Project14-T2PW\docs\pwml_recovery_sprint\evidence\g11\C-058\32-focused-test_pipeline_reaction_rag_provenance.json
ok   C:\Users\Angad\Desktop\SummerBIOIN\Project14-T2PW\docs\pwml_recovery_sprint\evidence\g11\C-058\33-focused-test_transport_actor_guards.json
ok   C:\Users\Angad\Desktop\SummerBIOIN\Project14-T2PW\docs\pwml_recovery_sprint\evidence\g11\C-058\34-chunk-c.json
ok   C:\Users\Angad\Desktop\SummerBIOIN\Project14-T2PW\docs\pwml_recovery_sprint\evidence\g11\C-058\35-smoke-465.json
ok   C:\Users\Angad\Desktop\SummerBIOIN\Project14-T2PW\docs\pwml_recovery_sprint\evidence\g11\C-058\36-chunkd-outer.json
ok   C:\Users\Angad\Desktop\SummerBIOIN\Project14-T2PW\docs\pwml_recovery_sprint\evidence\g11\C-058\37-mono.json
ok   C:\Users\Angad\Desktop\SummerBIOIN\Project14-T2PW\docs\pwml_recovery_sprint\evidence\g11\C-058\38-core.json
ok   C:\Users\Angad\Desktop\SummerBIOIN\Project14-T2PW\docs\pwml_recovery_sprint\evidence\g11\C-058\39-s8.json
ok   C:\Users\Angad\Desktop\SummerBIOIN\Project14-T2PW\docs\pwml_recovery_sprint\evidence\g11\C-058\40-qb.json
ok   C:\Users\Angad\Desktop\SummerBIOIN\Project14-T2PW\docs\pwml_recovery_sprint\evidence\g11\C-058\41-run-core.json
ok   C:\Users\Angad\Desktop\SummerBIOIN\Project14-T2PW\docs\pwml_recovery_sprint\evidence\g11\C-058\42-node00.json
ok   C:\Users\Angad\Desktop\SummerBIOIN\Project14-T2PW\docs\pwml_recovery_sprint\evidence\g11\C-058\43-node01.json
ok   C:\Users\Angad\Desktop\SummerBIOIN\Project14-T2PW\docs\pwml_recovery_sprint\evidence\g11\C-058\44-node02.json
ok   C:\Users\Angad\Desktop\SummerBIOIN\Project14-T2PW\docs\pwml_recovery_sprint\evidence\g11\C-058\45-node03.json
ok   C:\Users\Angad\Desktop\SummerBIOIN\Project14-T2PW\docs\pwml_recovery_sprint\evidence\g11\C-058\46-node04.json
ok   C:\Users\Angad\Desktop\SummerBIOIN\Project14-T2PW\docs\pwml_recovery_sprint\evidence\g11\C-058\47-node05.json
ok   C:\Users\Angad\Desktop\SummerBIOIN\Project14-T2PW\docs\pwml_recovery_sprint\evidence\g11\C-058\48-node06.json
ok   C:\Users\Angad\Desktop\SummerBIOIN\Project14-T2PW\docs\pwml_recovery_sprint\evidence\g11\C-058\49-node07.json
ok   C:\Users\Angad\Desktop\SummerBIOIN\Project14-T2PW\docs\pwml_recovery_sprint\evidence\g11\C-058\50-node08.json
ok   C:\Users\Angad\Desktop\SummerBIOIN\Project14-T2PW\docs\pwml_recovery_sprint\evidence\g11\C-058\51-node09.json
ok   C:\Users\Angad\Desktop\SummerBIOIN\Project14-T2PW\docs\pwml_recovery_sprint\evidence\g11\C-058\52-node10.json
ok   C:\Users\Angad\Desktop\SummerBIOIN\Project14-T2PW\docs\pwml_recovery_sprint\evidence\g11\C-058\53-node11.json
ok   C:\Users\Angad\Desktop\SummerBIOIN\Project14-T2PW\docs\pwml_recovery_sprint\evidence\g11\C-058\54-node12.json
ok   C:\Users\Angad\Desktop\SummerBIOIN\Project14-T2PW\docs\pwml_recovery_sprint\evidence\g11\C-058\55-node13.json
ok   C:\Users\Angad\Desktop\SummerBIOIN\Project14-T2PW\docs\pwml_recovery_sprint\evidence\g11\C-058\56-node14.json
ok   C:\Users\Angad\Desktop\SummerBIOIN\Project14-T2PW\docs\pwml_recovery_sprint\evidence\g11\C-058\57-node15.json
ok   C:\Users\Angad\Desktop\SummerBIOIN\Project14-T2PW\docs\pwml_recovery_sprint\evidence\g11\C-058\58-node16.json
ok   C:\Users\Angad\Desktop\SummerBIOIN\Project14-T2PW\docs\pwml_recovery_sprint\evidence\g11\C-058\59-node17.json
ok   C:\Users\Angad\Desktop\SummerBIOIN\Project14-T2PW\docs\pwml_recovery_sprint\evidence\g11\C-058\60-node18.json
ok   C:\Users\Angad\Desktop\SummerBIOIN\Project14-T2PW\docs\pwml_recovery_sprint\evidence\g11\C-058\61-node19.json
ok   C:\Users\Angad\Desktop\SummerBIOIN\Project14-T2PW\docs\pwml_recovery_sprint\evidence\g11\C-058\62-node20.json
ok   C:\Users\Angad\Desktop\SummerBIOIN\Project14-T2PW\docs\pwml_recovery_sprint\evidence\g11\C-058\63-node21.json
ok   C:\Users\Angad\Desktop\SummerBIOIN\Project14-T2PW\docs\pwml_recovery_sprint\evidence\g11\C-058\64-node22.json
ok   C:\Users\Angad\Desktop\SummerBIOIN\Project14-T2PW\docs\pwml_recovery_sprint\evidence\g11\C-058\65-node23.json
ok   C:\Users\Angad\Desktop\SummerBIOIN\Project14-T2PW\docs\pwml_recovery_sprint\evidence\g11\C-058\66-node24.json
ok   C:\Users\Angad\Desktop\SummerBIOIN\Project14-T2PW\docs\pwml_recovery_sprint\evidence\g11\C-058\67-node25.json
ok   C:\Users\Angad\Desktop\SummerBIOIN\Project14-T2PW\docs\pwml_recovery_sprint\evidence\g11\C-058\68-node26.json
ok   C:\Users\Angad\Desktop\SummerBIOIN\Project14-T2PW\docs\pwml_recovery_sprint\evidence\g11\C-059\01-new-file-first.json
ok   C:\Users\Angad\Desktop\SummerBIOIN\Project14-T2PW\docs\pwml_recovery_sprint\evidence\g11\C-059\02-new-file-second.json
ok   C:\Users\Angad\Desktop\SummerBIOIN\Project14-T2PW\docs\pwml_recovery_sprint\evidence\g11\C-059\03-g9-base-source-swap.json
ok   C:\Users\Angad\Desktop\SummerBIOIN\Project14-T2PW\docs\pwml_recovery_sprint\evidence\g11\C-059\04-g9-tip-after-harden.json
ok   C:\Users\Angad\Desktop\SummerBIOIN\Project14-T2PW\docs\pwml_recovery_sprint\evidence\g11\C-059\05-g9-base-after-harden.json
ok   C:\Users\Angad\Desktop\SummerBIOIN\Project14-T2PW\docs\pwml_recovery_sprint\evidence\g11\C-059\06-g9-base-final.json
ok   C:\Users\Angad\Desktop\SummerBIOIN\Project14-T2PW\docs\pwml_recovery_sprint\evidence\g11\C-059\07-g9-tip-final.json
ok   C:\Users\Angad\Desktop\SummerBIOIN\Project14-T2PW\docs\pwml_recovery_sprint\evidence\g11\C-059\08-focused-nochunk-tip.json
ok   C:\Users\Angad\Desktop\SummerBIOIN\Project14-T2PW\docs\pwml_recovery_sprint\evidence\g11\C-059\09-attribution-fix-check.json
ok   C:\Users\Angad\Desktop\SummerBIOIN\Project14-T2PW\docs\pwml_recovery_sprint\evidence\g11\C-059\10-focused-nochunk-tip-final.json
ok   C:\Users\Angad\Desktop\SummerBIOIN\Project14-T2PW\docs\pwml_recovery_sprint\evidence\g11\C-059\11-focused-nochunk-recheck.json
ok   C:\Users\Angad\Desktop\SummerBIOIN\Project14-T2PW\docs\pwml_recovery_sprint\evidence\g11\C-059\12-focused-f066-pythonpath.json
ok   C:\Users\Angad\Desktop\SummerBIOIN\Project14-T2PW\docs\pwml_recovery_sprint\evidence\g11\C-059\13-smoke-465.json
ok   C:\Users\Angad\Desktop\SummerBIOIN\Project14-T2PW\docs\pwml_recovery_sprint\evidence\g11\C-059\14-smoke-465-recheck.json
ok   C:\Users\Angad\Desktop\SummerBIOIN\Project14-T2PW\docs\pwml_recovery_sprint\evidence\g11\C-059\15-chunk-c-109.json
ok   C:\Users\Angad\Desktop\SummerBIOIN\Project14-T2PW\docs\pwml_recovery_sprint\evidence\g11\C-059\16-chunkd-outer.json
ok   C:\Users\Angad\Desktop\SummerBIOIN\Project14-T2PW\docs\pwml_recovery_sprint\evidence\g11\C-059\17-mono.json
ok   C:\Users\Angad\Desktop\SummerBIOIN\Project14-T2PW\docs\pwml_recovery_sprint\evidence\g11\C-059\18-core.json
ok   C:\Users\Angad\Desktop\SummerBIOIN\Project14-T2PW\docs\pwml_recovery_sprint\evidence\g11\C-059\19-s8.json
ok   C:\Users\Angad\Desktop\SummerBIOIN\Project14-T2PW\docs\pwml_recovery_sprint\evidence\g11\C-059\20-qb.json
ok   C:\Users\Angad\Desktop\SummerBIOIN\Project14-T2PW\docs\pwml_recovery_sprint\evidence\g11\C-059\21-run-core.json
ok   C:\Users\Angad\Desktop\SummerBIOIN\Project14-T2PW\docs\pwml_recovery_sprint\evidence\g11\C-059\22-node00.json
ok   C:\Users\Angad\Desktop\SummerBIOIN\Project14-T2PW\docs\pwml_recovery_sprint\evidence\g11\C-059\23-node01.json
ok   C:\Users\Angad\Desktop\SummerBIOIN\Project14-T2PW\docs\pwml_recovery_sprint\evidence\g11\C-059\24-node02.json
ok   C:\Users\Angad\Desktop\SummerBIOIN\Project14-T2PW\docs\pwml_recovery_sprint\evidence\g11\C-059\25-node03.json
ok   C:\Users\Angad\Desktop\SummerBIOIN\Project14-T2PW\docs\pwml_recovery_sprint\evidence\g11\C-059\26-node04.json
ok   C:\Users\Angad\Desktop\SummerBIOIN\Project14-T2PW\docs\pwml_recovery_sprint\evidence\g11\C-059\27-node05.json
ok   C:\Users\Angad\Desktop\SummerBIOIN\Project14-T2PW\docs\pwml_recovery_sprint\evidence\g11\C-059\28-node06.json
ok   C:\Users\Angad\Desktop\SummerBIOIN\Project14-T2PW\docs\pwml_recovery_sprint\evidence\g11\C-059\29-node07.json
ok   C:\Users\Angad\Desktop\SummerBIOIN\Project14-T2PW\docs\pwml_recovery_sprint\evidence\g11\C-059\30-node08.json
ok   C:\Users\Angad\Desktop\SummerBIOIN\Project14-T2PW\docs\pwml_recovery_sprint\evidence\g11\C-059\31-node09.json
ok   C:\Users\Angad\Desktop\SummerBIOIN\Project14-T2PW\docs\pwml_recovery_sprint\evidence\g11\C-059\32-node10.json
ok   C:\Users\Angad\Desktop\SummerBIOIN\Project14-T2PW\docs\pwml_recovery_sprint\evidence\g11\C-059\33-node11.json
ok   C:\Users\Angad\Desktop\SummerBIOIN\Project14-T2PW\docs\pwml_recovery_sprint\evidence\g11\C-059\34-node12.json
ok   C:\Users\Angad\Desktop\SummerBIOIN\Project14-T2PW\docs\pwml_recovery_sprint\evidence\g11\C-059\35-node13.json
ok   C:\Users\Angad\Desktop\SummerBIOIN\Project14-T2PW\docs\pwml_recovery_sprint\evidence\g11\C-059\36-node14.json
ok   C:\Users\Angad\Desktop\SummerBIOIN\Project14-T2PW\docs\pwml_recovery_sprint\evidence\g11\C-059\37-node15.json
ok   C:\Users\Angad\Desktop\SummerBIOIN\Project14-T2PW\docs\pwml_recovery_sprint\evidence\g11\C-059\38-node16.json
ok   C:\Users\Angad\Desktop\SummerBIOIN\Project14-T2PW\docs\pwml_recovery_sprint\evidence\g11\C-059\39-node17.json
ok   C:\Users\Angad\Desktop\SummerBIOIN\Project14-T2PW\docs\pwml_recovery_sprint\evidence\g11\C-059\40-node18.json
ok   C:\Users\Angad\Desktop\SummerBIOIN\Project14-T2PW\docs\pwml_recovery_sprint\evidence\g11\C-059\41-node19.json
ok   C:\Users\Angad\Desktop\SummerBIOIN\Project14-T2PW\docs\pwml_recovery_sprint\evidence\g11\C-059\42-node20.json
ok   C:\Users\Angad\Desktop\SummerBIOIN\Project14-T2PW\docs\pwml_recovery_sprint\evidence\g11\C-059\43-node21.json
ok   C:\Users\Angad\Desktop\SummerBIOIN\Project14-T2PW\docs\pwml_recovery_sprint\evidence\g11\C-059\44-node22.json
ok   C:\Users\Angad\Desktop\SummerBIOIN\Project14-T2PW\docs\pwml_recovery_sprint\evidence\g11\C-059\45-node23.json
ok   C:\Users\Angad\Desktop\SummerBIOIN\Project14-T2PW\docs\pwml_recovery_sprint\evidence\g11\C-059\46-node24.json
ok   C:\Users\Angad\Desktop\SummerBIOIN\Project14-T2PW\docs\pwml_recovery_sprint\evidence\g11\C-059\47-node25.json
ok   C:\Users\Angad\Desktop\SummerBIOIN\Project14-T2PW\docs\pwml_recovery_sprint\evidence\g11\C-059\48-node26.json
ok   C:\Users\Angad\Desktop\SummerBIOIN\Project14-T2PW\docs\pwml_recovery_sprint\evidence\g11\C-059\49-final-focused-at-tip.json
ok   C:\Users\Angad\Desktop\SummerBIOIN\Project14-T2PW\docs\pwml_recovery_sprint\evidence\g11\C-059\50-rev059-newarm-tip.json
ok   C:\Users\Angad\Desktop\SummerBIOIN\Project14-T2PW\docs\pwml_recovery_sprint\evidence\g11\C-059\51-rev059-g9-base-remeasure.json
ok   C:\Users\Angad\Desktop\SummerBIOIN\Project14-T2PW\docs\pwml_recovery_sprint\evidence\g11\C-059\52-rev059-g9-tip-remeasure.json
ok   C:\Users\Angad\Desktop\SummerBIOIN\Project14-T2PW\docs\pwml_recovery_sprint\evidence\g11\C-059\53-rev059-tip-after-fixes.json
ok   C:\Users\Angad\Desktop\SummerBIOIN\Project14-T2PW\docs\pwml_recovery_sprint\evidence\g11\C-059\54-rev059-tip-after-fixes-2.json
ok   C:\Users\Angad\Desktop\SummerBIOIN\Project14-T2PW\docs\pwml_recovery_sprint\evidence\g11\C-059\55-rev059-g9-base-final.json
ok   C:\Users\Angad\Desktop\SummerBIOIN\Project14-T2PW\docs\pwml_recovery_sprint\evidence\g11\C-059\56-rev059-g9-tip-final.json
ok   C:\Users\Angad\Desktop\SummerBIOIN\Project14-T2PW\docs\pwml_recovery_sprint\evidence\g11\C-059\57-rev059-focused-final.json
ok   C:\Users\Angad\Desktop\SummerBIOIN\Project14-T2PW\docs\pwml_recovery_sprint\evidence\g11\C-060\01-dissolution-base.json
ok   C:\Users\Angad\Desktop\SummerBIOIN\Project14-T2PW\docs\pwml_recovery_sprint\evidence\g11\C-060\02-g9-base-behaviour.json
ok   C:\Users\Angad\Desktop\SummerBIOIN\Project14-T2PW\docs\pwml_recovery_sprint\evidence\g11\C-060\03-f4-probe-base.json
ok   C:\Users\Angad\Desktop\SummerBIOIN\Project14-T2PW\docs\pwml_recovery_sprint\evidence\g11\C-060\04-focused-tip-r1.json
ok   C:\Users\Angad\Desktop\SummerBIOIN\Project14-T2PW\docs\pwml_recovery_sprint\evidence\g11\C-060\05-focused-tip.json
ok   C:\Users\Angad\Desktop\SummerBIOIN\Project14-T2PW\docs\pwml_recovery_sprint\evidence\g11\C-060\06-smoke-tip.json
ok   C:\Users\Angad\Desktop\SummerBIOIN\Project14-T2PW\docs\pwml_recovery_sprint\evidence\g11\C-060\07-chunk-a-tip.json
ok   C:\Users\Angad\Desktop\SummerBIOIN\Project14-T2PW\docs\pwml_recovery_sprint\evidence\g11\C-060\08-chunk-c-tip.json
ok   C:\Users\Angad\Desktop\SummerBIOIN\Project14-T2PW\docs\pwml_recovery_sprint\evidence\g11\C-060\09-c018-pinned-delta.json
ok   C:\Users\Angad\Desktop\SummerBIOIN\Project14-T2PW\docs\pwml_recovery_sprint\evidence\g11\C-060\10-focused-tip-final.json
ok   C:\Users\Angad\Desktop\SummerBIOIN\Project14-T2PW\docs\pwml_recovery_sprint\evidence\g11\C-060\11-g9-base-export.json
ok   C:\Users\Angad\Desktop\SummerBIOIN\Project14-T2PW\docs\pwml_recovery_sprint\evidence\g11\C-060\12-rev1-focused.json
ok   C:\Users\Angad\Desktop\SummerBIOIN\Project14-T2PW\docs\pwml_recovery_sprint\evidence\g11\C-060\13-rev1-c018-36.json
ok   C:\Users\Angad\Desktop\SummerBIOIN\Project14-T2PW\docs\pwml_recovery_sprint\evidence\g11\C-060\14-rev1-smoke.json
ok   C:\Users\Angad\Desktop\SummerBIOIN\Project14-T2PW\docs\pwml_recovery_sprint\evidence\g11\C-060\15-rev1-g9-base-export.json
ok   C:\Users\Angad\Desktop\SummerBIOIN\Project14-T2PW\docs\pwml_recovery_sprint\evidence\g11\C-060a\01-base-f4.json
ok   C:\Users\Angad\Desktop\SummerBIOIN\Project14-T2PW\docs\pwml_recovery_sprint\evidence\g11\C-060a\02-base-f4-tb.json
ok   C:\Users\Angad\Desktop\SummerBIOIN\Project14-T2PW\docs\pwml_recovery_sprint\evidence\g11\C-060a\03-tip-new.json
ok   C:\Users\Angad\Desktop\SummerBIOIN\Project14-T2PW\docs\pwml_recovery_sprint\evidence\g11\C-060a\04-tip-affected.json
ok   C:\Users\Angad\Desktop\SummerBIOIN\Project14-T2PW\docs\pwml_recovery_sprint\evidence\g11\C-060a\05-tip-final.json
ok   C:\Users\Angad\Desktop\SummerBIOIN\Project14-T2PW\docs\pwml_recovery_sprint\evidence\g11\C-061\01-golden-base.json
ok   C:\Users\Angad\Desktop\SummerBIOIN\Project14-T2PW\docs\pwml_recovery_sprint\evidence\g11\C-061\02-golden-tip.json
ok   C:\Users\Angad\Desktop\SummerBIOIN\Project14-T2PW\docs\pwml_recovery_sprint\evidence\g11\C-061\03-golden-base-digests.json
ok   C:\Users\Angad\Desktop\SummerBIOIN\Project14-T2PW\docs\pwml_recovery_sprint\evidence\g11\C-061\04-focused.json
ok   C:\Users\Angad\Desktop\SummerBIOIN\Project14-T2PW\docs\pwml_recovery_sprint\evidence\g11\C-061\05-focused2.json
ok   C:\Users\Angad\Desktop\SummerBIOIN\Project14-T2PW\docs\pwml_recovery_sprint\evidence\g11\C-061\06-focused3.json
ok   C:\Users\Angad\Desktop\SummerBIOIN\Project14-T2PW\docs\pwml_recovery_sprint\evidence\g11\C-061\07-g9-base-proof.json
ok   C:\Users\Angad\Desktop\SummerBIOIN\Project14-T2PW\docs\pwml_recovery_sprint\evidence\g11\C-061\08-g9-base.json
ok   C:\Users\Angad\Desktop\SummerBIOIN\Project14-T2PW\docs\pwml_recovery_sprint\evidence\g11\C-061\09-g9-tip.json
ok   C:\Users\Angad\Desktop\SummerBIOIN\Project14-T2PW\docs\pwml_recovery_sprint\evidence\g11\C-061\10-smoke.json
ok   C:\Users\Angad\Desktop\SummerBIOIN\Project14-T2PW\docs\pwml_recovery_sprint\evidence\g11\C-061a\01-golden-base-472293c.json
ok   C:\Users\Angad\Desktop\SummerBIOIN\Project14-T2PW\docs\pwml_recovery_sprint\evidence\g11\C-061a\02-golden-tip.json
ok   C:\Users\Angad\Desktop\SummerBIOIN\Project14-T2PW\docs\pwml_recovery_sprint\evidence\g11\C-061a\03-golden-ceb1ab4d.json
ok   C:\Users\Angad\Desktop\SummerBIOIN\Project14-T2PW\docs\pwml_recovery_sprint\evidence\g11\C-061a\04-a3-golden-compare.json
ok   C:\Users\Angad\Desktop\SummerBIOIN\Project14-T2PW\docs\pwml_recovery_sprint\evidence\g11\C-061a\05-filter-effect-dump-ceb1ab4d.json
ok   C:\Users\Angad\Desktop\SummerBIOIN\Project14-T2PW\docs\pwml_recovery_sprint\evidence\g11\C-061a\06-filter-effect-dump-tip.json
ok   C:\Users\Angad\Desktop\SummerBIOIN\Project14-T2PW\docs\pwml_recovery_sprint\evidence\g11\C-061a\07-filter-effect-compare.json
ok   C:\Users\Angad\Desktop\SummerBIOIN\Project14-T2PW\docs\pwml_recovery_sprint\evidence\g11\C-061a\08-focused.json
ok   C:\Users\Angad\Desktop\SummerBIOIN\Project14-T2PW\docs\pwml_recovery_sprint\evidence\g11\C-061a\09-a4-c061-base-proof-tip.json
ok   C:\Users\Angad\Desktop\SummerBIOIN\Project14-T2PW\docs\pwml_recovery_sprint\evidence\g11\C-061a\10-a7-g9-base-ceb1ab4d.json
ok   C:\Users\Angad\Desktop\SummerBIOIN\Project14-T2PW\docs\pwml_recovery_sprint\evidence\g11\C-061a\11-a7-g9-base-ceb1ab4d-rerun.json
ok   C:\Users\Angad\Desktop\SummerBIOIN\Project14-T2PW\docs\pwml_recovery_sprint\evidence\g11\C-061a\12-a7-g9-tip.json
ok   C:\Users\Angad\Desktop\SummerBIOIN\Project14-T2PW\docs\pwml_recovery_sprint\evidence\g11\C-061a\13-smoke.json
ok   C:\Users\Angad\Desktop\SummerBIOIN\Project14-T2PW\docs\pwml_recovery_sprint\evidence\g11\C-061a\14-a3-golden-compare-final.json
ok   C:\Users\Angad\Desktop\SummerBIOIN\Project14-T2PW\docs\pwml_recovery_sprint\evidence\g11\C-061a\15-filter-effect-compare-final.json
ok   C:\Users\Angad\Desktop\SummerBIOIN\Project14-T2PW\docs\pwml_recovery_sprint\evidence\g11\C-063\01-g11-selftest.json
ok   C:\Users\Angad\Desktop\SummerBIOIN\Project14-T2PW\docs\pwml_recovery_sprint\evidence\g11\C-063\02-wrapper-selftest.json
ok   C:\Users\Angad\Desktop\SummerBIOIN\Project14-T2PW\docs\pwml_recovery_sprint\evidence\g11\C-063\03-g9-harness.json
ok   C:\Users\Angad\Desktop\SummerBIOIN\Project14-T2PW\docs\pwml_recovery_sprint\evidence\g11\C-063\04-chunkd-selftest.json
ok   C:\Users\Angad\Desktop\SummerBIOIN\Project14-T2PW\docs\pwml_recovery_sprint\evidence\g11\C-063\05-chunkd-selftest-r2.json
ok   C:\Users\Angad\Desktop\SummerBIOIN\Project14-T2PW\docs\pwml_recovery_sprint\evidence\g11\C-063\06-tree-pin.json
ok   C:\Users\Angad\Desktop\SummerBIOIN\Project14-T2PW\docs\pwml_recovery_sprint\evidence\g11\C-063\07-tree-pin-base-arm.json
ok   C:\Users\Angad\Desktop\SummerBIOIN\Project14-T2PW\docs\pwml_recovery_sprint\evidence\g11\C-063\08-wrapper-selftest-r2.json
ok   C:\Users\Angad\Desktop\SummerBIOIN\Project14-T2PW\docs\pwml_recovery_sprint\evidence\g11\C-063\09-g9-harness-r2.json
ok   C:\Users\Angad\Desktop\SummerBIOIN\Project14-T2PW\docs\pwml_recovery_sprint\evidence\g11\C-063\10-g11-selftest-r2.json
ok   C:\Users\Angad\Desktop\SummerBIOIN\Project14-T2PW\docs\pwml_recovery_sprint\evidence\g11\C-063\11-chunkd-selftest-tip.json
ok   C:\Users\Angad\Desktop\SummerBIOIN\Project14-T2PW\docs\pwml_recovery_sprint\evidence\g11\C-063\12-tree-pin-tip.json
ok   C:\Users\Angad\Desktop\SummerBIOIN\Project14-T2PW\docs\pwml_recovery_sprint\evidence\g11\C-063\13-wrapper-selftest-rev063.json
ok   C:\Users\Angad\Desktop\SummerBIOIN\Project14-T2PW\docs\pwml_recovery_sprint\evidence\g11\C-063\14-g11-selftest-rev063.json
ok   C:\Users\Angad\Desktop\SummerBIOIN\Project14-T2PW\docs\pwml_recovery_sprint\evidence\g11\C-063\15-g9-harness-rev063.json
ok   C:\Users\Angad\Desktop\SummerBIOIN\Project14-T2PW\docs\pwml_recovery_sprint\evidence\g11\C-063\16-chunkd-selftest-rev063.json
ok   C:\Users\Angad\Desktop\SummerBIOIN\Project14-T2PW\docs\pwml_recovery_sprint\evidence\g11\C-063\17-g11-selftest-f082.json
ok   C:\Users\Angad\Desktop\SummerBIOIN\Project14-T2PW\docs\pwml_recovery_sprint\evidence\g11\C-063\18-wrapper-selftest-f082.json
ok   C:\Users\Angad\Desktop\SummerBIOIN\Project14-T2PW\docs\pwml_recovery_sprint\evidence\g11\C-063\19-g9-harness-f082.json
ok   C:\Users\Angad\Desktop\SummerBIOIN\Project14-T2PW\docs\pwml_recovery_sprint\evidence\g11\C-063\20-chunkd-selftest-f082.json
ok   C:\Users\Angad\Desktop\SummerBIOIN\Project14-T2PW\docs\pwml_recovery_sprint\evidence\g11\C-063\21-wrapper-selftest-f082-r2.json
ok   C:\Users\Angad\Desktop\SummerBIOIN\Project14-T2PW\docs\pwml_recovery_sprint\evidence\g11\C-063\22-g11-selftest-case12.json
ok   C:\Users\Angad\Desktop\SummerBIOIN\Project14-T2PW\docs\pwml_recovery_sprint\evidence\g11\C-063\23-wrapper-selftest-case12.json
ok   C:\Users\Angad\Desktop\SummerBIOIN\Project14-T2PW\docs\pwml_recovery_sprint\evidence\g11\C-063\24-g9-harness-case12.json
ok   C:\Users\Angad\Desktop\SummerBIOIN\Project14-T2PW\docs\pwml_recovery_sprint\evidence\g11\C-063\25-chunkd-selftest-case12.json
ok   C:\Users\Angad\Desktop\SummerBIOIN\Project14-T2PW\docs\pwml_recovery_sprint\evidence\g11\C-063\26-wrapper-selftest-staged.json
ok   C:\Users\Angad\Desktop\SummerBIOIN\Project14-T2PW\docs\pwml_recovery_sprint\evidence\g11\C-064\01-base-consumers-ac77668.json
ok   C:\Users\Angad\Desktop\SummerBIOIN\Project14-T2PW\docs\pwml_recovery_sprint\evidence\g11\C-064\02-g9-base-ac77668.json
ok   C:\Users\Angad\Desktop\SummerBIOIN\Project14-T2PW\docs\pwml_recovery_sprint\evidence\g11\C-064\03-g9-base-ac77668-final.json
ok   C:\Users\Angad\Desktop\SummerBIOIN\Project14-T2PW\docs\pwml_recovery_sprint\evidence\g11\C-064\04-census-base-ac77668.json
ok   C:\Users\Angad\Desktop\SummerBIOIN\Project14-T2PW\docs\pwml_recovery_sprint\evidence\g11\C-064\05-tip-all-consumers.json
ok   C:\Users\Angad\Desktop\SummerBIOIN\Project14-T2PW\docs\pwml_recovery_sprint\evidence\g11\C-064\06-census-tip.json
ok   C:\Users\Angad\Desktop\SummerBIOIN\Project14-T2PW\docs\pwml_recovery_sprint\evidence\g11\C-064\07-census-compare.json
ok   C:\Users\Angad\Desktop\SummerBIOIN\Project14-T2PW\docs\pwml_recovery_sprint\evidence\g11\C-064\08-tip-owned-and-clean-consumers.json
ok   C:\Users\Angad\Desktop\SummerBIOIN\Project14-T2PW\docs\pwml_recovery_sprint\evidence\g11\C-064\09-tip-attempt-cap-pinned-baseline.json
ok   C:\Users\Angad\Desktop\SummerBIOIN\Project14-T2PW\docs\pwml_recovery_sprint\evidence\g11\C-064\10-tip-attempt-cap-baseline-moved.json
ok   C:\Users\Angad\Desktop\SummerBIOIN\Project14-T2PW\docs\pwml_recovery_sprint\evidence\g11\C-064\11-tip-consumer-surface-final.json
ok   C:\Users\Angad\Desktop\SummerBIOIN\Project14-T2PW\docs\pwml_recovery_sprint\evidence\g11\C-064\12-deadline-vocabulary-still-seven.json
ok   C:\Users\Angad\Desktop\SummerBIOIN\Project14-T2PW\docs\pwml_recovery_sprint\evidence\g11\C-064\13-deadline-vocabulary-still-seven-final.json
ok   C:\Users\Angad\Desktop\SummerBIOIN\Project14-T2PW\docs\pwml_recovery_sprint\evidence\g11\C-064\14-g9-base-ac77668-remeasured.json
ok   C:\Users\Angad\Desktop\SummerBIOIN\Project14-T2PW\docs\pwml_recovery_sprint\evidence\g11\C-064\15-tip-consumer-surface-corrected.json
ok   C:\Users\Angad\Desktop\SummerBIOIN\Project14-T2PW\docs\pwml_recovery_sprint\evidence\g11\C-064\16-forced-guard-counterexample.json
ok   C:\Users\Angad\Desktop\SummerBIOIN\Project14-T2PW\docs\pwml_recovery_sprint\evidence\g11\C-065\01-baseline-tip-focused.json
ok   C:\Users\Angad\Desktop\SummerBIOIN\Project14-T2PW\docs\pwml_recovery_sprint\evidence\g11\C-065\02-baseline-tip-focused.json
ok   C:\Users\Angad\Desktop\SummerBIOIN\Project14-T2PW\docs\pwml_recovery_sprint\evidence\g11\C-065\03-g9-base-main-absorbs.json
ok   C:\Users\Angad\Desktop\SummerBIOIN\Project14-T2PW\docs\pwml_recovery_sprint\evidence\g11\C-065\04-tip-focused-wip.json
ok   C:\Users\Angad\Desktop\SummerBIOIN\Project14-T2PW\docs\pwml_recovery_sprint\evidence\g11\C-065\05-g9-tip-main-refuses.json
ok   C:\Users\Angad\Desktop\SummerBIOIN\Project14-T2PW\docs\pwml_recovery_sprint\evidence\g11\C-065\06-g9-tip-override-regenerates.json
ok   C:\Users\Angad\Desktop\SummerBIOIN\Project14-T2PW\docs\pwml_recovery_sprint\evidence\g11\C-065\07-nonvacuity-n1-empty-registry.json
ok   C:\Users\Angad\Desktop\SummerBIOIN\Project14-T2PW\docs\pwml_recovery_sprint\evidence\g11\C-065\08-nonvacuity-n1-tests-red.json
ok   C:\Users\Angad\Desktop\SummerBIOIN\Project14-T2PW\docs\pwml_recovery_sprint\evidence\g11\C-065\09-nonvacuity-n1-tests-red.json
ok   C:\Users\Angad\Desktop\SummerBIOIN\Project14-T2PW\docs\pwml_recovery_sprint\evidence\g11\C-065\10-nonvacuity-n2-main-regenerates.json
ok   C:\Users\Angad\Desktop\SummerBIOIN\Project14-T2PW\docs\pwml_recovery_sprint\evidence\g11\C-065\11-nonvacuity-n2-tests-red.json
ok   C:\Users\Angad\Desktop\SummerBIOIN\Project14-T2PW\docs\pwml_recovery_sprint\evidence\g11\C-065\12-tip-focused-final.json
ok   C:\Users\Angad\Desktop\SummerBIOIN\Project14-T2PW\docs\pwml_recovery_sprint\evidence\g11\C-065\13-smoke.json
ok   C:\Users\Angad\Desktop\SummerBIOIN\Project14-T2PW\docs\pwml_recovery_sprint\evidence\g11\C-066\01-scan-imports.json
ok   C:\Users\Angad\Desktop\SummerBIOIN\Project14-T2PW\docs\pwml_recovery_sprint\evidence\g11\C-066\02-scan-full.json
ok   C:\Users\Angad\Desktop\SummerBIOIN\Project14-T2PW\docs\pwml_recovery_sprint\evidence\g11\C-066\03-scan-anc.json
ok   C:\Users\Angad\Desktop\SummerBIOIN\Project14-T2PW\docs\pwml_recovery_sprint\evidence\g11\C-066\04-probe-timeout.json
ok   C:\Users\Angad\Desktop\SummerBIOIN\Project14-T2PW\docs\pwml_recovery_sprint\evidence\g11\C-066\05-base-red.json
ok   C:\Users\Angad\Desktop\SummerBIOIN\Project14-T2PW\docs\pwml_recovery_sprint\evidence\g11\C-066\06-tip-green.json
ok   C:\Users\Angad\Desktop\SummerBIOIN\Project14-T2PW\docs\pwml_recovery_sprint\evidence\g11\C-066\07-nonvac-undeclare.json
ok   C:\Users\Angad\Desktop\SummerBIOIN\Project14-T2PW\docs\pwml_recovery_sprint\evidence\g11\C-066\08-nonvac-blindwalk.json
ok   C:\Users\Angad\Desktop\SummerBIOIN\Project14-T2PW\docs\pwml_recovery_sprint\evidence\g11\C-066\09-ruling5-escapes.json
ok   C:\Users\Angad\Desktop\SummerBIOIN\Project14-T2PW\docs\pwml_recovery_sprint\evidence\g11\C-067\01-g9-base.json
ok   C:\Users\Angad\Desktop\SummerBIOIN\Project14-T2PW\docs\pwml_recovery_sprint\evidence\g11\C-067\02-g9-tip.json
ok   C:\Users\Angad\Desktop\SummerBIOIN\Project14-T2PW\docs\pwml_recovery_sprint\evidence\g11\C-067\03-replay-census-base.json
ok   C:\Users\Angad\Desktop\SummerBIOIN\Project14-T2PW\docs\pwml_recovery_sprint\evidence\g11\C-067\04-g9-base.json
ok   C:\Users\Angad\Desktop\SummerBIOIN\Project14-T2PW\docs\pwml_recovery_sprint\evidence\g11\C-067\05-g9-tip.json
ok   C:\Users\Angad\Desktop\SummerBIOIN\Project14-T2PW\docs\pwml_recovery_sprint\evidence\g11\C-067\06-replay-census-base.json
ok   C:\Users\Angad\Desktop\SummerBIOIN\Project14-T2PW\docs\pwml_recovery_sprint\evidence\g11\C-067\07-replay-census-tip.json
ok   C:\Users\Angad\Desktop\SummerBIOIN\Project14-T2PW\docs\pwml_recovery_sprint\evidence\g11\C-067\08-consuming-tests.json
ok   C:\Users\Angad\Desktop\SummerBIOIN\Project14-T2PW\docs\pwml_recovery_sprint\evidence\g11\C-067\09-collect-counts.json
ok   C:\Users\Angad\Desktop\SummerBIOIN\Project14-T2PW\docs\pwml_recovery_sprint\evidence\g11\C-067\10-g9-new-tests-on-base.json
ok   C:\Users\Angad\Desktop\SummerBIOIN\Project14-T2PW\docs\pwml_recovery_sprint\evidence\g11\C-067\11-consuming-tests-at-tip.json
ok   C:\Users\Angad\Desktop\SummerBIOIN\Project14-T2PW\docs\pwml_recovery_sprint\evidence\g11\C-067\12-census2-base.json
ok   C:\Users\Angad\Desktop\SummerBIOIN\Project14-T2PW\docs\pwml_recovery_sprint\evidence\g11\C-067\13-census2-tip.json
ok   C:\Users\Angad\Desktop\SummerBIOIN\Project14-T2PW\docs\pwml_recovery_sprint\evidence\g11\C-067\14-census2-c067only.json
ok   C:\Users\Angad\Desktop\SummerBIOIN\Project14-T2PW\docs\pwml_recovery_sprint\evidence\g11\C-067\15-consuming-round2.json
ok   C:\Users\Angad\Desktop\SummerBIOIN\Project14-T2PW\docs\pwml_recovery_sprint\evidence\g11\C-067\16-census3-base.json
ok   C:\Users\Angad\Desktop\SummerBIOIN\Project14-T2PW\docs\pwml_recovery_sprint\evidence\g11\C-067\17-census3-detonly.json
ok   C:\Users\Angad\Desktop\SummerBIOIN\Project14-T2PW\docs\pwml_recovery_sprint\evidence\g11\C-067\18-census3-tip.json
ok   C:\Users\Angad\Desktop\SummerBIOIN\Project14-T2PW\docs\pwml_recovery_sprint\evidence\g11\C-067\19-census4-base.json
ok   C:\Users\Angad\Desktop\SummerBIOIN\Project14-T2PW\docs\pwml_recovery_sprint\evidence\g11\C-067\20-census4-detonly.json
ok   C:\Users\Angad\Desktop\SummerBIOIN\Project14-T2PW\docs\pwml_recovery_sprint\evidence\g11\C-067\21-census4-tip.json
ok   C:\Users\Angad\Desktop\SummerBIOIN\Project14-T2PW\docs\pwml_recovery_sprint\evidence\g11\C-067\22-g9r2-base.json
ok   C:\Users\Angad\Desktop\SummerBIOIN\Project14-T2PW\docs\pwml_recovery_sprint\evidence\g11\C-067\23-g9r2-detonly.json
ok   C:\Users\Angad\Desktop\SummerBIOIN\Project14-T2PW\docs\pwml_recovery_sprint\evidence\g11\C-067\24-g9r2-tip.json
ok   C:\Users\Angad\Desktop\SummerBIOIN\Project14-T2PW\docs\pwml_recovery_sprint\evidence\g11\C-067\25-g9r2-tests-on-base.json
ok   C:\Users\Angad\Desktop\SummerBIOIN\Project14-T2PW\docs\pwml_recovery_sprint\evidence\g11\C-067\26-g9r2-tests-on-detonly.json
ok   C:\Users\Angad\Desktop\SummerBIOIN\Project14-T2PW\docs\pwml_recovery_sprint\evidence\g11\C-067\27-g9r3-base.json
ok   C:\Users\Angad\Desktop\SummerBIOIN\Project14-T2PW\docs\pwml_recovery_sprint\evidence\g11\C-067\28-g9r3-detonly.json
ok   C:\Users\Angad\Desktop\SummerBIOIN\Project14-T2PW\docs\pwml_recovery_sprint\evidence\g11\C-067\29-g9r3-tip.json
ok   C:\Users\Angad\Desktop\SummerBIOIN\Project14-T2PW\docs\pwml_recovery_sprint\evidence\g11\C-067\30-g9r4-base.json
ok   C:\Users\Angad\Desktop\SummerBIOIN\Project14-T2PW\docs\pwml_recovery_sprint\evidence\g11\C-067\31-g9r4-detonly.json
ok   C:\Users\Angad\Desktop\SummerBIOIN\Project14-T2PW\docs\pwml_recovery_sprint\evidence\g11\C-067\32-g9r4-tip.json
ok   C:\Users\Angad\Desktop\SummerBIOIN\Project14-T2PW\docs\pwml_recovery_sprint\evidence\g11\C-067\33-g9final-base.json
ok   C:\Users\Angad\Desktop\SummerBIOIN\Project14-T2PW\docs\pwml_recovery_sprint\evidence\g11\C-067\34-g9final-detonly.json
ok   C:\Users\Angad\Desktop\SummerBIOIN\Project14-T2PW\docs\pwml_recovery_sprint\evidence\g11\C-067\35-g9final-tip.json
ok   C:\Users\Angad\Desktop\SummerBIOIN\Project14-T2PW\docs\pwml_recovery_sprint\evidence\g11\C-067\36-consuming-final.json
ok   C:\Users\Angad\Desktop\SummerBIOIN\Project14-T2PW\docs\pwml_recovery_sprint\evidence\g11\C-067\37-collect-final.json
ok   C:\Users\Angad\Desktop\SummerBIOIN\Project14-T2PW\docs\pwml_recovery_sprint\evidence\g11\C-067\38-verify-pinned-table.json
ok   C:\Users\Angad\Desktop\SummerBIOIN\Project14-T2PW\docs\pwml_recovery_sprint\evidence\g11\C-068\01-g9-base-tripwires.json
ok   C:\Users\Angad\Desktop\SummerBIOIN\Project14-T2PW\docs\pwml_recovery_sprint\evidence\g11\C-068\02-census-measure.json
ok   C:\Users\Angad\Desktop\SummerBIOIN\Project14-T2PW\docs\pwml_recovery_sprint\evidence\g11\C-068\03-census-measure-full.json
ok   C:\Users\Angad\Desktop\SummerBIOIN\Project14-T2PW\docs\pwml_recovery_sprint\evidence\g11\C-068\04-golden-digest-measure.json
ok   C:\Users\Angad\Desktop\SummerBIOIN\Project14-T2PW\docs\pwml_recovery_sprint\evidence\g11\C-068\05-stops-measure.json
ok   C:\Users\Angad\Desktop\SummerBIOIN\Project14-T2PW\docs\pwml_recovery_sprint\evidence\g11\C-068\06-stops-measure-dump.json
ok   C:\Users\Angad\Desktop\SummerBIOIN\Project14-T2PW\docs\pwml_recovery_sprint\evidence\g11\C-068\07-tip-focused.json
ok   C:\Users\Angad\Desktop\SummerBIOIN\Project14-T2PW\docs\pwml_recovery_sprint\evidence\g11\C-068\08-base-collect.json
ok   C:\Users\Angad\Desktop\SummerBIOIN\Project14-T2PW\docs\pwml_recovery_sprint\evidence\g11\C-068\09-base-collect-2.json
ok   C:\Users\Angad\Desktop\SummerBIOIN\Project14-T2PW\docs\pwml_recovery_sprint\evidence\g11\C-068\10-nonvacuity-red.json
ok   C:\Users\Angad\Desktop\SummerBIOIN\Project14-T2PW\docs\pwml_recovery_sprint\evidence\g11\C-068\11-nonvacuity-green.json
ok   C:\Users\Angad\Desktop\SummerBIOIN\Project14-T2PW\docs\pwml_recovery_sprint\evidence\g11\C-068\12-smoke.json
ok   C:\Users\Angad\Desktop\SummerBIOIN\Project14-T2PW\docs\pwml_recovery_sprint\evidence\g11\C-068\13-tip-focused-final.json
ok   C:\Users\Angad\Desktop\SummerBIOIN\Project14-T2PW\docs\pwml_recovery_sprint\evidence\g11\C-069\01-missed-history.json
ok   C:\Users\Angad\Desktop\SummerBIOIN\Project14-T2PW\docs\pwml_recovery_sprint\evidence\g11\C-069\02-base-red.json
ok   C:\Users\Angad\Desktop\SummerBIOIN\Project14-T2PW\docs\pwml_recovery_sprint\evidence\g11\C-069\03-base-blind.json
ok   C:\Users\Angad\Desktop\SummerBIOIN\Project14-T2PW\docs\pwml_recovery_sprint\evidence\g11\C-069\04-nonvac-base.json
ok   C:\Users\Angad\Desktop\SummerBIOIN\Project14-T2PW\docs\pwml_recovery_sprint\evidence\g11\C-069\05-base-blind-v2.json
ok   C:\Users\Angad\Desktop\SummerBIOIN\Project14-T2PW\docs\pwml_recovery_sprint\evidence\g11\C-069\06-base-blind-v3.json
ok   C:\Users\Angad\Desktop\SummerBIOIN\Project14-T2PW\docs\pwml_recovery_sprint\evidence\g11\C-069\07-tip-green.json
ok   C:\Users\Angad\Desktop\SummerBIOIN\Project14-T2PW\docs\pwml_recovery_sprint\evidence\g11\C-069\08-tip-covered.json
ok   C:\Users\Angad\Desktop\SummerBIOIN\Project14-T2PW\docs\pwml_recovery_sprint\evidence\g11\C-069\09-nonvac-tip.json
ok   C:\Users\Angad\Desktop\SummerBIOIN\Project14-T2PW\docs\pwml_recovery_sprint\evidence\g11\C-069\10-history-tip.json
ok   C:\Users\Angad\Desktop\SummerBIOIN\Project14-T2PW\docs\pwml_recovery_sprint\evidence\g11\C-069\11-chunk-membership.json
ok   C:\Users\Angad\Desktop\SummerBIOIN\Project14-T2PW\docs\pwml_recovery_sprint\evidence\g11\C-069\12-chunk-membership-v2.json
ok   C:\Users\Angad\Desktop\SummerBIOIN\Project14-T2PW\docs\pwml_recovery_sprint\evidence\g11\C-069\13-deadline-blind.json
ok   C:\Users\Angad\Desktop\SummerBIOIN\Project14-T2PW\docs\pwml_recovery_sprint\evidence\g11\C-069\14-deadline-red.json
ok   C:\Users\Angad\Desktop\SummerBIOIN\Project14-T2PW\docs\pwml_recovery_sprint\evidence\g11\C-069\15-tip2-green.json
ok   C:\Users\Angad\Desktop\SummerBIOIN\Project14-T2PW\docs\pwml_recovery_sprint\evidence\g11\C-069\16-tip2-covered.json
ok   C:\Users\Angad\Desktop\SummerBIOIN\Project14-T2PW\docs\pwml_recovery_sprint\evidence\g11\C-069\17-history-f086.json
ok   C:\Users\Angad\Desktop\SummerBIOIN\Project14-T2PW\docs\pwml_recovery_sprint\evidence\g11\C-069\18-nonvac-classifier.json
ok   C:\Users\Angad\Desktop\SummerBIOIN\Project14-T2PW\docs\pwml_recovery_sprint\evidence\g11\C-069\19-nonvac-tip2.json
ok   C:\Users\Angad\Desktop\SummerBIOIN\Project14-T2PW\docs\pwml_recovery_sprint\evidence\g11\C-069\20-smoke-c069.json
ok   C:\Users\Angad\Desktop\SummerBIOIN\Project14-T2PW\docs\pwml_recovery_sprint\evidence\g11\C-069\21-child-reality.json
ok   C:\Users\Angad\Desktop\SummerBIOIN\Project14-T2PW\docs\pwml_recovery_sprint\evidence\g11\C-069\22-tip3-covered.json
ok   C:\Users\Angad\Desktop\SummerBIOIN\Project14-T2PW\docs\pwml_recovery_sprint\evidence\g11\C-069\23-tip3-green.json
ok   C:\Users\Angad\Desktop\SummerBIOIN\Project14-T2PW\docs\pwml_recovery_sprint\evidence\g11\C-069\24-smoke-c069-tip3.json
ok   C:\Users\Angad\Desktop\SummerBIOIN\Project14-T2PW\docs\pwml_recovery_sprint\evidence\g11\C-070\01-g9-base-isolated.json
ok   C:\Users\Angad\Desktop\SummerBIOIN\Project14-T2PW\docs\pwml_recovery_sprint\evidence\g11\C-070\02-g9-base-census.json
ok   C:\Users\Angad\Desktop\SummerBIOIN\Project14-T2PW\docs\pwml_recovery_sprint\evidence\g11\C-070\03-chunkc-base.json
ok   C:\Users\Angad\Desktop\SummerBIOIN\Project14-T2PW\docs\pwml_recovery_sprint\evidence\g11\C-070\04-dcore-base.json
ok   C:\Users\Angad\Desktop\SummerBIOIN\Project14-T2PW\docs\pwml_recovery_sprint\evidence\g11\C-070\05-chunkc-tip.json
ok   C:\Users\Angad\Desktop\SummerBIOIN\Project14-T2PW\docs\pwml_recovery_sprint\evidence\g11\C-070\06-dcore-tip.json
ok   C:\Users\Angad\Desktop\SummerBIOIN\Project14-T2PW\docs\pwml_recovery_sprint\evidence\g11\C-070\07-collect-inioff.json
ok   C:\Users\Angad\Desktop\SummerBIOIN\Project14-T2PW\docs\pwml_recovery_sprint\evidence\g11\C-070\08-collect-inion.json
ok   C:\Users\Angad\Desktop\SummerBIOIN\Project14-T2PW\docs\pwml_recovery_sprint\evidence\g11\C-070\09-g9-tip-census.json
ok   C:\Users\Angad\Desktop\SummerBIOIN\Project14-T2PW\docs\pwml_recovery_sprint\evidence\g11\C-070\10-nonvacuity.json
ok   C:\Users\Angad\Desktop\SummerBIOIN\Project14-T2PW\docs\pwml_recovery_sprint\evidence\g11\C-070\11-g9-base-shipped.json
ok   C:\Users\Angad\Desktop\SummerBIOIN\Project14-T2PW\docs\pwml_recovery_sprint\evidence\g11\C-070\12-tip-routine.json
ok   C:\Users\Angad\Desktop\SummerBIOIN\Project14-T2PW\docs\pwml_recovery_sprint\evidence\g11\C-070\13-smoke-c070.json
ok   C:\Users\Angad\Desktop\SummerBIOIN\Project14-T2PW\docs\pwml_recovery_sprint\evidence\g11\C-070\14-chunka-c070.json
ok   C:\Users\Angad\Desktop\SummerBIOIN\Project14-T2PW\docs\pwml_recovery_sprint\evidence\g11\C-070\15-chunke-c070.json
ok   C:\Users\Angad\Desktop\SummerBIOIN\Project14-T2PW\docs\pwml_recovery_sprint\evidence\g11\C-070\16-chunkd-c070.json
ok   C:\Users\Angad\Desktop\SummerBIOIN\Project14-T2PW\docs\pwml_recovery_sprint\evidence\g11\C-070\17-mono.json
ok   C:\Users\Angad\Desktop\SummerBIOIN\Project14-T2PW\docs\pwml_recovery_sprint\evidence\g11\C-070\18-core.json
ok   C:\Users\Angad\Desktop\SummerBIOIN\Project14-T2PW\docs\pwml_recovery_sprint\evidence\g11\C-070\19-s8.json
ok   C:\Users\Angad\Desktop\SummerBIOIN\Project14-T2PW\docs\pwml_recovery_sprint\evidence\g11\C-070\20-qb.json
ok   C:\Users\Angad\Desktop\SummerBIOIN\Project14-T2PW\docs\pwml_recovery_sprint\evidence\g11\C-070\21-run-core.json
ok   C:\Users\Angad\Desktop\SummerBIOIN\Project14-T2PW\docs\pwml_recovery_sprint\evidence\g11\C-070\22-node00.json
ok   C:\Users\Angad\Desktop\SummerBIOIN\Project14-T2PW\docs\pwml_recovery_sprint\evidence\g11\C-070\23-node01.json
ok   C:\Users\Angad\Desktop\SummerBIOIN\Project14-T2PW\docs\pwml_recovery_sprint\evidence\g11\C-070\24-node02.json
ok   C:\Users\Angad\Desktop\SummerBIOIN\Project14-T2PW\docs\pwml_recovery_sprint\evidence\g11\C-070\25-node03.json
ok   C:\Users\Angad\Desktop\SummerBIOIN\Project14-T2PW\docs\pwml_recovery_sprint\evidence\g11\C-070\26-node04.json
ok   C:\Users\Angad\Desktop\SummerBIOIN\Project14-T2PW\docs\pwml_recovery_sprint\evidence\g11\C-070\27-node05.json
ok   C:\Users\Angad\Desktop\SummerBIOIN\Project14-T2PW\docs\pwml_recovery_sprint\evidence\g11\C-070\28-node06.json
ok   C:\Users\Angad\Desktop\SummerBIOIN\Project14-T2PW\docs\pwml_recovery_sprint\evidence\g11\C-070\29-node07.json
ok   C:\Users\Angad\Desktop\SummerBIOIN\Project14-T2PW\docs\pwml_recovery_sprint\evidence\g11\C-070\30-node08.json
ok   C:\Users\Angad\Desktop\SummerBIOIN\Project14-T2PW\docs\pwml_recovery_sprint\evidence\g11\C-070\31-node09.json
ok   C:\Users\Angad\Desktop\SummerBIOIN\Project14-T2PW\docs\pwml_recovery_sprint\evidence\g11\C-070\32-node10.json
ok   C:\Users\Angad\Desktop\SummerBIOIN\Project14-T2PW\docs\pwml_recovery_sprint\evidence\g11\C-070\33-node11.json
ok   C:\Users\Angad\Desktop\SummerBIOIN\Project14-T2PW\docs\pwml_recovery_sprint\evidence\g11\C-070\34-node12.json
ok   C:\Users\Angad\Desktop\SummerBIOIN\Project14-T2PW\docs\pwml_recovery_sprint\evidence\g11\C-070\35-node13.json
ok   C:\Users\Angad\Desktop\SummerBIOIN\Project14-T2PW\docs\pwml_recovery_sprint\evidence\g11\C-070\36-node14.json
ok   C:\Users\Angad\Desktop\SummerBIOIN\Project14-T2PW\docs\pwml_recovery_sprint\evidence\g11\C-070\37-node15.json
ok   C:\Users\Angad\Desktop\SummerBIOIN\Project14-T2PW\docs\pwml_recovery_sprint\evidence\g11\C-070\38-node16.json
ok   C:\Users\Angad\Desktop\SummerBIOIN\Project14-T2PW\docs\pwml_recovery_sprint\evidence\g11\C-070\39-node17.json
ok   C:\Users\Angad\Desktop\SummerBIOIN\Project14-T2PW\docs\pwml_recovery_sprint\evidence\g11\C-070\40-node18.json
ok   C:\Users\Angad\Desktop\SummerBIOIN\Project14-T2PW\docs\pwml_recovery_sprint\evidence\g11\C-070\41-node19.json
ok   C:\Users\Angad\Desktop\SummerBIOIN\Project14-T2PW\docs\pwml_recovery_sprint\evidence\g11\C-070\42-node20.json
ok   C:\Users\Angad\Desktop\SummerBIOIN\Project14-T2PW\docs\pwml_recovery_sprint\evidence\g11\C-070\43-node21.json
ok   C:\Users\Angad\Desktop\SummerBIOIN\Project14-T2PW\docs\pwml_recovery_sprint\evidence\g11\C-070\44-node22.json
ok   C:\Users\Angad\Desktop\SummerBIOIN\Project14-T2PW\docs\pwml_recovery_sprint\evidence\g11\C-070\45-node23.json
ok   C:\Users\Angad\Desktop\SummerBIOIN\Project14-T2PW\docs\pwml_recovery_sprint\evidence\g11\C-070\46-node24.json
ok   C:\Users\Angad\Desktop\SummerBIOIN\Project14-T2PW\docs\pwml_recovery_sprint\evidence\g11\C-070\47-node25.json
ok   C:\Users\Angad\Desktop\SummerBIOIN\Project14-T2PW\docs\pwml_recovery_sprint\evidence\g11\C-070\48-node26.json
ok   C:\Users\Angad\Desktop\SummerBIOIN\Project14-T2PW\docs\pwml_recovery_sprint\evidence\g11\C-071\03-g9-base.json
ok   C:\Users\Angad\Desktop\SummerBIOIN\Project14-T2PW\docs\pwml_recovery_sprint\evidence\g11\C-071\04-g9-tip.json
ok   C:\Users\Angad\Desktop\SummerBIOIN\Project14-T2PW\docs\pwml_recovery_sprint\evidence\g11\C-071\05-focused-core.json
ok   C:\Users\Angad\Desktop\SummerBIOIN\Project14-T2PW\docs\pwml_recovery_sprint\evidence\g11\C-071\06-focused-consumers.json
ok   C:\Users\Angad\Desktop\SummerBIOIN\Project14-T2PW\docs\pwml_recovery_sprint\evidence\g11\C-071\07-replay-on-base.json
ok   C:\Users\Angad\Desktop\SummerBIOIN\Project14-T2PW\docs\pwml_recovery_sprint\evidence\g11\C-071\08-golden-unmoved.json
ok   C:\Users\Angad\Desktop\SummerBIOIN\Project14-T2PW\docs\pwml_recovery_sprint\evidence\g11\C-071\09-focused-core-retrim.json
ok   C:\Users\Angad\Desktop\SummerBIOIN\Project14-T2PW\docs\pwml_recovery_sprint\evidence\g11\C-071\10-g9-base-final.json
ok   C:\Users\Angad\Desktop\SummerBIOIN\Project14-T2PW\docs\pwml_recovery_sprint\evidence\g11\C-071\11-g9-tip-final.json
ok   C:\Users\Angad\Desktop\SummerBIOIN\Project14-T2PW\docs\pwml_recovery_sprint\evidence\g11\C-071\12-focused-final.json
ok   C:\Users\Angad\Desktop\SummerBIOIN\Project14-T2PW\docs\pwml_recovery_sprint\evidence\g11\C-071\13-smoke-c071.json
ok   C:\Users\Angad\Desktop\SummerBIOIN\Project14-T2PW\docs\pwml_recovery_sprint\evidence\g11\C-071\14-chunkd-c071.json
ok   C:\Users\Angad\Desktop\SummerBIOIN\Project14-T2PW\docs\pwml_recovery_sprint\evidence\g11\C-071\15-mono.json
ok   C:\Users\Angad\Desktop\SummerBIOIN\Project14-T2PW\docs\pwml_recovery_sprint\evidence\g11\C-071\16-core.json
ok   C:\Users\Angad\Desktop\SummerBIOIN\Project14-T2PW\docs\pwml_recovery_sprint\evidence\g11\C-071\17-s8.json
ok   C:\Users\Angad\Desktop\SummerBIOIN\Project14-T2PW\docs\pwml_recovery_sprint\evidence\g11\C-071\18-qb.json
ok   C:\Users\Angad\Desktop\SummerBIOIN\Project14-T2PW\docs\pwml_recovery_sprint\evidence\g11\C-071\19-run-core.json
ok   C:\Users\Angad\Desktop\SummerBIOIN\Project14-T2PW\docs\pwml_recovery_sprint\evidence\g11\C-071\20-node00.json
ok   C:\Users\Angad\Desktop\SummerBIOIN\Project14-T2PW\docs\pwml_recovery_sprint\evidence\g11\C-071\21-node01.json
ok   C:\Users\Angad\Desktop\SummerBIOIN\Project14-T2PW\docs\pwml_recovery_sprint\evidence\g11\C-071\22-node02.json
ok   C:\Users\Angad\Desktop\SummerBIOIN\Project14-T2PW\docs\pwml_recovery_sprint\evidence\g11\C-071\23-node03.json
ok   C:\Users\Angad\Desktop\SummerBIOIN\Project14-T2PW\docs\pwml_recovery_sprint\evidence\g11\C-071\24-node04.json
ok   C:\Users\Angad\Desktop\SummerBIOIN\Project14-T2PW\docs\pwml_recovery_sprint\evidence\g11\C-071\25-node05.json
ok   C:\Users\Angad\Desktop\SummerBIOIN\Project14-T2PW\docs\pwml_recovery_sprint\evidence\g11\C-071\26-node06.json
ok   C:\Users\Angad\Desktop\SummerBIOIN\Project14-T2PW\docs\pwml_recovery_sprint\evidence\g11\C-071\27-node07.json
ok   C:\Users\Angad\Desktop\SummerBIOIN\Project14-T2PW\docs\pwml_recovery_sprint\evidence\g11\C-071\28-node08.json
ok   C:\Users\Angad\Desktop\SummerBIOIN\Project14-T2PW\docs\pwml_recovery_sprint\evidence\g11\C-071\29-node09.json
ok   C:\Users\Angad\Desktop\SummerBIOIN\Project14-T2PW\docs\pwml_recovery_sprint\evidence\g11\C-071\30-node10.json
ok   C:\Users\Angad\Desktop\SummerBIOIN\Project14-T2PW\docs\pwml_recovery_sprint\evidence\g11\C-071\31-node11.json
ok   C:\Users\Angad\Desktop\SummerBIOIN\Project14-T2PW\docs\pwml_recovery_sprint\evidence\g11\C-071\32-node12.json
ok   C:\Users\Angad\Desktop\SummerBIOIN\Project14-T2PW\docs\pwml_recovery_sprint\evidence\g11\C-071\33-node13.json
ok   C:\Users\Angad\Desktop\SummerBIOIN\Project14-T2PW\docs\pwml_recovery_sprint\evidence\g11\C-071\34-node14.json
ok   C:\Users\Angad\Desktop\SummerBIOIN\Project14-T2PW\docs\pwml_recovery_sprint\evidence\g11\C-071\35-node15.json
ok   C:\Users\Angad\Desktop\SummerBIOIN\Project14-T2PW\docs\pwml_recovery_sprint\evidence\g11\C-071\36-node16.json
ok   C:\Users\Angad\Desktop\SummerBIOIN\Project14-T2PW\docs\pwml_recovery_sprint\evidence\g11\C-071\37-node17.json
ok   C:\Users\Angad\Desktop\SummerBIOIN\Project14-T2PW\docs\pwml_recovery_sprint\evidence\g11\C-071\38-node18.json
ok   C:\Users\Angad\Desktop\SummerBIOIN\Project14-T2PW\docs\pwml_recovery_sprint\evidence\g11\C-071\39-node19.json
ok   C:\Users\Angad\Desktop\SummerBIOIN\Project14-T2PW\docs\pwml_recovery_sprint\evidence\g11\C-071\40-node20.json
ok   C:\Users\Angad\Desktop\SummerBIOIN\Project14-T2PW\docs\pwml_recovery_sprint\evidence\g11\C-071\41-node21.json
ok   C:\Users\Angad\Desktop\SummerBIOIN\Project14-T2PW\docs\pwml_recovery_sprint\evidence\g11\C-071\42-node22.json
ok   C:\Users\Angad\Desktop\SummerBIOIN\Project14-T2PW\docs\pwml_recovery_sprint\evidence\g11\C-071\43-node23.json
ok   C:\Users\Angad\Desktop\SummerBIOIN\Project14-T2PW\docs\pwml_recovery_sprint\evidence\g11\C-071\44-node24.json
ok   C:\Users\Angad\Desktop\SummerBIOIN\Project14-T2PW\docs\pwml_recovery_sprint\evidence\g11\C-071\45-node25.json
ok   C:\Users\Angad\Desktop\SummerBIOIN\Project14-T2PW\docs\pwml_recovery_sprint\evidence\g11\C-071\46-node26.json
ok   C:\Users\Angad\Desktop\SummerBIOIN\Project14-T2PW\docs\pwml_recovery_sprint\evidence\g11\C-071\47-f091-verify.json
ok   C:\Users\Angad\Desktop\SummerBIOIN\Project14-T2PW\docs\pwml_recovery_sprint\evidence\g11\C-071\48-focused-f091.json
ok   C:\Users\Angad\Desktop\SummerBIOIN\Project14-T2PW\docs\pwml_recovery_sprint\evidence\g11\C-072\01-c072-focused.json
ok   C:\Users\Angad\Desktop\SummerBIOIN\Project14-T2PW\docs\pwml_recovery_sprint\evidence\g11\C-072\02-c072-base-sha-proof.json
ok   C:\Users\Angad\Desktop\SummerBIOIN\Project14-T2PW\docs\pwml_recovery_sprint\evidence\g11\C-072\03-c072-base-sha-proof-primary.json
ok   C:\Users\Angad\Desktop\SummerBIOIN\Project14-T2PW\docs\pwml_recovery_sprint\evidence\g11\C-072\04-c072-tip-and-c056.json
ok   C:\Users\Angad\Desktop\SummerBIOIN\Project14-T2PW\docs\pwml_recovery_sprint\evidence\g11\C-072\05-c072-smoke.json
ok   C:\Users\Angad\Desktop\SummerBIOIN\Project14-T2PW\docs\pwml_recovery_sprint\evidence\g11\C-072\06-review-focused.json
ok   C:\Users\Angad\Desktop\SummerBIOIN\Project14-T2PW\docs\pwml_recovery_sprint\evidence\g11\C-072\07-review-base-proof.json
ok   C:\Users\Angad\Desktop\SummerBIOIN\Project14-T2PW\docs\pwml_recovery_sprint\evidence\g11\C-072\08-replay-baseline.json
ok   C:\Users\Angad\Desktop\SummerBIOIN\Project14-T2PW\docs\pwml_recovery_sprint\evidence\g11\C-072\09-review-blast-radius.json
ok   C:\Users\Angad\Desktop\SummerBIOIN\Project14-T2PW\docs\pwml_recovery_sprint\evidence\g11\C-072\10-review-smoke.json
ok   C:\Users\Angad\Desktop\SummerBIOIN\Project14-T2PW\docs\pwml_recovery_sprint\evidence\g11\C-072\11-review-base-primary.json
ok   C:\Users\Angad\Desktop\SummerBIOIN\Project14-T2PW\docs\pwml_recovery_sprint\evidence\g11\C-072\12-review-failure-replay.json
ok   C:\Users\Angad\Desktop\SummerBIOIN\Project14-T2PW\docs\pwml_recovery_sprint\evidence\g11\C-072\13-paper-validate.json
ok   C:\Users\Angad\Desktop\SummerBIOIN\Project14-T2PW\docs\pwml_recovery_sprint\evidence\g11\C-073\01-seam-probe.json
ok   C:\Users\Angad\Desktop\SummerBIOIN\Project14-T2PW\docs\pwml_recovery_sprint\evidence\g11\C-073\02-discriminate.json
ok   C:\Users\Angad\Desktop\SummerBIOIN\Project14-T2PW\docs\pwml_recovery_sprint\evidence\g11\C-073\03-discriminate2.json
ok   C:\Users\Angad\Desktop\SummerBIOIN\Project14-T2PW\docs\pwml_recovery_sprint\evidence\g11\C-073\04-provenance.json
ok   C:\Users\Angad\Desktop\SummerBIOIN\Project14-T2PW\docs\pwml_recovery_sprint\evidence\g11\C-073\05-synonyms.json
ok   C:\Users\Angad\Desktop\SummerBIOIN\Project14-T2PW\docs\pwml_recovery_sprint\evidence\g11\C-073\06-provenance-rule.json
ok   C:\Users\Angad\Desktop\SummerBIOIN\Project14-T2PW\docs\pwml_recovery_sprint\evidence\g11\C-073\07-collateral-probe.json
ok   C:\Users\Angad\Desktop\SummerBIOIN\Project14-T2PW\docs\pwml_recovery_sprint\evidence\g11\C-073\08-focused.json
ok   C:\Users\Angad\Desktop\SummerBIOIN\Project14-T2PW\docs\pwml_recovery_sprint\evidence\g11\C-073\09-g9-base-failure.json
ok   C:\Users\Angad\Desktop\SummerBIOIN\Project14-T2PW\docs\pwml_recovery_sprint\evidence\g11\C-073\10-affected-and-smoke.json
ok   C:\Users\Angad\Desktop\SummerBIOIN\Project14-T2PW\docs\pwml_recovery_sprint\evidence\g11\C-073\11-base-baseline-two.json
ok   C:\Users\Angad\Desktop\SummerBIOIN\Project14-T2PW\docs\pwml_recovery_sprint\evidence\g11\C-073\12-affected-and-smoke-rerun.json
ok   C:\Users\Angad\Desktop\SummerBIOIN\Project14-T2PW\docs\pwml_recovery_sprint\evidence\g11\C-073\13-review-focused.json
ok   C:\Users\Angad\Desktop\SummerBIOIN\Project14-T2PW\docs\pwml_recovery_sprint\evidence\g11\C-073\14-review-affected.json
ok   C:\Users\Angad\Desktop\SummerBIOIN\Project14-T2PW\docs\pwml_recovery_sprint\evidence\g11\C-073\15-review-g9-base.json
ok   C:\Users\Angad\Desktop\SummerBIOIN\Project14-T2PW\docs\pwml_recovery_sprint\evidence\g11\C-073\16-review-g9-base-behavioural.json
ok   C:\Users\Angad\Desktop\SummerBIOIN\Project14-T2PW\docs\pwml_recovery_sprint\evidence\g11\C-073\17-review-passb-base.json
ok   C:\Users\Angad\Desktop\SummerBIOIN\Project14-T2PW\docs\pwml_recovery_sprint\evidence\g11\C-073\18-review-corpus-replay.json
ok   C:\Users\Angad\Desktop\SummerBIOIN\Project14-T2PW\docs\pwml_recovery_sprint\evidence\g11\C-073\19-review-smoke.json
ok   C:\Users\Angad\Desktop\SummerBIOIN\Project14-T2PW\docs\pwml_recovery_sprint\evidence\g11\C-073\20-review-mappayload-consumers.json
ok   C:\Users\Angad\Desktop\SummerBIOIN\Project14-T2PW\docs\pwml_recovery_sprint\evidence\g11\C-073\21-review-passb-blast-radius.json
ok   C:\Users\Angad\Desktop\SummerBIOIN\Project14-T2PW\docs\pwml_recovery_sprint\evidence\g11\C-073\22-review-passb-blast-full.json
ok   C:\Users\Angad\Desktop\SummerBIOIN\Project14-T2PW\docs\pwml_recovery_sprint\evidence\g11\C-073\23-review-collision-classify.json
ok   C:\Users\Angad\Desktop\SummerBIOIN\Project14-T2PW\docs\pwml_recovery_sprint\evidence\g11\C-073\24-orch-verify-reject.json
ok   C:\Users\Angad\Desktop\SummerBIOIN\Project14-T2PW\docs\pwml_recovery_sprint\evidence\g11\C-073\25-bucket-rule.json
ok   C:\Users\Angad\Desktop\SummerBIOIN\Project14-T2PW\docs\pwml_recovery_sprint\evidence\g11\C-073\26-r2-corpus-53.json
ok   C:\Users\Angad\Desktop\SummerBIOIN\Project14-T2PW\docs\pwml_recovery_sprint\evidence\g11\C-073\27-r2-corpus-53-final.json
ok   C:\Users\Angad\Desktop\SummerBIOIN\Project14-T2PW\docs\pwml_recovery_sprint\evidence\g11\C-073\28-r2-tests.json
ok   C:\Users\Angad\Desktop\SummerBIOIN\Project14-T2PW\docs\pwml_recovery_sprint\evidence\g11\C-073\29-r2-g9-base-failure.json
ok   C:\Users\Angad\Desktop\SummerBIOIN\Project14-T2PW\docs\pwml_recovery_sprint\evidence\g11\C-073\30-rr2-focused.json
ok   C:\Users\Angad\Desktop\SummerBIOIN\Project14-T2PW\docs\pwml_recovery_sprint\evidence\g11\C-073\31-rr2-corpus.json
ok   C:\Users\Angad\Desktop\SummerBIOIN\Project14-T2PW\docs\pwml_recovery_sprint\evidence\g11\C-073\32-rr2-g9-base.json
ok   C:\Users\Angad\Desktop\SummerBIOIN\Project14-T2PW\docs\pwml_recovery_sprint\evidence\g11\C-073\33-rr2-smoke.json
ok   C:\Users\Angad\Desktop\SummerBIOIN\Project14-T2PW\docs\pwml_recovery_sprint\evidence\g11\C-073\34-rr2-t104-withindex.json
ok   C:\Users\Angad\Desktop\SummerBIOIN\Project14-T2PW\docs\pwml_recovery_sprint\evidence\g11\C-073\35-rr2-g9-base-two.json
ok   C:\Users\Angad\Desktop\SummerBIOIN\Project14-T2PW\docs\pwml_recovery_sprint\evidence\g11\C-073\36-rr2-base-classify.json
ok   C:\Users\Angad\Desktop\SummerBIOIN\Project14-T2PW\docs\pwml_recovery_sprint\evidence\g11\C-073\37-rr2-smoke-and-pinned.json
ok   C:\Users\Angad\Desktop\SummerBIOIN\Project14-T2PW\docs\pwml_recovery_sprint\evidence\g11\C-073\38-rr2-pinned-consumers.json
ok   C:\Users\Angad\Desktop\SummerBIOIN\Project14-T2PW\docs\pwml_recovery_sprint\evidence\g11\C-074\01-probe-corpus.json
ok   C:\Users\Angad\Desktop\SummerBIOIN\Project14-T2PW\docs\pwml_recovery_sprint\evidence\g11\C-074\02-explore-base.json
ok   C:\Users\Angad\Desktop\SummerBIOIN\Project14-T2PW\docs\pwml_recovery_sprint\evidence\g11\C-074\03-c074-first-tip.json
ok   C:\Users\Angad\Desktop\SummerBIOIN\Project14-T2PW\docs\pwml_recovery_sprint\evidence\g11\C-074\04-diag.json
ok   C:\Users\Angad\Desktop\SummerBIOIN\Project14-T2PW\docs\pwml_recovery_sprint\evidence\g11\C-074\05-tip-2.json
ok   C:\Users\Angad\Desktop\SummerBIOIN\Project14-T2PW\docs\pwml_recovery_sprint\evidence\g11\C-074\06-tip-3.json
ok   C:\Users\Angad\Desktop\SummerBIOIN\Project14-T2PW\docs\pwml_recovery_sprint\evidence\g11\C-074\07-g9-base.json
ok   C:\Users\Angad\Desktop\SummerBIOIN\Project14-T2PW\docs\pwml_recovery_sprint\evidence\g11\C-074\08-tip-4.json
ok   C:\Users\Angad\Desktop\SummerBIOIN\Project14-T2PW\docs\pwml_recovery_sprint\evidence\g11\C-074\09-g9-base-pytest.json
ok   C:\Users\Angad\Desktop\SummerBIOIN\Project14-T2PW\docs\pwml_recovery_sprint\evidence\g11\C-074\10-g9-tip.json
ok   C:\Users\Angad\Desktop\SummerBIOIN\Project14-T2PW\docs\pwml_recovery_sprint\evidence\g11\C-074\11-focused.json
ok   C:\Users\Angad\Desktop\SummerBIOIN\Project14-T2PW\docs\pwml_recovery_sprint\evidence\g11\C-074\12-focused-2.json
ok   C:\Users\Angad\Desktop\SummerBIOIN\Project14-T2PW\docs\pwml_recovery_sprint\evidence\g11\C-074\13-smoke.json
ok   C:\Users\Angad\Desktop\SummerBIOIN\Project14-T2PW\docs\pwml_recovery_sprint\evidence\g11\C-074\14-affected.json
ok   C:\Users\Angad\Desktop\SummerBIOIN\Project14-T2PW\docs\pwml_recovery_sprint\evidence\g11\C-074\15-focused-card.json
ok   C:\Users\Angad\Desktop\SummerBIOIN\Project14-T2PW\docs\pwml_recovery_sprint\evidence\g11\C-074\16-postcommit.json
ok   C:\Users\Angad\Desktop\SummerBIOIN\Project14-T2PW\docs\pwml_recovery_sprint\evidence\g11\C-074\17-skipcheck.json
ok   C:\Users\Angad\Desktop\SummerBIOIN\Project14-T2PW\docs\pwml_recovery_sprint\evidence\g11\C-074\18-review-corpus-replay.json
ok   C:\Users\Angad\Desktop\SummerBIOIN\Project14-T2PW\docs\pwml_recovery_sprint\evidence\g11\C-074\19-review-g9-base.json
ok   C:\Users\Angad\Desktop\SummerBIOIN\Project14-T2PW\docs\pwml_recovery_sprint\evidence\g11\C-074\20-review-g9-base-verbatim.json
ok   C:\Users\Angad\Desktop\SummerBIOIN\Project14-T2PW\docs\pwml_recovery_sprint\evidence\g11\C-074\21-review-corpus-tip.json
ok   C:\Users\Angad\Desktop\SummerBIOIN\Project14-T2PW\docs\pwml_recovery_sprint\evidence\g11\C-074\22-review-focused-tip.json
ok   C:\Users\Angad\Desktop\SummerBIOIN\Project14-T2PW\docs\pwml_recovery_sprint\evidence\g11\C-074\23-review-probe.json
ok   C:\Users\Angad\Desktop\SummerBIOIN\Project14-T2PW\docs\pwml_recovery_sprint\evidence\g11\C-074\24-review-affected.json
ok   C:\Users\Angad\Desktop\SummerBIOIN\Project14-T2PW\docs\pwml_recovery_sprint\evidence\g11\C-074\25-review-smoke.json
ok   C:\Users\Angad\Desktop\SummerBIOIN\Project14-T2PW\docs\pwml_recovery_sprint\evidence\g11\C-074\26-review-residual.json
ok   C:\Users\Angad\Desktop\SummerBIOIN\Project14-T2PW\docs\pwml_recovery_sprint\evidence\g11\C-074\27-review-residual-tip2.json
ok   C:\Users\Angad\Desktop\SummerBIOIN\Project14-T2PW\docs\pwml_recovery_sprint\evidence\g11\C-074\28-review-residual-base.json
ok   C:\Users\Angad\Desktop\SummerBIOIN\Project14-T2PW\docs\pwml_recovery_sprint\evidence\g11\C-074\29-guard-mutation.json
ok   C:\Users\Angad\Desktop\SummerBIOIN\Project14-T2PW\docs\pwml_recovery_sprint\evidence\g11\C-074\30-focused-postfix.json
ok   C:\Users\Angad\Desktop\SummerBIOIN\Project14-T2PW\docs\pwml_recovery_sprint\evidence\g11\C-075\01-c075-focused.json
ok   C:\Users\Angad\Desktop\SummerBIOIN\Project14-T2PW\docs\pwml_recovery_sprint\evidence\g11\C-075\02-c075-focused2.json
ok   C:\Users\Angad\Desktop\SummerBIOIN\Project14-T2PW\docs\pwml_recovery_sprint\evidence\g11\C-075\04-c075-g9-base.json
ok   C:\Users\Angad\Desktop\SummerBIOIN\Project14-T2PW\docs\pwml_recovery_sprint\evidence\g11\C-075\05-c075-base-full.json
ok   C:\Users\Angad\Desktop\SummerBIOIN\Project14-T2PW\docs\pwml_recovery_sprint\evidence\g11\C-075\06-c075-affected.json
ok   C:\Users\Angad\Desktop\SummerBIOIN\Project14-T2PW\docs\pwml_recovery_sprint\evidence\g11\C-075\07-c075-smoke.json
ok   C:\Users\Angad\Desktop\SummerBIOIN\Project14-T2PW\docs\pwml_recovery_sprint\evidence\g11\C-075\08-c075-c060a-hunk.json
ok   C:\Users\Angad\Desktop\SummerBIOIN\Project14-T2PW\docs\pwml_recovery_sprint\evidence\g11\C-075\09-c075-c060a-probe.json
ok   C:\Users\Angad\Desktop\SummerBIOIN\Project14-T2PW\docs\pwml_recovery_sprint\evidence\g11\C-075\10-c075-affected-r1.json
ok   C:\Users\Angad\Desktop\SummerBIOIN\Project14-T2PW\docs\pwml_recovery_sprint\evidence\g11\C-075\11-c075-smoke-r1.json
ok   C:\Users\Angad\Desktop\SummerBIOIN\Project14-T2PW\docs\pwml_recovery_sprint\evidence\g11\C-075\12-c075-focused-r1.json
ok   C:\Users\Angad\Desktop\SummerBIOIN\Project14-T2PW\docs\pwml_recovery_sprint\evidence\g11\C-075\13-c075-g9-base-prompt.json
ok   C:\Users\Angad\Desktop\SummerBIOIN\Project14-T2PW\docs\pwml_recovery_sprint\evidence\g11\C-075\14-c075-focused-final.json
ok   C:\Users\Angad\Desktop\SummerBIOIN\Project14-T2PW\docs\pwml_recovery_sprint\evidence\g11\C-075\15-rv-focused-tip.json
ok   C:\Users\Angad\Desktop\SummerBIOIN\Project14-T2PW\docs\pwml_recovery_sprint\evidence\g11\C-075\16-rv-corpus-base.json
ok   C:\Users\Angad\Desktop\SummerBIOIN\Project14-T2PW\docs\pwml_recovery_sprint\evidence\g11\C-075\17-rv-corpus-base2.json
ok   C:\Users\Angad\Desktop\SummerBIOIN\Project14-T2PW\docs\pwml_recovery_sprint\evidence\g11\C-075\18-rv-corpus-tip.json
ok   C:\Users\Angad\Desktop\SummerBIOIN\Project14-T2PW\docs\pwml_recovery_sprint\evidence\g11\C-075\19-rv-attrib.json
ok   C:\Users\Angad\Desktop\SummerBIOIN\Project14-T2PW\docs\pwml_recovery_sprint\evidence\g11\C-075\20-rv-g9-base.json
ok   C:\Users\Angad\Desktop\SummerBIOIN\Project14-T2PW\docs\pwml_recovery_sprint\evidence\g11\C-075\21-rv-g9-base-list.json
ok   C:\Users\Angad\Desktop\SummerBIOIN\Project14-T2PW\docs\pwml_recovery_sprint\evidence\g11\C-075\22-rv-g9-base-bc.json
ok   C:\Users\Angad\Desktop\SummerBIOIN\Project14-T2PW\docs\pwml_recovery_sprint\evidence\g11\C-075\23-rv-affected.json
ok   C:\Users\Angad\Desktop\SummerBIOIN\Project14-T2PW\docs\pwml_recovery_sprint\evidence\g11\C-075\24-rv-affected2.json
ok   C:\Users\Angad\Desktop\SummerBIOIN\Project14-T2PW\docs\pwml_recovery_sprint\evidence\g11\C-075\25-rv-c060a-hunk.json
ok   C:\Users\Angad\Desktop\SummerBIOIN\Project14-T2PW\docs\pwml_recovery_sprint\evidence\g11\C-075\26-rv-smoke.json
ok   C:\Users\Angad\Desktop\SummerBIOIN\Project14-T2PW\docs\pwml_recovery_sprint\evidence\g11\C-075\27-rv-mutant.json
ok   C:\Users\Angad\Desktop\SummerBIOIN\Project14-T2PW\docs\pwml_recovery_sprint\evidence\g11\C-075\28-rv-mutant2.json
ok   C:\Users\Angad\Desktop\SummerBIOIN\Project14-T2PW\docs\pwml_recovery_sprint\evidence\g11\C-075\29-c075-focused-r2.json
ok   C:\Users\Angad\Desktop\SummerBIOIN\Project14-T2PW\docs\pwml_recovery_sprint\evidence\g11\C-075\30-c075-focused-r2b.json
ok   C:\Users\Angad\Desktop\SummerBIOIN\Project14-T2PW\docs\pwml_recovery_sprint\evidence\g11\C-075\31-c075-affected-r2.json
ok   C:\Users\Angad\Desktop\SummerBIOIN\Project14-T2PW\docs\pwml_recovery_sprint\evidence\g11\C-075\32-c075-smoke-r2.json
ok   C:\Users\Angad\Desktop\SummerBIOIN\Project14-T2PW\docs\pwml_recovery_sprint\evidence\g11\C-076\01-base-replay.json
ok   C:\Users\Angad\Desktop\SummerBIOIN\Project14-T2PW\docs\pwml_recovery_sprint\evidence\g11\C-076\01-rev-focused-tip.json
ok   C:\Users\Angad\Desktop\SummerBIOIN\Project14-T2PW\docs\pwml_recovery_sprint\evidence\g11\C-076\02-focused-tip.json
ok   C:\Users\Angad\Desktop\SummerBIOIN\Project14-T2PW\docs\pwml_recovery_sprint\evidence\g11\C-076\02-rev-focused-base.json
ok   C:\Users\Angad\Desktop\SummerBIOIN\Project14-T2PW\docs\pwml_recovery_sprint\evidence\g11\C-076\03-focused-base-g9.json
ok   C:\Users\Angad\Desktop\SummerBIOIN\Project14-T2PW\docs\pwml_recovery_sprint\evidence\g11\C-076\03-rev-chunkb-tip.json
ok   C:\Users\Angad\Desktop\SummerBIOIN\Project14-T2PW\docs\pwml_recovery_sprint\evidence\g11\C-076\04-chunkb-bench-tip.json
ok   C:\Users\Angad\Desktop\SummerBIOIN\Project14-T2PW\docs\pwml_recovery_sprint\evidence\g11\C-076\05-chunkb-bench-tip2.json
ok   C:\Users\Angad\Desktop\SummerBIOIN\Project14-T2PW\docs\pwml_recovery_sprint\evidence\g11\C-076\05-rev-chunkb-tip2.json
ok   C:\Users\Angad\Desktop\SummerBIOIN\Project14-T2PW\docs\pwml_recovery_sprint\evidence\g11\C-076\06-rev-chunkb-base2.json
ok   C:\Users\Angad\Desktop\SummerBIOIN\Project14-T2PW\docs\pwml_recovery_sprint\evidence\g11\C-076\06-tip-replay.json
ok   C:\Users\Angad\Desktop\SummerBIOIN\Project14-T2PW\docs\pwml_recovery_sprint\evidence\g11\C-076\07-rev-smoke-tip.json
ok   C:\Users\Angad\Desktop\SummerBIOIN\Project14-T2PW\docs\pwml_recovery_sprint\evidence\g11\C-076\07-smoke-tip.json
ok   C:\Users\Angad\Desktop\SummerBIOIN\Project14-T2PW\docs\pwml_recovery_sprint\evidence\g11\C-076\08-rev-smoke-base.json
ok   C:\Users\Angad\Desktop\SummerBIOIN\Project14-T2PW\docs\pwml_recovery_sprint\evidence\g11\C-076\08-smoke-base.json
ok   C:\Users\Angad\Desktop\SummerBIOIN\Project14-T2PW\docs\pwml_recovery_sprint\evidence\g11\C-076\09-rev-c030-base.json
ok   C:\Users\Angad\Desktop\SummerBIOIN\Project14-T2PW\docs\pwml_recovery_sprint\evidence\g11\C-076\09-validate-gold.json
ok   C:\Users\Angad\Desktop\SummerBIOIN\Project14-T2PW\docs\pwml_recovery_sprint\evidence\g11\C-076\10-affected-semantic-tip.json
ok   C:\Users\Angad\Desktop\SummerBIOIN\Project14-T2PW\docs\pwml_recovery_sprint\evidence\g11\C-076\10-rev-c030-tip.json
ok   C:\Users\Angad\Desktop\SummerBIOIN\Project14-T2PW\docs\pwml_recovery_sprint\evidence\g11\C-076\11-c030-census-base.json
ok   C:\Users\Angad\Desktop\SummerBIOIN\Project14-T2PW\docs\pwml_recovery_sprint\evidence\g11\C-076\11-rev-validate-gold.json
ok   C:\Users\Angad\Desktop\SummerBIOIN\Project14-T2PW\docs\pwml_recovery_sprint\evidence\g11\C-076\12-affected-semantic-base.json
ok   C:\Users\Angad\Desktop\SummerBIOIN\Project14-T2PW\docs\pwml_recovery_sprint\evidence\g11\C-076\12-rev-replay-delta.json
ok   C:\Users\Angad\Desktop\SummerBIOIN\Project14-T2PW\docs\pwml_recovery_sprint\evidence\g11\C-076\13-rev-replay-base.json
ok   C:\Users\Angad\Desktop\SummerBIOIN\Project14-T2PW\docs\pwml_recovery_sprint\evidence\g11\C-076\14-rev-cross-kind-brute.json
ok   C:\Users\Angad\Desktop\SummerBIOIN\Project14-T2PW\docs\pwml_recovery_sprint\evidence\g11\C-076\15-merge-smoke.json
ok   C:\Users\Angad\Desktop\SummerBIOIN\Project14-T2PW\docs\pwml_recovery_sprint\evidence\g11\C-077\01-rev-reachability.json
ok   C:\Users\Angad\Desktop\SummerBIOIN\Project14-T2PW\docs\pwml_recovery_sprint\evidence\g11\C-077\01-smoke-before.json
ok   C:\Users\Angad\Desktop\SummerBIOIN\Project14-T2PW\docs\pwml_recovery_sprint\evidence\g11\C-077\02-c077-focused-tip.json
ok   C:\Users\Angad\Desktop\SummerBIOIN\Project14-T2PW\docs\pwml_recovery_sprint\evidence\g11\C-077\02-rev-g9-base.json
ok   C:\Users\Angad\Desktop\SummerBIOIN\Project14-T2PW\docs\pwml_recovery_sprint\evidence\g11\C-077\03-c077-g9-base.json
ok   C:\Users\Angad\Desktop\SummerBIOIN\Project14-T2PW\docs\pwml_recovery_sprint\evidence\g11\C-077\03-rev-focused-tip.json
ok   C:\Users\Angad\Desktop\SummerBIOIN\Project14-T2PW\docs\pwml_recovery_sprint\evidence\g11\C-077\04-c077-g9-base-final.json
ok   C:\Users\Angad\Desktop\SummerBIOIN\Project14-T2PW\docs\pwml_recovery_sprint\evidence\g11\C-077\04-rev-census-tip.json
ok   C:\Users\Angad\Desktop\SummerBIOIN\Project14-T2PW\docs\pwml_recovery_sprint\evidence\g11\C-077\05-c077-g9-tip-final.json
ok   C:\Users\Angad\Desktop\SummerBIOIN\Project14-T2PW\docs\pwml_recovery_sprint\evidence\g11\C-077\05-rev-census-base.json
ok   C:\Users\Angad\Desktop\SummerBIOIN\Project14-T2PW\docs\pwml_recovery_sprint\evidence\g11\C-077\06-c077-census-tip.json
ok   C:\Users\Angad\Desktop\SummerBIOIN\Project14-T2PW\docs\pwml_recovery_sprint\evidence\g11\C-077\06-rev-smoke-tip.json
ok   C:\Users\Angad\Desktop\SummerBIOIN\Project14-T2PW\docs\pwml_recovery_sprint\evidence\g11\C-077\07-c077-census-base.json
ok   C:\Users\Angad\Desktop\SummerBIOIN\Project14-T2PW\docs\pwml_recovery_sprint\evidence\g11\C-077\07-rev-affected-tip.json
ok   C:\Users\Angad\Desktop\SummerBIOIN\Project14-T2PW\docs\pwml_recovery_sprint\evidence\g11\C-077\08-c077-affected.json
ok   C:\Users\Angad\Desktop\SummerBIOIN\Project14-T2PW\docs\pwml_recovery_sprint\evidence\g11\C-077\08-rev-affected-base.json
ok   C:\Users\Angad\Desktop\SummerBIOIN\Project14-T2PW\docs\pwml_recovery_sprint\evidence\g11\C-077\09-c077-affected-base.json
ok   C:\Users\Angad\Desktop\SummerBIOIN\Project14-T2PW\docs\pwml_recovery_sprint\evidence\g11\C-077\09-rev-verify-plan.json
ok   C:\Users\Angad\Desktop\SummerBIOIN\Project14-T2PW\docs\pwml_recovery_sprint\evidence\g11\C-077\10-rev-isolated.json
ok   C:\Users\Angad\Desktop\SummerBIOIN\Project14-T2PW\docs\pwml_recovery_sprint\evidence\g11\C-077\10-smoke-after.json
ok   C:\Users\Angad\Desktop\SummerBIOIN\Project14-T2PW\docs\pwml_recovery_sprint\evidence\g11\C-077\11-c077-verify-plan.json
ok   C:\Users\Angad\Desktop\SummerBIOIN\Project14-T2PW\docs\pwml_recovery_sprint\evidence\g11\C-077\11-rev-smoke-base.json
ok   C:\Users\Angad\Desktop\SummerBIOIN\Project14-T2PW\docs\pwml_recovery_sprint\evidence\g11\C-077\12-merge-smoke.json
ok   C:\Users\Angad\Desktop\SummerBIOIN\Project14-T2PW\docs\pwml_recovery_sprint\evidence\g11\C-078\01-corpus.json
ok   C:\Users\Angad\Desktop\SummerBIOIN\Project14-T2PW\docs\pwml_recovery_sprint\evidence\g11\C-078\02-focused-tip.json
ok   C:\Users\Angad\Desktop\SummerBIOIN\Project14-T2PW\docs\pwml_recovery_sprint\evidence\g11\C-078\03-g9-base.json
ok   C:\Users\Angad\Desktop\SummerBIOIN\Project14-T2PW\docs\pwml_recovery_sprint\evidence\g11\C-078\04-g9-base-ordering.json
ok   C:\Users\Angad\Desktop\SummerBIOIN\Project14-T2PW\docs\pwml_recovery_sprint\evidence\g11\C-078\05-focused-tip-verbose.json
ok   C:\Users\Angad\Desktop\SummerBIOIN\Project14-T2PW\docs\pwml_recovery_sprint\evidence\g11\C-078\06-focused-tip-final.json
ok   C:\Users\Angad\Desktop\SummerBIOIN\Project14-T2PW\docs\pwml_recovery_sprint\evidence\g11\C-078\07-focused-tip-final2.json
ok   C:\Users\Angad\Desktop\SummerBIOIN\Project14-T2PW\docs\pwml_recovery_sprint\evidence\g11\C-078\08-g9-base-final.json
ok   C:\Users\Angad\Desktop\SummerBIOIN\Project14-T2PW\docs\pwml_recovery_sprint\evidence\g11\C-078\09-affected-focused.json
ok   C:\Users\Angad\Desktop\SummerBIOIN\Project14-T2PW\docs\pwml_recovery_sprint\evidence\g11\C-078\10-affected-focused-base.json
ok   C:\Users\Angad\Desktop\SummerBIOIN\Project14-T2PW\docs\pwml_recovery_sprint\evidence\g11\C-078\12-focused-tip-v3.json
ok   C:\Users\Angad\Desktop\SummerBIOIN\Project14-T2PW\docs\pwml_recovery_sprint\evidence\g11\C-078\13-smoke-tip.json
ok   C:\Users\Angad\Desktop\SummerBIOIN\Project14-T2PW\docs\pwml_recovery_sprint\evidence\g11\C-078\14-mono.json
ok   C:\Users\Angad\Desktop\SummerBIOIN\Project14-T2PW\docs\pwml_recovery_sprint\evidence\g11\C-078\15-core.json
ok   C:\Users\Angad\Desktop\SummerBIOIN\Project14-T2PW\docs\pwml_recovery_sprint\evidence\g11\C-078\16-s8.json
ok   C:\Users\Angad\Desktop\SummerBIOIN\Project14-T2PW\docs\pwml_recovery_sprint\evidence\g11\C-078\17-qb.json
ok   C:\Users\Angad\Desktop\SummerBIOIN\Project14-T2PW\docs\pwml_recovery_sprint\evidence\g11\C-078\18-run-core.json
ok   C:\Users\Angad\Desktop\SummerBIOIN\Project14-T2PW\docs\pwml_recovery_sprint\evidence\g11\C-078\19-node00.json
ok   C:\Users\Angad\Desktop\SummerBIOIN\Project14-T2PW\docs\pwml_recovery_sprint\evidence\g11\C-078\20-node01.json
ok   C:\Users\Angad\Desktop\SummerBIOIN\Project14-T2PW\docs\pwml_recovery_sprint\evidence\g11\C-078\21-node02.json
ok   C:\Users\Angad\Desktop\SummerBIOIN\Project14-T2PW\docs\pwml_recovery_sprint\evidence\g11\C-078\22-node03.json
ok   C:\Users\Angad\Desktop\SummerBIOIN\Project14-T2PW\docs\pwml_recovery_sprint\evidence\g11\C-078\23-node04.json
ok   C:\Users\Angad\Desktop\SummerBIOIN\Project14-T2PW\docs\pwml_recovery_sprint\evidence\g11\C-078\24-node05.json
ok   C:\Users\Angad\Desktop\SummerBIOIN\Project14-T2PW\docs\pwml_recovery_sprint\evidence\g11\C-078\25-node06.json
ok   C:\Users\Angad\Desktop\SummerBIOIN\Project14-T2PW\docs\pwml_recovery_sprint\evidence\g11\C-078\26-node07.json
ok   C:\Users\Angad\Desktop\SummerBIOIN\Project14-T2PW\docs\pwml_recovery_sprint\evidence\g11\C-078\27-node08.json
ok   C:\Users\Angad\Desktop\SummerBIOIN\Project14-T2PW\docs\pwml_recovery_sprint\evidence\g11\C-078\28-node09.json
ok   C:\Users\Angad\Desktop\SummerBIOIN\Project14-T2PW\docs\pwml_recovery_sprint\evidence\g11\C-078\29-node10.json
ok   C:\Users\Angad\Desktop\SummerBIOIN\Project14-T2PW\docs\pwml_recovery_sprint\evidence\g11\C-078\30-node11.json
ok   C:\Users\Angad\Desktop\SummerBIOIN\Project14-T2PW\docs\pwml_recovery_sprint\evidence\g11\C-078\31-node12.json
ok   C:\Users\Angad\Desktop\SummerBIOIN\Project14-T2PW\docs\pwml_recovery_sprint\evidence\g11\C-078\32-node13.json
ok   C:\Users\Angad\Desktop\SummerBIOIN\Project14-T2PW\docs\pwml_recovery_sprint\evidence\g11\C-078\33-node14.json
ok   C:\Users\Angad\Desktop\SummerBIOIN\Project14-T2PW\docs\pwml_recovery_sprint\evidence\g11\C-078\34-node15.json
ok   C:\Users\Angad\Desktop\SummerBIOIN\Project14-T2PW\docs\pwml_recovery_sprint\evidence\g11\C-078\35-node16.json
ok   C:\Users\Angad\Desktop\SummerBIOIN\Project14-T2PW\docs\pwml_recovery_sprint\evidence\g11\C-078\36-node17.json
ok   C:\Users\Angad\Desktop\SummerBIOIN\Project14-T2PW\docs\pwml_recovery_sprint\evidence\g11\C-078\37-node18.json
ok   C:\Users\Angad\Desktop\SummerBIOIN\Project14-T2PW\docs\pwml_recovery_sprint\evidence\g11\C-078\38-node19.json
ok   C:\Users\Angad\Desktop\SummerBIOIN\Project14-T2PW\docs\pwml_recovery_sprint\evidence\g11\C-078\39-node20.json
ok   C:\Users\Angad\Desktop\SummerBIOIN\Project14-T2PW\docs\pwml_recovery_sprint\evidence\g11\C-078\40-node21.json
ok   C:\Users\Angad\Desktop\SummerBIOIN\Project14-T2PW\docs\pwml_recovery_sprint\evidence\g11\C-078\41-node22.json
ok   C:\Users\Angad\Desktop\SummerBIOIN\Project14-T2PW\docs\pwml_recovery_sprint\evidence\g11\C-078\42-node23.json
ok   C:\Users\Angad\Desktop\SummerBIOIN\Project14-T2PW\docs\pwml_recovery_sprint\evidence\g11\C-078\43-node24.json
ok   C:\Users\Angad\Desktop\SummerBIOIN\Project14-T2PW\docs\pwml_recovery_sprint\evidence\g11\C-078\44-node25.json
ok   C:\Users\Angad\Desktop\SummerBIOIN\Project14-T2PW\docs\pwml_recovery_sprint\evidence\g11\C-078\45-node26.json
ok   C:\Users\Angad\Desktop\SummerBIOIN\Project14-T2PW\docs\pwml_recovery_sprint\evidence\g11\C-078\46-chunkd-outer.json
ok   C:\Users\Angad\Desktop\SummerBIOIN\Project14-T2PW\docs\pwml_recovery_sprint\evidence\g11\C-078\47-g9-base-committed.json
ok   C:\Users\Angad\Desktop\SummerBIOIN\Project14-T2PW\docs\pwml_recovery_sprint\evidence\g11\C-078\48-merge-smoke.json
ok   C:\Users\Angad\Desktop\SummerBIOIN\Project14-T2PW\docs\pwml_recovery_sprint\evidence\g11\C-079\01-c079-g9-base.json
ok   C:\Users\Angad\Desktop\SummerBIOIN\Project14-T2PW\docs\pwml_recovery_sprint\evidence\g11\C-079\02-c079-g9-tip.json
ok   C:\Users\Angad\Desktop\SummerBIOIN\Project14-T2PW\docs\pwml_recovery_sprint\evidence\g11\C-079\03-c079-focused.json
ok   C:\Users\Angad\Desktop\SummerBIOIN\Project14-T2PW\docs\pwml_recovery_sprint\evidence\g11\C-079\04-c079-g9-basefail.json
ok   C:\Users\Angad\Desktop\SummerBIOIN\Project14-T2PW\docs\pwml_recovery_sprint\evidence\g11\C-079\05-c079-smoke-base.json
ok   C:\Users\Angad\Desktop\SummerBIOIN\Project14-T2PW\docs\pwml_recovery_sprint\evidence\g11\C-079\06-c079-smoke-tip.json
ok   C:\Users\Angad\Desktop\SummerBIOIN\Project14-T2PW\docs\pwml_recovery_sprint\evidence\g11\C-079\07-c079-dcore.json
ok   C:\Users\Angad\Desktop\SummerBIOIN\Project14-T2PW\docs\pwml_recovery_sprint\evidence\g11\C-079\08-merge-smoke.json
ok   C:\Users\Angad\Desktop\SummerBIOIN\Project14-T2PW\docs\pwml_recovery_sprint\evidence\g11\C-080\01-f094-replay-base.json
ok   C:\Users\Angad\Desktop\SummerBIOIN\Project14-T2PW\docs\pwml_recovery_sprint\evidence\g11\C-080\01-orch-flip-verify.json
ok   C:\Users\Angad\Desktop\SummerBIOIN\Project14-T2PW\docs\pwml_recovery_sprint\evidence\g11\C-080\02-flipprobe-base.json
ok   C:\Users\Angad\Desktop\SummerBIOIN\Project14-T2PW\docs\pwml_recovery_sprint\evidence\g11\C-080\02-rev-census-tip.json
ok   C:\Users\Angad\Desktop\SummerBIOIN\Project14-T2PW\docs\pwml_recovery_sprint\evidence\g11\C-080\03-c080-focused-tip.json
ok   C:\Users\Angad\Desktop\SummerBIOIN\Project14-T2PW\docs\pwml_recovery_sprint\evidence\g11\C-080\03-rev-audit-dump-base.json
ok   C:\Users\Angad\Desktop\SummerBIOIN\Project14-T2PW\docs\pwml_recovery_sprint\evidence\g11\C-080\04-c080-focused-tip2.json
ok   C:\Users\Angad\Desktop\SummerBIOIN\Project14-T2PW\docs\pwml_recovery_sprint\evidence\g11\C-080\04-rev-audit-dump-tip.json
ok   C:\Users\Angad\Desktop\SummerBIOIN\Project14-T2PW\docs\pwml_recovery_sprint\evidence\g11\C-080\05-c080-g9-base.json
ok   C:\Users\Angad\Desktop\SummerBIOIN\Project14-T2PW\docs\pwml_recovery_sprint\evidence\g11\C-080\05-rev-gap-probe.json
ok   C:\Users\Angad\Desktop\SummerBIOIN\Project14-T2PW\docs\pwml_recovery_sprint\evidence\g11\C-080\06-affected-tip-preview.json
ok   C:\Users\Angad\Desktop\SummerBIOIN\Project14-T2PW\docs\pwml_recovery_sprint\evidence\g11\C-080\06-rev-c080-focused-tip.json
ok   C:\Users\Angad\Desktop\SummerBIOIN\Project14-T2PW\docs\pwml_recovery_sprint\evidence\g11\C-080\07-affected-tip.json
ok   C:\Users\Angad\Desktop\SummerBIOIN\Project14-T2PW\docs\pwml_recovery_sprint\evidence\g11\C-080\07-rev-c080-g9-base.json
ok   C:\Users\Angad\Desktop\SummerBIOIN\Project14-T2PW\docs\pwml_recovery_sprint\evidence\g11\C-080\08-forced-movement-tip.json
ok   C:\Users\Angad\Desktop\SummerBIOIN\Project14-T2PW\docs\pwml_recovery_sprint\evidence\g11\C-080\08-rev-affected-tip.json
ok   C:\Users\Angad\Desktop\SummerBIOIN\Project14-T2PW\docs\pwml_recovery_sprint\evidence\g11\C-080\09-g9-base.json
ok   C:\Users\Angad\Desktop\SummerBIOIN\Project14-T2PW\docs\pwml_recovery_sprint\evidence\g11\C-080\09-rev-affected-base.json
ok   C:\Users\Angad\Desktop\SummerBIOIN\Project14-T2PW\docs\pwml_recovery_sprint\evidence\g11\C-080\10-corpus-census-tip.json
ok   C:\Users\Angad\Desktop\SummerBIOIN\Project14-T2PW\docs\pwml_recovery_sprint\evidence\g11\C-080\10-rev-g9-base-lines.json
ok   C:\Users\Angad\Desktop\SummerBIOIN\Project14-T2PW\docs\pwml_recovery_sprint\evidence\g11\C-080\11-mismatch-attribution.json
ok   C:\Users\Angad\Desktop\SummerBIOIN\Project14-T2PW\docs\pwml_recovery_sprint\evidence\g11\C-080\11-rev-affected-tip2.json
ok   C:\Users\Angad\Desktop\SummerBIOIN\Project14-T2PW\docs\pwml_recovery_sprint\evidence\g11\C-080\12-rev-affected-tip3.json
ok   C:\Users\Angad\Desktop\SummerBIOIN\Project14-T2PW\docs\pwml_recovery_sprint\evidence\g11\C-080\12-smoke-base.json
ok   C:\Users\Angad\Desktop\SummerBIOIN\Project14-T2PW\docs\pwml_recovery_sprint\evidence\g11\C-080\13-rev-forced-movement.json
ok   C:\Users\Angad\Desktop\SummerBIOIN\Project14-T2PW\docs\pwml_recovery_sprint\evidence\g11\C-080\13-smoke-tip.json
ok   C:\Users\Angad\Desktop\SummerBIOIN\Project14-T2PW\docs\pwml_recovery_sprint\evidence\g11\C-080\14-affected-base.json
ok   C:\Users\Angad\Desktop\SummerBIOIN\Project14-T2PW\docs\pwml_recovery_sprint\evidence\g11\C-080\14-rev-smoke-tip.json
ok   C:\Users\Angad\Desktop\SummerBIOIN\Project14-T2PW\docs\pwml_recovery_sprint\evidence\g11\C-080\15-audit-census-base.json
ok   C:\Users\Angad\Desktop\SummerBIOIN\Project14-T2PW\docs\pwml_recovery_sprint\evidence\g11\C-080\15-rev-smoke-base.json
ok   C:\Users\Angad\Desktop\SummerBIOIN\Project14-T2PW\docs\pwml_recovery_sprint\evidence\g11\C-080\16-audit-census-tip.json
ok   C:\Users\Angad\Desktop\SummerBIOIN\Project14-T2PW\docs\pwml_recovery_sprint\evidence\g11\C-080\16-rev-chunke-tip.json
ok   C:\Users\Angad\Desktop\SummerBIOIN\Project14-T2PW\docs\pwml_recovery_sprint\evidence\g11\C-080\17-audit-equivalence.json
ok   C:\Users\Angad\Desktop\SummerBIOIN\Project14-T2PW\docs\pwml_recovery_sprint\evidence\g11\C-080\17-rev-scorer-equiv-base.json
ok   C:\Users\Angad\Desktop\SummerBIOIN\Project14-T2PW\docs\pwml_recovery_sprint\evidence\g11\C-080\18-audit-equivalence2.json
ok   C:\Users\Angad\Desktop\SummerBIOIN\Project14-T2PW\docs\pwml_recovery_sprint\evidence\g11\C-080\18-rev-scorer-equiv-tip.json
ok   C:\Users\Angad\Desktop\SummerBIOIN\Project14-T2PW\docs\pwml_recovery_sprint\evidence\g11\C-080\19-rev-flipprobe-tip.json
ok   C:\Users\Angad\Desktop\SummerBIOIN\Project14-T2PW\docs\pwml_recovery_sprint\evidence\g11\C-080\20-rev-cross-seam-tip.json
ok   C:\Users\Angad\Desktop\SummerBIOIN\Project14-T2PW\docs\pwml_recovery_sprint\evidence\g11\C-080\21-rev-f112-base.json
ok   C:\Users\Angad\Desktop\SummerBIOIN\Project14-T2PW\docs\pwml_recovery_sprint\evidence\g11\C-080\22-rev-f112-tip.json
ok   C:\Users\Angad\Desktop\SummerBIOIN\Project14-T2PW\docs\pwml_recovery_sprint\evidence\g11\C-080\23-merge-smoke.json
ok   C:\Users\Angad\Desktop\SummerBIOIN\Project14-T2PW\docs\pwml_recovery_sprint\evidence\g11\C-081\01-classify.json
ok   C:\Users\Angad\Desktop\SummerBIOIN\Project14-T2PW\docs\pwml_recovery_sprint\evidence\g11\C-081\02-probe2.json
ok   C:\Users\Angad\Desktop\SummerBIOIN\Project14-T2PW\docs\pwml_recovery_sprint\evidence\g11\C-081\03-probe3.json
ok   C:\Users\Angad\Desktop\SummerBIOIN\Project14-T2PW\docs\pwml_recovery_sprint\evidence\g11\C-081\04-probe4.json
ok   C:\Users\Angad\Desktop\SummerBIOIN\Project14-T2PW\docs\pwml_recovery_sprint\evidence\g11\C-081\05-probe5.json
ok   C:\Users\Angad\Desktop\SummerBIOIN\Project14-T2PW\docs\pwml_recovery_sprint\evidence\g11\C-081\06-probe5b.json
ok   C:\Users\Angad\Desktop\SummerBIOIN\Project14-T2PW\docs\pwml_recovery_sprint\evidence\g11\C-081\07-probe5c.json
ok   C:\Users\Angad\Desktop\SummerBIOIN\Project14-T2PW\docs\pwml_recovery_sprint\evidence\g11\C-081\08-probe6.json
ok   C:\Users\Angad\Desktop\SummerBIOIN\Project14-T2PW\docs\pwml_recovery_sprint\evidence\g11\C-081\09-c081-tip.json
ok   C:\Users\Angad\Desktop\SummerBIOIN\Project14-T2PW\docs\pwml_recovery_sprint\evidence\g11\C-081\10-diagprot.json
ok   C:\Users\Angad\Desktop\SummerBIOIN\Project14-T2PW\docs\pwml_recovery_sprint\evidence\g11\C-081\11-c081-tip2.json
ok   C:\Users\Angad\Desktop\SummerBIOIN\Project14-T2PW\docs\pwml_recovery_sprint\evidence\g11\C-081\12-c081-g9base.json
ok   C:\Users\Angad\Desktop\SummerBIOIN\Project14-T2PW\docs\pwml_recovery_sprint\evidence\g11\C-081\13-c081-vacuity.json
ok   C:\Users\Angad\Desktop\SummerBIOIN\Project14-T2PW\docs\pwml_recovery_sprint\evidence\g11\C-081\14-c081-affected.json
ok   C:\Users\Angad\Desktop\SummerBIOIN\Project14-T2PW\docs\pwml_recovery_sprint\evidence\g11\C-081\15-c081-aff2.json
ok   C:\Users\Angad\Desktop\SummerBIOIN\Project14-T2PW\docs\pwml_recovery_sprint\evidence\g11\C-081\16-c073base.json
ok   C:\Users\Angad\Desktop\SummerBIOIN\Project14-T2PW\docs\pwml_recovery_sprint\evidence\g11\C-081\17-diagconf.json
ok   C:\Users\Angad\Desktop\SummerBIOIN\Project14-T2PW\docs\pwml_recovery_sprint\evidence\g11\C-081\18-diagconf.json
ok   C:\Users\Angad\Desktop\SummerBIOIN\Project14-T2PW\docs\pwml_recovery_sprint\evidence\g11\C-081\19-c081-aff3.json
ok   C:\Users\Angad\Desktop\SummerBIOIN\Project14-T2PW\docs\pwml_recovery_sprint\evidence\g11\C-081\20-c081-g9base-final.json
ok   C:\Users\Angad\Desktop\SummerBIOIN\Project14-T2PW\docs\pwml_recovery_sprint\evidence\g11\C-081\21-c081-smoke.json
ok   C:\Users\Angad\Desktop\SummerBIOIN\Project14-T2PW\docs\pwml_recovery_sprint\evidence\g11\C-082\01-probe-ecoli.json
ok   C:\Users\Angad\Desktop\SummerBIOIN\Project14-T2PW\docs\pwml_recovery_sprint\evidence\g11\C-082\02-focus-tip.json
ok   C:\Users\Angad\Desktop\SummerBIOIN\Project14-T2PW\docs\pwml_recovery_sprint\evidence\g11\C-082\03-focus-base.json
ok   C:\Users\Angad\Desktop\SummerBIOIN\Project14-T2PW\docs\pwml_recovery_sprint\evidence\g11\C-082\04-apptest-tip.json
ok   C:\Users\Angad\Desktop\SummerBIOIN\Project14-T2PW\docs\pwml_recovery_sprint\evidence\g11\C-082\05-apptest-base.json
ok   C:\Users\Angad\Desktop\SummerBIOIN\Project14-T2PW\docs\pwml_recovery_sprint\evidence\g11\C-082\06-affected-tip.json
ok   C:\Users\Angad\Desktop\SummerBIOIN\Project14-T2PW\docs\pwml_recovery_sprint\evidence\g11\C-082\07-focus-tip2.json
ok   C:\Users\Angad\Desktop\SummerBIOIN\Project14-T2PW\docs\pwml_recovery_sprint\evidence\g11\C-082\08-focus-base2.json
ok   C:\Users\Angad\Desktop\SummerBIOIN\Project14-T2PW\docs\pwml_recovery_sprint\evidence\g11\C-082\09-apptest-base2.json
ok   C:\Users\Angad\Desktop\SummerBIOIN\Project14-T2PW\docs\pwml_recovery_sprint\evidence\g11\C-082\10-seam-tip.json
ok   C:\Users\Angad\Desktop\SummerBIOIN\Project14-T2PW\docs\pwml_recovery_sprint\evidence\g11\C-082\11-seam-base.json
ok   C:\Users\Angad\Desktop\SummerBIOIN\Project14-T2PW\docs\pwml_recovery_sprint\evidence\g11\C-082\12-nonvacuity.json
ok   C:\Users\Angad\Desktop\SummerBIOIN\Project14-T2PW\docs\pwml_recovery_sprint\evidence\g11\C-082\13-affected-unit.json
ok   C:\Users\Angad\Desktop\SummerBIOIN\Project14-T2PW\docs\pwml_recovery_sprint\evidence\g11\C-082\14-goldencov-base.json
ok   C:\Users\Angad\Desktop\SummerBIOIN\Project14-T2PW\docs\pwml_recovery_sprint\evidence\g11\C-082\15-seams-tip.json
ok   C:\Users\Angad\Desktop\SummerBIOIN\Project14-T2PW\docs\pwml_recovery_sprint\evidence\g11\C-082\16-chunkd.json
ok   C:\Users\Angad\Desktop\SummerBIOIN\Project14-T2PW\docs\pwml_recovery_sprint\evidence\g11\C-082\17-mono.json
ok   C:\Users\Angad\Desktop\SummerBIOIN\Project14-T2PW\docs\pwml_recovery_sprint\evidence\g11\C-082\17-smoke-tip.json
ok   C:\Users\Angad\Desktop\SummerBIOIN\Project14-T2PW\docs\pwml_recovery_sprint\evidence\g11\C-082\18-core.json
ok   C:\Users\Angad\Desktop\SummerBIOIN\Project14-T2PW\docs\pwml_recovery_sprint\evidence\g11\C-082\19-s8.json
ok   C:\Users\Angad\Desktop\SummerBIOIN\Project14-T2PW\docs\pwml_recovery_sprint\evidence\g11\C-082\20-qb.json
ok   C:\Users\Angad\Desktop\SummerBIOIN\Project14-T2PW\docs\pwml_recovery_sprint\evidence\g11\C-082\21-run-core.json
ok   C:\Users\Angad\Desktop\SummerBIOIN\Project14-T2PW\docs\pwml_recovery_sprint\evidence\g11\C-082\22-node00.json
ok   C:\Users\Angad\Desktop\SummerBIOIN\Project14-T2PW\docs\pwml_recovery_sprint\evidence\g11\C-082\23-node01.json
ok   C:\Users\Angad\Desktop\SummerBIOIN\Project14-T2PW\docs\pwml_recovery_sprint\evidence\g11\C-082\24-node02.json
ok   C:\Users\Angad\Desktop\SummerBIOIN\Project14-T2PW\docs\pwml_recovery_sprint\evidence\g11\C-082\25-node03.json
ok   C:\Users\Angad\Desktop\SummerBIOIN\Project14-T2PW\docs\pwml_recovery_sprint\evidence\g11\C-082\26-node04.json
ok   C:\Users\Angad\Desktop\SummerBIOIN\Project14-T2PW\docs\pwml_recovery_sprint\evidence\g11\C-082\27-node05.json
ok   C:\Users\Angad\Desktop\SummerBIOIN\Project14-T2PW\docs\pwml_recovery_sprint\evidence\g11\C-082\28-node06.json
ok   C:\Users\Angad\Desktop\SummerBIOIN\Project14-T2PW\docs\pwml_recovery_sprint\evidence\g11\C-082\29-node07.json
ok   C:\Users\Angad\Desktop\SummerBIOIN\Project14-T2PW\docs\pwml_recovery_sprint\evidence\g11\C-082\30-node08.json
ok   C:\Users\Angad\Desktop\SummerBIOIN\Project14-T2PW\docs\pwml_recovery_sprint\evidence\g11\C-082\31-node09.json
ok   C:\Users\Angad\Desktop\SummerBIOIN\Project14-T2PW\docs\pwml_recovery_sprint\evidence\g11\C-082\32-node10.json
ok   C:\Users\Angad\Desktop\SummerBIOIN\Project14-T2PW\docs\pwml_recovery_sprint\evidence\g11\C-082\33-node11.json
ok   C:\Users\Angad\Desktop\SummerBIOIN\Project14-T2PW\docs\pwml_recovery_sprint\evidence\g11\C-082\34-node12.json
ok   C:\Users\Angad\Desktop\SummerBIOIN\Project14-T2PW\docs\pwml_recovery_sprint\evidence\g11\C-082\35-node13.json
ok   C:\Users\Angad\Desktop\SummerBIOIN\Project14-T2PW\docs\pwml_recovery_sprint\evidence\g11\C-082\36-node14.json
ok   C:\Users\Angad\Desktop\SummerBIOIN\Project14-T2PW\docs\pwml_recovery_sprint\evidence\g11\C-082\37-node15.json
ok   C:\Users\Angad\Desktop\SummerBIOIN\Project14-T2PW\docs\pwml_recovery_sprint\evidence\g11\C-082\38-node16.json
ok   C:\Users\Angad\Desktop\SummerBIOIN\Project14-T2PW\docs\pwml_recovery_sprint\evidence\g11\C-082\39-node17.json
ok   C:\Users\Angad\Desktop\SummerBIOIN\Project14-T2PW\docs\pwml_recovery_sprint\evidence\g11\C-082\40-node18.json
ok   C:\Users\Angad\Desktop\SummerBIOIN\Project14-T2PW\docs\pwml_recovery_sprint\evidence\g11\C-082\41-node19.json
ok   C:\Users\Angad\Desktop\SummerBIOIN\Project14-T2PW\docs\pwml_recovery_sprint\evidence\g11\C-082\42-node20.json
ok   C:\Users\Angad\Desktop\SummerBIOIN\Project14-T2PW\docs\pwml_recovery_sprint\evidence\g11\C-082\43-node21.json
ok   C:\Users\Angad\Desktop\SummerBIOIN\Project14-T2PW\docs\pwml_recovery_sprint\evidence\g11\C-082\44-node22.json
ok   C:\Users\Angad\Desktop\SummerBIOIN\Project14-T2PW\docs\pwml_recovery_sprint\evidence\g11\C-082\45-node23.json
ok   C:\Users\Angad\Desktop\SummerBIOIN\Project14-T2PW\docs\pwml_recovery_sprint\evidence\g11\C-082\46-node24.json
ok   C:\Users\Angad\Desktop\SummerBIOIN\Project14-T2PW\docs\pwml_recovery_sprint\evidence\g11\C-082\47-node25.json
ok   C:\Users\Angad\Desktop\SummerBIOIN\Project14-T2PW\docs\pwml_recovery_sprint\evidence\g11\C-082\48-node26.json
ok   C:\Users\Angad\Desktop\SummerBIOIN\Project14-T2PW\docs\pwml_recovery_sprint\evidence\g11\C-083\01-c083-tip-focused.json
ok   C:\Users\Angad\Desktop\SummerBIOIN\Project14-T2PW\docs\pwml_recovery_sprint\evidence\g11\C-083\02-c083-base-g9.json
ok   C:\Users\Angad\Desktop\SummerBIOIN\Project14-T2PW\docs\pwml_recovery_sprint\evidence\g11\C-083\07-c083-base-g9-real.json
ok   C:\Users\Angad\Desktop\SummerBIOIN\Project14-T2PW\docs\pwml_recovery_sprint\evidence\g11\C-083\08-c083-base-g9-log.json
ok   C:\Users\Angad\Desktop\SummerBIOIN\Project14-T2PW\docs\pwml_recovery_sprint\evidence\g11\C-083\09-c083-golden-base.json
ok   C:\Users\Angad\Desktop\SummerBIOIN\Project14-T2PW\docs\pwml_recovery_sprint\evidence\g11\C-083\10-c083-golden-tipcap.json
ok   C:\Users\Angad\Desktop\SummerBIOIN\Project14-T2PW\docs\pwml_recovery_sprint\evidence\g11\C-083\11-c083-golden-verify.json
ok   C:\Users\Angad\Desktop\SummerBIOIN\Project14-T2PW\docs\pwml_recovery_sprint\evidence\g11\C-083\12-c083-outer-base.json
ok   C:\Users\Angad\Desktop\SummerBIOIN\Project14-T2PW\docs\pwml_recovery_sprint\evidence\g11\C-083\13-c083-outer-tip.json
ok   C:\Users\Angad\Desktop\SummerBIOIN\Project14-T2PW\docs\pwml_recovery_sprint\evidence\g11\C-083\14-c083-nonvacuity-a.json
ok   C:\Users\Angad\Desktop\SummerBIOIN\Project14-T2PW\docs\pwml_recovery_sprint\evidence\g11\C-083\15-c083-pinbites-b.json
ok   C:\Users\Angad\Desktop\SummerBIOIN\Project14-T2PW\docs\pwml_recovery_sprint\evidence\g11\C-083\17-c083-aff-c1.json
ok   C:\Users\Angad\Desktop\SummerBIOIN\Project14-T2PW\docs\pwml_recovery_sprint\evidence\g11\C-083\18-c083-aff-c2.json
ok   C:\Users\Angad\Desktop\SummerBIOIN\Project14-T2PW\docs\pwml_recovery_sprint\evidence\g11\C-083\19-c083-aff-c3.json
ok   C:\Users\Angad\Desktop\SummerBIOIN\Project14-T2PW\docs\pwml_recovery_sprint\evidence\g11\C-083\20-c083-aff-c4.json
ok   C:\Users\Angad\Desktop\SummerBIOIN\Project14-T2PW\docs\pwml_recovery_sprint\evidence\g11\C-083\21-c083-preflight-base.json
ok   C:\Users\Angad\Desktop\SummerBIOIN\Project14-T2PW\docs\pwml_recovery_sprint\evidence\g11\C-083\22-c083-aff-c3-base.json
ok   C:\Users\Angad\Desktop\SummerBIOIN\Project14-T2PW\docs\pwml_recovery_sprint\evidence\g11\C-083\23-c083-c082-isolated.json
ok   C:\Users\Angad\Desktop\SummerBIOIN\Project14-T2PW\docs\pwml_recovery_sprint\evidence\g11\C-083\24-c083-aff-c4a.json
ok   C:\Users\Angad\Desktop\SummerBIOIN\Project14-T2PW\docs\pwml_recovery_sprint\evidence\g11\C-083\25-c083-aff-c4b.json
ok   C:\Users\Angad\Desktop\SummerBIOIN\Project14-T2PW\docs\pwml_recovery_sprint\evidence\g11\C-083\26-c083-aff-c3-redo.json
ok   C:\Users\Angad\Desktop\SummerBIOIN\Project14-T2PW\docs\pwml_recovery_sprint\evidence\g11\C-083\27-c083-sqb-base.json
ok   C:\Users\Angad\Desktop\SummerBIOIN\Project14-T2PW\docs\pwml_recovery_sprint\evidence\g11\C-083\28-c083-smoke-gate.json
ok   C:\Users\Angad\Desktop\SummerBIOIN\Project14-T2PW\docs\pwml_recovery_sprint\evidence\g11\C-084\01-probe-a.json
ok   C:\Users\Angad\Desktop\SummerBIOIN\Project14-T2PW\docs\pwml_recovery_sprint\evidence\g11\C-084\02-probe-b.json
ok   C:\Users\Angad\Desktop\SummerBIOIN\Project14-T2PW\docs\pwml_recovery_sprint\evidence\g11\C-084\03-probe-c.json
ok   C:\Users\Angad\Desktop\SummerBIOIN\Project14-T2PW\docs\pwml_recovery_sprint\evidence\g11\C-084\04-probe-d.json
ok   C:\Users\Angad\Desktop\SummerBIOIN\Project14-T2PW\docs\pwml_recovery_sprint\evidence\g11\C-084\05-probe-e.json
ok   C:\Users\Angad\Desktop\SummerBIOIN\Project14-T2PW\docs\pwml_recovery_sprint\evidence\g11\C-084\06-probe-f.json
ok   C:\Users\Angad\Desktop\SummerBIOIN\Project14-T2PW\docs\pwml_recovery_sprint\evidence\g11\C-085\01-vacuity-confirm.json
ok   C:\Users\Angad\Desktop\SummerBIOIN\Project14-T2PW\docs\pwml_recovery_sprint\evidence\g11\C-085\02-t106-base-rescore.json
ok   C:\Users\Angad\Desktop\SummerBIOIN\Project14-T2PW\docs\pwml_recovery_sprint\evidence\g11\C-085\03-c085-tip.json
ok   C:\Users\Angad\Desktop\SummerBIOIN\Project14-T2PW\docs\pwml_recovery_sprint\evidence\g11\C-085\04-c085-base.json
ok   C:\Users\Angad\Desktop\SummerBIOIN\Project14-T2PW\docs\pwml_recovery_sprint\evidence\g11\C-085\05-smoke-tip.json
ok   C:\Users\Angad\Desktop\SummerBIOIN\Project14-T2PW\docs\pwml_recovery_sprint\evidence\g11\C-085\06-t106-tip-rescore.json
ok   C:\Users\Angad\Desktop\SummerBIOIN\Project14-T2PW\docs\pwml_recovery_sprint\evidence\g11\C-085\07-nonvacuity.json
ok   C:\Users\Angad\Desktop\SummerBIOIN\Project14-T2PW\docs\pwml_recovery_sprint\evidence\g11\C-085\08-tip-restored.json
ok   C:\Users\Angad\Desktop\SummerBIOIN\Project14-T2PW\docs\pwml_recovery_sprint\evidence\g11\C-086\01-compile-check.json
ok   C:\Users\Angad\Desktop\SummerBIOIN\Project14-T2PW\docs\pwml_recovery_sprint\evidence\g11\C-086\02-c086-focused-tip.json
ok   C:\Users\Angad\Desktop\SummerBIOIN\Project14-T2PW\docs\pwml_recovery_sprint\evidence\g11\C-086\04-c086-focused-base.json
ok   C:\Users\Angad\Desktop\SummerBIOIN\Project14-T2PW\docs\pwml_recovery_sprint\evidence\g11\C-086\05-base-actor-probe.json
ok   C:\Users\Angad\Desktop\SummerBIOIN\Project14-T2PW\docs\pwml_recovery_sprint\evidence\g11\C-086\06-c086-focused-tip-final.json
ok   C:\Users\Angad\Desktop\SummerBIOIN\Project14-T2PW\docs\pwml_recovery_sprint\evidence\g11\C-086\07-c086-focused-base-final.json
ok   C:\Users\Angad\Desktop\SummerBIOIN\Project14-T2PW\docs\pwml_recovery_sprint\evidence\g11\C-086\08-c086-tip-g9.json
ok   C:\Users\Angad\Desktop\SummerBIOIN\Project14-T2PW\docs\pwml_recovery_sprint\evidence\g11\C-086\09-c086-base-g9.json
ok   C:\Users\Angad\Desktop\SummerBIOIN\Project14-T2PW\docs\pwml_recovery_sprint\evidence\g11\C-086\10-affected-tests.json
ok   C:\Users\Angad\Desktop\SummerBIOIN\Project14-T2PW\docs\pwml_recovery_sprint\evidence\g11\C-087\01-affected-tests.json
ok   C:\Users\Angad\Desktop\SummerBIOIN\Project14-T2PW\docs\pwml_recovery_sprint\evidence\g11\C-087\01-focused-tip.json
ok   C:\Users\Angad\Desktop\SummerBIOIN\Project14-T2PW\docs\pwml_recovery_sprint\evidence\g11\C-087\02-affected-tests-detail.json
ok   C:\Users\Angad\Desktop\SummerBIOIN\Project14-T2PW\docs\pwml_recovery_sprint\evidence\g11\C-087\02-focused-tip.json
ok   C:\Users\Angad\Desktop\SummerBIOIN\Project14-T2PW\docs\pwml_recovery_sprint\evidence\g11\C-087\03-c074-base-arm.json
ok   C:\Users\Angad\Desktop\SummerBIOIN\Project14-T2PW\docs\pwml_recovery_sprint\evidence\g11\C-087\03-g9-base.json
ok   C:\Users\Angad\Desktop\SummerBIOIN\Project14-T2PW\docs\pwml_recovery_sprint\evidence\g11\C-087\04-g9-base-classified.json
ok   C:\Users\Angad\Desktop\SummerBIOIN\Project14-T2PW\docs\pwml_recovery_sprint\evidence\g11\C-088\01-measure-scope-legs.json
ok   C:\Users\Angad\Desktop\SummerBIOIN\Project14-T2PW\docs\pwml_recovery_sprint\evidence\g11\C-088\02-measure-tip-dispositions.json
ok   C:\Users\Angad\Desktop\SummerBIOIN\Project14-T2PW\docs\pwml_recovery_sprint\evidence\g11\C-088\03-focused-tip.json
ok   C:\Users\Angad\Desktop\SummerBIOIN\Project14-T2PW\docs\pwml_recovery_sprint\evidence\g11\C-088\04-focused-tip2.json
ok   C:\Users\Angad\Desktop\SummerBIOIN\Project14-T2PW\docs\pwml_recovery_sprint\evidence\g11\C-088\05-focused-tip3.json
ok   C:\Users\Angad\Desktop\SummerBIOIN\Project14-T2PW\docs\pwml_recovery_sprint\evidence\g11\C-088\06-focused-tip4.json
ok   C:\Users\Angad\Desktop\SummerBIOIN\Project14-T2PW\docs\pwml_recovery_sprint\evidence\g11\C-088\07-g9-base-label.json
ok   C:\Users\Angad\Desktop\SummerBIOIN\Project14-T2PW\docs\pwml_recovery_sprint\evidence\g11\C-088\08-affected-tip.json
ok   C:\Users\Angad\Desktop\SummerBIOIN\Project14-T2PW\docs\pwml_recovery_sprint\evidence\g11\C-088\09-affected-tip2.json
ok   C:\Users\Angad\Desktop\SummerBIOIN\Project14-T2PW\docs\pwml_recovery_sprint\evidence\g11\C-088\10-affected-base.json
ok   C:\Users\Angad\Desktop\SummerBIOIN\Project14-T2PW\docs\pwml_recovery_sprint\evidence\g11\C-088\11-verify-plan.json
ok   C:\Users\Angad\Desktop\SummerBIOIN\Project14-T2PW\docs\pwml_recovery_sprint\evidence\g11\C-088\12-smoke.json
ok   C:\Users\Angad\Desktop\SummerBIOIN\Project14-T2PW\docs\pwml_recovery_sprint\evidence\g11\C-089\01-tip-probe.json
ok   C:\Users\Angad\Desktop\SummerBIOIN\Project14-T2PW\docs\pwml_recovery_sprint\evidence\g11\C-089\02-c089-focused-tip.json
ok   C:\Users\Angad\Desktop\SummerBIOIN\Project14-T2PW\docs\pwml_recovery_sprint\evidence\g11\C-089\03-c089-g9-base.json
ok   C:\Users\Angad\Desktop\SummerBIOIN\Project14-T2PW\docs\pwml_recovery_sprint\evidence\g11\C-089\04-affected-tip.json
ok   C:\Users\Angad\Desktop\SummerBIOIN\Project14-T2PW\docs\pwml_recovery_sprint\evidence\g11\C-089\05-verify-plan.json
ok   C:\Users\Angad\Desktop\SummerBIOIN\Project14-T2PW\docs\pwml_recovery_sprint\evidence\g11\C-089\06-affected-tip-2.json
ok   C:\Users\Angad\Desktop\SummerBIOIN\Project14-T2PW\docs\pwml_recovery_sprint\evidence\g11\C-089\07-affected-base.json
ok   C:\Users\Angad\Desktop\SummerBIOIN\Project14-T2PW\docs\pwml_recovery_sprint\evidence\g11\C-089\08-smoke-tip.json
ok   C:\Users\Angad\Desktop\SummerBIOIN\Project14-T2PW\docs\pwml_recovery_sprint\evidence\g11\C-090\01-shape-probe.json
ok   C:\Users\Angad\Desktop\SummerBIOIN\Project14-T2PW\docs\pwml_recovery_sprint\evidence\g11\C-090\02-c090-tip.json
ok   C:\Users\Angad\Desktop\SummerBIOIN\Project14-T2PW\docs\pwml_recovery_sprint\evidence\g11\C-090\03-c090-tip.json
ok   C:\Users\Angad\Desktop\SummerBIOIN\Project14-T2PW\docs\pwml_recovery_sprint\evidence\g11\C-090\04-c090-tip.json
ok   C:\Users\Angad\Desktop\SummerBIOIN\Project14-T2PW\docs\pwml_recovery_sprint\evidence\g11\C-090\05-c090-base-g9.json
ok   C:\Users\Angad\Desktop\SummerBIOIN\Project14-T2PW\docs\pwml_recovery_sprint\evidence\g11\C-090\06-c090-base-g9-behavioural.json
ok   C:\Users\Angad\Desktop\SummerBIOIN\Project14-T2PW\docs\pwml_recovery_sprint\evidence\g11\C-090\07-c090-base-g9-testa.json
ok   C:\Users\Angad\Desktop\SummerBIOIN\Project14-T2PW\docs\pwml_recovery_sprint\evidence\g11\C-090\09-affected-tip.json
ok   C:\Users\Angad\Desktop\SummerBIOIN\Project14-T2PW\docs\pwml_recovery_sprint\evidence\g11\C-090\10-c090-tip-final.json
ok   C:\Users\Angad\Desktop\SummerBIOIN\Project14-T2PW\docs\pwml_recovery_sprint\evidence\g11\C-090\11-smoke-tip.json
ok   C:\Users\Angad\Desktop\SummerBIOIN\Project14-T2PW\docs\pwml_recovery_sprint\evidence\g11\C-090\13-affected-tip-b.json
ok   C:\Users\Angad\Desktop\SummerBIOIN\Project14-T2PW\docs\pwml_recovery_sprint\evidence\g11\C-090\14-affected-tip-b-detail.json
ok   C:\Users\Angad\Desktop\SummerBIOIN\Project14-T2PW\docs\pwml_recovery_sprint\evidence\g11\C-090\15-c056b-base-control.json
ok   C:\Users\Angad\Desktop\SummerBIOIN\Project14-T2PW\docs\pwml_recovery_sprint\evidence\g11\C-092\01-focused-before.json
ok   C:\Users\Angad\Desktop\SummerBIOIN\Project14-T2PW\docs\pwml_recovery_sprint\evidence\g11\C-092\02-corpus-census.json
ok   C:\Users\Angad\Desktop\SummerBIOIN\Project14-T2PW\docs\pwml_recovery_sprint\evidence\g11\C-092\03-corpus-census-detail.json
ok   C:\Users\Angad\Desktop\SummerBIOIN\Project14-T2PW\docs\pwml_recovery_sprint\evidence\g11\C-092\04-p01-moved-census.json
ok   C:\Users\Angad\Desktop\SummerBIOIN\Project14-T2PW\docs\pwml_recovery_sprint\evidence\g11\C-092\05-p01-moved-census-full.json
ok   C:\Users\Angad\Desktop\SummerBIOIN\Project14-T2PW\docs\pwml_recovery_sprint\evidence\g11\C-092\06-focused-after-1.json
ok   C:\Users\Angad\Desktop\SummerBIOIN\Project14-T2PW\docs\pwml_recovery_sprint\evidence\g11\C-092\07-nonvacuity-verbose.json
ok   C:\Users\Angad\Desktop\SummerBIOIN\Project14-T2PW\docs\pwml_recovery_sprint\evidence\g11\C-092\08-corpus-reading-sweep.json
ok   C:\Users\Angad\Desktop\SummerBIOIN\Project14-T2PW\docs\pwml_recovery_sprint\evidence\g11\C-092\09-c030-gap-census.json
ok   C:\Users\Angad\Desktop\SummerBIOIN\Project14-T2PW\docs\pwml_recovery_sprint\evidence\g11\C-092\10-focused-final.json
ok   C:\Users\Angad\Desktop\SummerBIOIN\Project14-T2PW\docs\pwml_recovery_sprint\evidence\g11\C-092\11-floor-measure.json
ok   C:\Users\Angad\Desktop\SummerBIOIN\Project14-T2PW\docs\pwml_recovery_sprint\evidence\g11\C-092\12-focused-corr1.json
ok   C:\Users\Angad\Desktop\SummerBIOIN\Project14-T2PW\docs\pwml_recovery_sprint\evidence\g11\C-092\13-focused-corr2.json
ok   C:\Users\Angad\Desktop\SummerBIOIN\Project14-T2PW\docs\pwml_recovery_sprint\evidence\g11\C-092\14-nonvacuity-corr-verbose.json
ok   C:\Users\Angad\Desktop\SummerBIOIN\Project14-T2PW\docs\pwml_recovery_sprint\evidence\g11\C-092\15-census-coupling-probe.json
ok   C:\Users\Angad\Desktop\SummerBIOIN\Project14-T2PW\docs\pwml_recovery_sprint\evidence\g11\C-092\16-focused-corr-r2.json
ok   C:\Users\Angad\Desktop\SummerBIOIN\Project14-T2PW\docs\pwml_recovery_sprint\evidence\g11\C-092\17-nonvacuity-r2-verbose.json
ok   C:\Users\Angad\Desktop\SummerBIOIN\Project14-T2PW\docs\pwml_recovery_sprint\evidence\g11\C-093\01-focused-before.json
ok   C:\Users\Angad\Desktop\SummerBIOIN\Project14-T2PW\docs\pwml_recovery_sprint\evidence\g11\C-093\02-census-probe.json
ok   C:\Users\Angad\Desktop\SummerBIOIN\Project14-T2PW\docs\pwml_recovery_sprint\evidence\g11\C-093\03-digest-sweep.json
ok   C:\Users\Angad\Desktop\SummerBIOIN\Project14-T2PW\docs\pwml_recovery_sprint\evidence\g11\C-093\04-gap-row-detail.json
ok   C:\Users\Angad\Desktop\SummerBIOIN\Project14-T2PW\docs\pwml_recovery_sprint\evidence\g11\C-093\05-compound-audit.json
ok   C:\Users\Angad\Desktop\SummerBIOIN\Project14-T2PW\docs\pwml_recovery_sprint\evidence\g11\C-093\06-baseline-audit-control.json
ok   C:\Users\Angad\Desktop\SummerBIOIN\Project14-T2PW\docs\pwml_recovery_sprint\evidence\g11\C-093\07-c030-after.json
ok   C:\Users\Angad\Desktop\SummerBIOIN\Project14-T2PW\docs\pwml_recovery_sprint\evidence\g11\C-093\08-c030-after2.json
ok   C:\Users\Angad\Desktop\SummerBIOIN\Project14-T2PW\docs\pwml_recovery_sprint\evidence\g11\C-093\09-c030-after3.json
ok   C:\Users\Angad\Desktop\SummerBIOIN\Project14-T2PW\docs\pwml_recovery_sprint\evidence\g11\C-093\10-c030-green.json
ok   C:\Users\Angad\Desktop\SummerBIOIN\Project14-T2PW\docs\pwml_recovery_sprint\evidence\g11\C-093\11-cre-after.json
ok   C:\Users\Angad\Desktop\SummerBIOIN\Project14-T2PW\docs\pwml_recovery_sprint\evidence\g11\C-093\12-c030-nonvacuity.json
ok   C:\Users\Angad\Desktop\SummerBIOIN\Project14-T2PW\docs\pwml_recovery_sprint\evidence\g11\C-093\13-focused-after.json
ok   C:\Users\Angad\Desktop\SummerBIOIN\Project14-T2PW\docs\pwml_recovery_sprint\evidence\g11\C-093\14-neighbourhood.json
ok   C:\Users\Angad\Desktop\SummerBIOIN\Project14-T2PW\docs\pwml_recovery_sprint\evidence\g11\C-093\15-focused-final.json
ok   C:\Users\Angad\Desktop\SummerBIOIN\Project14-T2PW\docs\pwml_recovery_sprint\evidence\g11\C-093\16-corr1-focused.json
ok   C:\Users\Angad\Desktop\SummerBIOIN\Project14-T2PW\docs\pwml_recovery_sprint\evidence\g11\C-093\17-corr1-warning.json
ok   C:\Users\Angad\Desktop\SummerBIOIN\Project14-T2PW\docs\pwml_recovery_sprint\evidence\g11\C-093\18-corr1-warning2.json
ok   C:\Users\Angad\Desktop\SummerBIOIN\Project14-T2PW\docs\pwml_recovery_sprint\evidence\g11\C-093\19-corr1-warning3.json
ok   C:\Users\Angad\Desktop\SummerBIOIN\Project14-T2PW\docs\pwml_recovery_sprint\evidence\g11\C-093\20-corr1-warning4.json
ok   C:\Users\Angad\Desktop\SummerBIOIN\Project14-T2PW\docs\pwml_recovery_sprint\evidence\g11\C-093\21-corr1-warning5.json
ok   C:\Users\Angad\Desktop\SummerBIOIN\Project14-T2PW\docs\pwml_recovery_sprint\evidence\g11\C-093\22-corr1-final.json
ok   C:\Users\Angad\Desktop\SummerBIOIN\Project14-T2PW\docs\pwml_recovery_sprint\evidence\g11\C-093\23-corr2-focused.json
ok   C:\Users\Angad\Desktop\SummerBIOIN\Project14-T2PW\docs\pwml_recovery_sprint\evidence\g11\C-093\24-corr2-warnid.json
ok   C:\Users\Angad\Desktop\SummerBIOIN\Project14-T2PW\docs\pwml_recovery_sprint\evidence\g11\C-093\25-corr2-final.json
ok   C:\Users\Angad\Desktop\SummerBIOIN\Project14-T2PW\docs\pwml_recovery_sprint\evidence\g11\C-095\01-probe-base.json
ok   C:\Users\Angad\Desktop\SummerBIOIN\Project14-T2PW\docs\pwml_recovery_sprint\evidence\g11\C-095\02-probe-base2.json
ok   C:\Users\Angad\Desktop\SummerBIOIN\Project14-T2PW\docs\pwml_recovery_sprint\evidence\g11\C-095\03-probe-tip.json
ok   C:\Users\Angad\Desktop\SummerBIOIN\Project14-T2PW\docs\pwml_recovery_sprint\evidence\g11\C-095\04-c095-tip.json
ok   C:\Users\Angad\Desktop\SummerBIOIN\Project14-T2PW\docs\pwml_recovery_sprint\evidence\g11\C-095\05-c095-tip2.json
ok   C:\Users\Angad\Desktop\SummerBIOIN\Project14-T2PW\docs\pwml_recovery_sprint\evidence\g11\C-095\06-c095-g9-base.json
ok   C:\Users\Angad\Desktop\SummerBIOIN\Project14-T2PW\docs\pwml_recovery_sprint\evidence\g11\C-095\07-affected.json
ok   C:\Users\Angad\Desktop\SummerBIOIN\Project14-T2PW\docs\pwml_recovery_sprint\evidence\g11\C-095\08-affected-collect.json
ok   C:\Users\Angad\Desktop\SummerBIOIN\Project14-T2PW\docs\pwml_recovery_sprint\evidence\g11\C-095\09-smoke.json
ok   C:\Users\Angad\Desktop\SummerBIOIN\Project14-T2PW\docs\pwml_recovery_sprint\evidence\g11\C-095\10-blast-radius.json
ok   C:\Users\Angad\Desktop\SummerBIOIN\Project14-T2PW\docs\pwml_recovery_sprint\evidence\g11\C-095\11-blast-radius-base.json
ok   C:\Users\Angad\Desktop\SummerBIOIN\Project14-T2PW\docs\pwml_recovery_sprint\evidence\g11\C-095\12-c075-base-isolate.json
ok   C:\Users\Angad\Desktop\SummerBIOIN\Project14-T2PW\docs\pwml_recovery_sprint\evidence\g11\C-095\13-c075-corpus-ab-base.json
ok   C:\Users\Angad\Desktop\SummerBIOIN\Project14-T2PW\docs\pwml_recovery_sprint\evidence\g11\C-095\14-rev-tip.json
ok   C:\Users\Angad\Desktop\SummerBIOIN\Project14-T2PW\docs\pwml_recovery_sprint\evidence\g11\C-095\15-rev-nonvacuity-194d6cd.json
ok   C:\Users\Angad\Desktop\SummerBIOIN\Project14-T2PW\docs\pwml_recovery_sprint\evidence\g11\C-095\16-rev-nonvacuity2-194d6cd.json
ok   C:\Users\Angad\Desktop\SummerBIOIN\Project14-T2PW\docs\pwml_recovery_sprint\evidence\g11\C-095\17-rev-tip2.json
ok   C:\Users\Angad\Desktop\SummerBIOIN\Project14-T2PW\docs\pwml_recovery_sprint\evidence\g11\C-095\18-rev-g9-base-intree.json
ok   C:\Users\Angad\Desktop\SummerBIOIN\Project14-T2PW\docs\pwml_recovery_sprint\evidence\g11\C-095\19-rev-affected.json
ok   C:\Users\Angad\Desktop\SummerBIOIN\Project14-T2PW\docs\pwml_recovery_sprint\evidence\g11\C-095\20-rev-blast-radius.json
ok   C:\Users\Angad\Desktop\SummerBIOIN\Project14-T2PW\docs\pwml_recovery_sprint\evidence\g11\C-095\21-rev-smoke.json
ok   C:\Users\Angad\Desktop\SummerBIOIN\Project14-T2PW\docs\pwml_recovery_sprint\evidence\g11\C-095\22-rev-tip3.json
ok   C:\Users\Angad\Desktop\SummerBIOIN\Project14-T2PW\docs\pwml_recovery_sprint\evidence\g11\C-095\23-rev-nonvacuity3-194d6cd.json
ok   C:\Users\Angad\Desktop\SummerBIOIN\Project14-T2PW\docs\pwml_recovery_sprint\evidence\g11\C-095\24-rev2-affected.json
ok   C:\Users\Angad\Desktop\SummerBIOIN\Project14-T2PW\docs\pwml_recovery_sprint\evidence\g11\C-095\25-rev2-blast-radius.json
ok   C:\Users\Angad\Desktop\SummerBIOIN\Project14-T2PW\docs\pwml_recovery_sprint\evidence\g11\C-095\26-rev2-smoke.json
ok   C:\Users\Angad\Desktop\SummerBIOIN\Project14-T2PW\docs\pwml_recovery_sprint\evidence\g11\C-096\01-db-probe-noenv.json
ok   C:\Users\Angad\Desktop\SummerBIOIN\Project14-T2PW\docs\pwml_recovery_sprint\evidence\g11\C-096\02-db-probe-live.json
ok   C:\Users\Angad\Desktop\SummerBIOIN\Project14-T2PW\docs\pwml_recovery_sprint\evidence\g11\C-096\03-base-seam-live.json
ok   C:\Users\Angad\Desktop\SummerBIOIN\Project14-T2PW\docs\pwml_recovery_sprint\evidence\g11\C-096\04-base-affected.json
ok   C:\Users\Angad\Desktop\SummerBIOIN\Project14-T2PW\docs\pwml_recovery_sprint\evidence\g11\C-096\05-base-affected-4-noenv.json
ok   C:\Users\Angad\Desktop\SummerBIOIN\Project14-T2PW\docs\pwml_recovery_sprint\evidence\g11\C-096\06-tip-c096-new.json
ok   C:\Users\Angad\Desktop\SummerBIOIN\Project14-T2PW\docs\pwml_recovery_sprint\evidence\g11\C-096\07-tip-seam-live.json
ok   C:\Users\Angad\Desktop\SummerBIOIN\Project14-T2PW\docs\pwml_recovery_sprint\evidence\g11\C-096\08-none-preserved-baseform-on-tip.json
ok   C:\Users\Angad\Desktop\SummerBIOIN\Project14-T2PW\docs\pwml_recovery_sprint\evidence\g11\C-096\09-tip-affected.json
ok   C:\Users\Angad\Desktop\SummerBIOIN\Project14-T2PW\docs\pwml_recovery_sprint\evidence\g11\C-096\10-smoke.json
ok   C:\Users\Angad\Desktop\SummerBIOIN\Project14-T2PW\docs\pwml_recovery_sprint\evidence\g11\C-096\11-chunkd-s8-outer.json
ok   C:\Users\Angad\Desktop\SummerBIOIN\Project14-T2PW\docs\pwml_recovery_sprint\evidence\g11\C-096\12-mono.json
ok   C:\Users\Angad\Desktop\SummerBIOIN\Project14-T2PW\docs\pwml_recovery_sprint\evidence\g11\C-096\13-core.json
ok   C:\Users\Angad\Desktop\SummerBIOIN\Project14-T2PW\docs\pwml_recovery_sprint\evidence\g11\C-096\14-s8.json
ok   C:\Users\Angad\Desktop\SummerBIOIN\Project14-T2PW\docs\pwml_recovery_sprint\evidence\g11\C-096\15-qb.json
ok   C:\Users\Angad\Desktop\SummerBIOIN\Project14-T2PW\docs\pwml_recovery_sprint\evidence\g11\C-096\16-node00.json
ok   C:\Users\Angad\Desktop\SummerBIOIN\Project14-T2PW\docs\pwml_recovery_sprint\evidence\g11\C-096\17-node01.json
ok   C:\Users\Angad\Desktop\SummerBIOIN\Project14-T2PW\docs\pwml_recovery_sprint\evidence\g11\C-096\18-node02.json
ok   C:\Users\Angad\Desktop\SummerBIOIN\Project14-T2PW\docs\pwml_recovery_sprint\evidence\g11\C-096\19-node03.json
ok   C:\Users\Angad\Desktop\SummerBIOIN\Project14-T2PW\docs\pwml_recovery_sprint\evidence\g11\C-096\20-impostor-probe.json
ok   C:\Users\Angad\Desktop\SummerBIOIN\Project14-T2PW\docs\pwml_recovery_sprint\evidence\g11\C-096\21-mutation-swap-arms.json
ok   C:\Users\Angad\Desktop\SummerBIOIN\Project14-T2PW\docs\pwml_recovery_sprint\evidence\g11\C-096\22-mutation-split-elif.json
ok   C:\Users\Angad\Desktop\SummerBIOIN\Project14-T2PW\docs\pwml_recovery_sprint\evidence\g11\C-096\23-tip-recheck-after-corrections.json
ok   C:\Users\Angad\Desktop\SummerBIOIN\Project14-T2PW\docs\pwml_recovery_sprint\evidence\g11\C-096\24-comment-only-proof.json
ok   C:\Users\Angad\Desktop\SummerBIOIN\Project14-T2PW\docs\pwml_recovery_sprint\evidence\g11\C-097\01-c097-new-tests.json
ok   C:\Users\Angad\Desktop\SummerBIOIN\Project14-T2PW\docs\pwml_recovery_sprint\evidence\g11\C-097\02-c097-g9-base.json
ok   C:\Users\Angad\Desktop\SummerBIOIN\Project14-T2PW\docs\pwml_recovery_sprint\evidence\g11\C-097\03-c097-affected.json
ok   C:\Users\Angad\Desktop\SummerBIOIN\Project14-T2PW\docs\pwml_recovery_sprint\evidence\g11\C-097\04-c097-smoke.json
ok   C:\Users\Angad\Desktop\SummerBIOIN\Project14-T2PW\docs\pwml_recovery_sprint\evidence\g11\C-097\05-c097-corpus-census.json
ok   C:\Users\Angad\Desktop\SummerBIOIN\Project14-T2PW\docs\pwml_recovery_sprint\evidence\g11\C-097\06-c097-corpus-census-controlled.json
ok   C:\Users\Angad\Desktop\SummerBIOIN\Project14-T2PW\docs\pwml_recovery_sprint\evidence\g11\C-097\07-c097-tip-confirm.json
ok   C:\Users\Angad\Desktop\SummerBIOIN\Project14-T2PW\docs\pwml_recovery_sprint\evidence\g11\C-099\01-focused-tip.json
ok   C:\Users\Angad\Desktop\SummerBIOIN\Project14-T2PW\docs\pwml_recovery_sprint\evidence\g11\C-099\02-focused-base.json
ok   C:\Users\Angad\Desktop\SummerBIOIN\Project14-T2PW\docs\pwml_recovery_sprint\evidence\g11\C-099\03-smoke-tip.json
ok   C:\Users\Angad\Desktop\SummerBIOIN\Project14-T2PW\docs\pwml_recovery_sprint\evidence\g11\C-099\04-affected-tip.json
ok   C:\Users\Angad\Desktop\SummerBIOIN\Project14-T2PW\docs\pwml_recovery_sprint\evidence\g11\C-099\05-focused-tip-r2.json
ok   C:\Users\Angad\Desktop\SummerBIOIN\Project14-T2PW\docs\pwml_recovery_sprint\evidence\g11\C-099\06-focused-base-r2.json
ok   C:\Users\Angad\Desktop\SummerBIOIN\Project14-T2PW\docs\pwml_recovery_sprint\evidence\g11\C-099\07-smoke-tip-r2.json
ok   C:\Users\Angad\Desktop\SummerBIOIN\Project14-T2PW\docs\pwml_recovery_sprint\evidence\g11\C-099\08-preservation-census.json
ok   C:\Users\Angad\Desktop\SummerBIOIN\Project14-T2PW\docs\pwml_recovery_sprint\evidence\g11\C-099\09-census-r3.json
ok   C:\Users\Angad\Desktop\SummerBIOIN\Project14-T2PW\docs\pwml_recovery_sprint\evidence\g11\C-100\01-base-smoke.json
ok   C:\Users\Angad\Desktop\SummerBIOIN\Project14-T2PW\docs\pwml_recovery_sprint\evidence\g11\C-100\02-base-goldreaders.json
ok   C:\Users\Angad\Desktop\SummerBIOIN\Project14-T2PW\docs\pwml_recovery_sprint\evidence\g11\C-100\03-base-probe.json
ok   C:\Users\Angad\Desktop\SummerBIOIN\Project14-T2PW\docs\pwml_recovery_sprint\evidence\g11\C-100\04-tip-probe.json
ok   C:\Users\Angad\Desktop\SummerBIOIN\Project14-T2PW\docs\pwml_recovery_sprint\evidence\g11\C-100\05-tip-newtests.json
ok   C:\Users\Angad\Desktop\SummerBIOIN\Project14-T2PW\docs\pwml_recovery_sprint\evidence\g11\C-100\06-g9-base.json
ok   C:\Users\Angad\Desktop\SummerBIOIN\Project14-T2PW\docs\pwml_recovery_sprint\evidence\g11\C-100\07-tip-newtests-final.json
ok   C:\Users\Angad\Desktop\SummerBIOIN\Project14-T2PW\docs\pwml_recovery_sprint\evidence\g11\C-100\08-g9-base-final.json
ok   C:\Users\Angad\Desktop\SummerBIOIN\Project14-T2PW\docs\pwml_recovery_sprint\evidence\g11\C-100\09-tip-newtests-v3.json
ok   C:\Users\Angad\Desktop\SummerBIOIN\Project14-T2PW\docs\pwml_recovery_sprint\evidence\g11\C-100\10-tip-smoke.json
ok   C:\Users\Angad\Desktop\SummerBIOIN\Project14-T2PW\docs\pwml_recovery_sprint\evidence\g11\C-100\11-tip-goldreaders.json
ok   C:\Users\Angad\Desktop\SummerBIOIN\Project14-T2PW\docs\pwml_recovery_sprint\evidence\g11\C-100\12-certify.json
ok   C:\Users\Angad\Desktop\SummerBIOIN\Project14-T2PW\docs\pwml_recovery_sprint\evidence\g11\C-101\01-split-probe.json
ok   C:\Users\Angad\Desktop\SummerBIOIN\Project14-T2PW\docs\pwml_recovery_sprint\evidence\g11\C-101\03-split-probe-v2.json
ok   C:\Users\Angad\Desktop\SummerBIOIN\Project14-T2PW\docs\pwml_recovery_sprint\evidence\g11\C-101\04-tip-newtests.json
ok   C:\Users\Angad\Desktop\SummerBIOIN\Project14-T2PW\docs\pwml_recovery_sprint\evidence\g11\C-101\05-tip-newtests-v2.json
ok   C:\Users\Angad\Desktop\SummerBIOIN\Project14-T2PW\docs\pwml_recovery_sprint\evidence\g11\C-101\06-tip-newtests-v3.json
ok   C:\Users\Angad\Desktop\SummerBIOIN\Project14-T2PW\docs\pwml_recovery_sprint\evidence\g11\C-101\07-g9-base.json
ok   C:\Users\Angad\Desktop\SummerBIOIN\Project14-T2PW\docs\pwml_recovery_sprint\evidence\g11\C-101\08-g9-base-v2.json
ok   C:\Users\Angad\Desktop\SummerBIOIN\Project14-T2PW\docs\pwml_recovery_sprint\evidence\g11\C-101\09-base-smoke.json
ok   C:\Users\Angad\Desktop\SummerBIOIN\Project14-T2PW\docs\pwml_recovery_sprint\evidence\g11\C-101\10-base-goldreaders.json
ok   C:\Users\Angad\Desktop\SummerBIOIN\Project14-T2PW\docs\pwml_recovery_sprint\evidence\g11\C-101\11-tip-smoke.json
ok   C:\Users\Angad\Desktop\SummerBIOIN\Project14-T2PW\docs\pwml_recovery_sprint\evidence\g11\C-101\12-tip-goldreaders.json
ok   C:\Users\Angad\Desktop\SummerBIOIN\Project14-T2PW\docs\pwml_recovery_sprint\evidence\g11\C-101\13-db-and-priority1.json
ok   C:\Users\Angad\Desktop\SummerBIOIN\Project14-T2PW\docs\pwml_recovery_sprint\evidence\g11\C-101\14-tip-newtests-final.json
ok   C:\Users\Angad\Desktop\SummerBIOIN\Project14-T2PW\docs\pwml_recovery_sprint\evidence\g11\C-101\15-tip-smoke-final.json
ok   C:\Users\Angad\Desktop\SummerBIOIN\Project14-T2PW\docs\pwml_recovery_sprint\evidence\g11\C-101\16-tip-goldreaders-final.json
ok   C:\Users\Angad\Desktop\SummerBIOIN\Project14-T2PW\docs\pwml_recovery_sprint\evidence\g11\C-101\17-certify.json
ok   C:\Users\Angad\Desktop\SummerBIOIN\Project14-T2PW\docs\pwml_recovery_sprint\evidence\g11\C-101\18-r1-tip-newtests.json
ok   C:\Users\Angad\Desktop\SummerBIOIN\Project14-T2PW\docs\pwml_recovery_sprint\evidence\g11\C-101\19-r1-invariants.json
ok   C:\Users\Angad\Desktop\SummerBIOIN\Project14-T2PW\docs\pwml_recovery_sprint\evidence\g11\C-101\20-r1-tip-smoke.json
ok   C:\Users\Angad\Desktop\SummerBIOIN\Project14-T2PW\docs\pwml_recovery_sprint\evidence\g11\C-101\21-r1-tip-goldreaders.json
ok   C:\Users\Angad\Desktop\SummerBIOIN\Project14-T2PW\docs\pwml_recovery_sprint\evidence\g11\C-101\22-r1-goldreaders-split.json
ok   C:\Users\Angad\Desktop\SummerBIOIN\Project14-T2PW\docs\pwml_recovery_sprint\evidence\g11\C-101\23-r1-goldreaders-split-v2.json
ok   C:\Users\Angad\Desktop\SummerBIOIN\Project14-T2PW\docs\pwml_recovery_sprint\evidence\g11\C-101\24-r1-final-focused.json
ok   C:\Users\Angad\Desktop\SummerBIOIN\Project14-T2PW\docs\pwml_recovery_sprint\evidence\g11\C-101\25-r1-final-smoke.json
ok   C:\Users\Angad\Desktop\SummerBIOIN\Project14-T2PW\docs\pwml_recovery_sprint\evidence\g11\C-101\26-r1-final-goldreaders.json
ok   C:\Users\Angad\Desktop\SummerBIOIN\Project14-T2PW\docs\pwml_recovery_sprint\evidence\g11\C-101\27-r1-certify.json
ok   C:\Users\Angad\Desktop\SummerBIOIN\Project14-T2PW\docs\pwml_recovery_sprint\evidence\g11\C-101\28-r2-focused.json
ok   C:\Users\Angad\Desktop\SummerBIOIN\Project14-T2PW\docs\pwml_recovery_sprint\evidence\g11\C-101\29-r2-focused-v2.json
ok   C:\Users\Angad\Desktop\SummerBIOIN\Project14-T2PW\docs\pwml_recovery_sprint\evidence\g11\C-101\30-r2-smoke.json
ok   C:\Users\Angad\Desktop\SummerBIOIN\Project14-T2PW\docs\pwml_recovery_sprint\evidence\g11\C-101\31-r2-goldreaders.json
ok   C:\Users\Angad\Desktop\SummerBIOIN\Project14-T2PW\docs\pwml_recovery_sprint\evidence\g11\C-101\32-r2-goldreaders-split.json
ok   C:\Users\Angad\Desktop\SummerBIOIN\Project14-T2PW\docs\pwml_recovery_sprint\evidence\g11\C-101\33-r2-invariants.json
ok   C:\Users\Angad\Desktop\SummerBIOIN\Project14-T2PW\docs\pwml_recovery_sprint\evidence\g11\C-101\34-r2-certify.json
ok   C:\Users\Angad\Desktop\SummerBIOIN\Project14-T2PW\docs\pwml_recovery_sprint\evidence\g11\C-101\35-r3-vacuity-probe.json
ok   C:\Users\Angad\Desktop\SummerBIOIN\Project14-T2PW\docs\pwml_recovery_sprint\evidence\g11\C-101\36-r3-focused.json
ok   C:\Users\Angad\Desktop\SummerBIOIN\Project14-T2PW\docs\pwml_recovery_sprint\evidence\g11\C-101\37-r3-focused-v2.json
ok   C:\Users\Angad\Desktop\SummerBIOIN\Project14-T2PW\docs\pwml_recovery_sprint\evidence\g11\C-101\38-r3-mutation-a-real-accession.json
ok   C:\Users\Angad\Desktop\SummerBIOIN\Project14-T2PW\docs\pwml_recovery_sprint\evidence\g11\C-101\39-r3-mutation-b-guard-deleted.json
ok   C:\Users\Angad\Desktop\SummerBIOIN\Project14-T2PW\docs\pwml_recovery_sprint\evidence\g11\C-101\40-r3-focused-restored.json
ok   C:\Users\Angad\Desktop\SummerBIOIN\Project14-T2PW\docs\pwml_recovery_sprint\evidence\g11\C-101\41-r3-smoke.json
ok   C:\Users\Angad\Desktop\SummerBIOIN\Project14-T2PW\docs\pwml_recovery_sprint\evidence\g11\C-101\42-r3-goldreaders.json
ok   C:\Users\Angad\Desktop\SummerBIOIN\Project14-T2PW\docs\pwml_recovery_sprint\evidence\g11\C-101\43-r3-goldreaders-split.json
ok   C:\Users\Angad\Desktop\SummerBIOIN\Project14-T2PW\docs\pwml_recovery_sprint\evidence\g11\C-101\44-r3-invariants.json
ok   C:\Users\Angad\Desktop\SummerBIOIN\Project14-T2PW\docs\pwml_recovery_sprint\evidence\g11\C-101\45-r3-certify.json
ok   C:\Users\Angad\Desktop\SummerBIOIN\Project14-T2PW\docs\pwml_recovery_sprint\evidence\g11\C-102\02-f132-coverage-ab-tip.json
ok   C:\Users\Angad\Desktop\SummerBIOIN\Project14-T2PW\docs\pwml_recovery_sprint\evidence\g11\C-102\03-g9-denominator-tip.json
ok   C:\Users\Angad\Desktop\SummerBIOIN\Project14-T2PW\docs\pwml_recovery_sprint\evidence\g11\C-102\04-focused-tip.json
ok   C:\Users\Angad\Desktop\SummerBIOIN\Project14-T2PW\docs\pwml_recovery_sprint\evidence\g11\C-102\05-mutation-attack.json
ok   C:\Users\Angad\Desktop\SummerBIOIN\Project14-T2PW\docs\pwml_recovery_sprint\evidence\g11\C-102\06-mutation-attack-2.json
ok   C:\Users\Angad\Desktop\SummerBIOIN\Project14-T2PW\docs\pwml_recovery_sprint\evidence\g11\C-102\07-goldreaders-tip.json
ok   C:\Users\Angad\Desktop\SummerBIOIN\Project14-T2PW\docs\pwml_recovery_sprint\evidence\g11\C-102\08-base-gate.json
ok   C:\Users\Angad\Desktop\SummerBIOIN\Project14-T2PW\docs\pwml_recovery_sprint\evidence\g11\C-102\09-smoke-tip.json
ok   C:\Users\Angad\Desktop\SummerBIOIN\Project14-T2PW\docs\pwml_recovery_sprint\evidence\g11\C-102\10-orch702-replay.json
ok   C:\Users\Angad\Desktop\SummerBIOIN\Project14-T2PW\docs\pwml_recovery_sprint\evidence\g11\C-102\11-focused-final.json
ok   C:\Users\Angad\Desktop\SummerBIOIN\Project14-T2PW\docs\pwml_recovery_sprint\evidence\g11\C-102\12-goldreaders-final.json
ok   C:\Users\Angad\Desktop\SummerBIOIN\Project14-T2PW\docs\pwml_recovery_sprint\evidence\g11\C-102\13-smoke-final.json
ok   C:\Users\Angad\Desktop\SummerBIOIN\Project14-T2PW\docs\pwml_recovery_sprint\evidence\g11\C-102\14-db-state-probe.json
ok   C:\Users\Angad\Desktop\SummerBIOIN\Project14-T2PW\docs\pwml_recovery_sprint\evidence\g11\C-102\15-numerator-verify.json
ok   C:\Users\Angad\Desktop\SummerBIOIN\Project14-T2PW\docs\pwml_recovery_sprint\evidence\g11\C-102\16-report-size-tip.json
ok   C:\Users\Angad\Desktop\SummerBIOIN\Project14-T2PW\docs\pwml_recovery_sprint\evidence\g11\C-102\17-mutation-attack-r1.json
ok   C:\Users\Angad\Desktop\SummerBIOIN\Project14-T2PW\docs\pwml_recovery_sprint\evidence\g11\C-102\18-mutation-attack-r1b.json
ok   C:\Users\Angad\Desktop\SummerBIOIN\Project14-T2PW\docs\pwml_recovery_sprint\evidence\g11\C-102\19-goldreaders-split-r1.json
ok   C:\Users\Angad\Desktop\SummerBIOIN\Project14-T2PW\docs\pwml_recovery_sprint\evidence\g11\C-102\20-goldreaders-split-r1b.json
ok   C:\Users\Angad\Desktop\SummerBIOIN\Project14-T2PW\docs\pwml_recovery_sprint\evidence\g11\C-102\21-base-gate-r1.json
ok   C:\Users\Angad\Desktop\SummerBIOIN\Project14-T2PW\docs\pwml_recovery_sprint\evidence\g11\C-102\22-report-size-uncompacted.json
ok   C:\Users\Angad\Desktop\SummerBIOIN\Project14-T2PW\docs\pwml_recovery_sprint\evidence\g11\C-102\23-focused-r1-final.json
ok   C:\Users\Angad\Desktop\SummerBIOIN\Project14-T2PW\docs\pwml_recovery_sprint\evidence\g11\C-102\24-goldreaders-r1-final.json
ok   C:\Users\Angad\Desktop\SummerBIOIN\Project14-T2PW\docs\pwml_recovery_sprint\evidence\g11\C-102\25-smoke-r1-final.json
ok   C:\Users\Angad\Desktop\SummerBIOIN\Project14-T2PW\docs\pwml_recovery_sprint\evidence\g11\C-103\01-db-state-probe.json
ok   C:\Users\Angad\Desktop\SummerBIOIN\Project14-T2PW\docs\pwml_recovery_sprint\evidence\g11\C-103\02-base-focused.json
ok   C:\Users\Angad\Desktop\SummerBIOIN\Project14-T2PW\docs\pwml_recovery_sprint\evidence\g11\C-103\03-base-goldreaders.json
ok   C:\Users\Angad\Desktop\SummerBIOIN\Project14-T2PW\docs\pwml_recovery_sprint\evidence\g11\C-103\04-seam-probe.json
ok   C:\Users\Angad\Desktop\SummerBIOIN\Project14-T2PW\docs\pwml_recovery_sprint\evidence\g11\C-103\05-tip-focused.json
ok   C:\Users\Angad\Desktop\SummerBIOIN\Project14-T2PW\docs\pwml_recovery_sprint\evidence\g11\C-103\06-mutation-a-eligibility.json
ok   C:\Users\Angad\Desktop\SummerBIOIN\Project14-T2PW\docs\pwml_recovery_sprint\evidence\g11\C-103\07-mutation-b-review-collapse.json
ok   C:\Users\Angad\Desktop\SummerBIOIN\Project14-T2PW\docs\pwml_recovery_sprint\evidence\g11\C-103\08-mutation-b2-review-collapse.json
ok   C:\Users\Angad\Desktop\SummerBIOIN\Project14-T2PW\docs\pwml_recovery_sprint\evidence\g11\C-103\09-mutation-c-coverage-reachability.json
ok   C:\Users\Angad\Desktop\SummerBIOIN\Project14-T2PW\docs\pwml_recovery_sprint\evidence\g11\C-103\10-mutation-d-empty-vs-shortfall.json
ok   C:\Users\Angad\Desktop\SummerBIOIN\Project14-T2PW\docs\pwml_recovery_sprint\evidence\g11\C-103\11-mutation-d-empty-vs-shortfall-valid.json
ok   C:\Users\Angad\Desktop\SummerBIOIN\Project14-T2PW\docs\pwml_recovery_sprint\evidence\g11\C-103\12-focused-restored.json
ok   C:\Users\Angad\Desktop\SummerBIOIN\Project14-T2PW\docs\pwml_recovery_sprint\evidence\g11\C-103\13-tip-goldreaders.json
ok   C:\Users\Angad\Desktop\SummerBIOIN\Project14-T2PW\docs\pwml_recovery_sprint\evidence\g11\C-103\14-tip-smoke.json
ok   C:\Users\Angad\Desktop\SummerBIOIN\Project14-T2PW\docs\pwml_recovery_sprint\evidence\g11\C-104\01-r5-tip-baseline.json
ok   C:\Users\Angad\Desktop\SummerBIOIN\Project14-T2PW\docs\pwml_recovery_sprint\evidence\g11\C-104\02-base-focused.json
ok   C:\Users\Angad\Desktop\SummerBIOIN\Project14-T2PW\docs\pwml_recovery_sprint\evidence\g11\C-104\03-r5-mutation.json
ok   C:\Users\Angad\Desktop\SummerBIOIN\Project14-T2PW\docs\pwml_recovery_sprint\evidence\g11\C-104\04-r5-restored.json
ok   C:\Users\Angad\Desktop\SummerBIOIN\Project14-T2PW\docs\pwml_recovery_sprint\evidence\g11\C-104\05-split-guard-probe.json
ok   C:\Users\Angad\Desktop\SummerBIOIN\Project14-T2PW\docs\pwml_recovery_sprint\evidence\g11\C-104\06-goldreaders-split.json
ok   C:\Users\Angad\Desktop\SummerBIOIN\Project14-T2PW\docs\pwml_recovery_sprint\evidence\g11\C-104\07-smoke.json
ok   C:\Users\Angad\Desktop\SummerBIOIN\Project14-T2PW\docs\pwml_recovery_sprint\evidence\g11\C-104\08-goldreaders.json
ok   C:\Users\Angad\Desktop\SummerBIOIN\Project14-T2PW\docs\pwml_recovery_sprint\evidence\g11\C-104\09-attack-set-baseline.json
ok   C:\Users\Angad\Desktop\SummerBIOIN\Project14-T2PW\docs\pwml_recovery_sprint\evidence\g11\C-105\01-tip-focused.json
ok   C:\Users\Angad\Desktop\SummerBIOIN\Project14-T2PW\docs\pwml_recovery_sprint\evidence\g11\C-105\02-tip-focused-2.json
ok   C:\Users\Angad\Desktop\SummerBIOIN\Project14-T2PW\docs\pwml_recovery_sprint\evidence\g11\C-105\03-base-focused.json
ok   C:\Users\Angad\Desktop\SummerBIOIN\Project14-T2PW\docs\pwml_recovery_sprint\evidence\g11\C-105\04-mutation.json
ok   C:\Users\Angad\Desktop\SummerBIOIN\Project14-T2PW\docs\pwml_recovery_sprint\evidence\g11\C-105\05-chunk-c.json
ok   C:\Users\Angad\Desktop\SummerBIOIN\Project14-T2PW\docs\pwml_recovery_sprint\evidence\g11\C-105\06-smoke.json
ok   C:\Users\Angad\Desktop\SummerBIOIN\Project14-T2PW\docs\pwml_recovery_sprint\evidence\g11\C-105\07-gold-readers.json
ok   C:\Users\Angad\Desktop\SummerBIOIN\Project14-T2PW\docs\pwml_recovery_sprint\evidence\g11\C-105\08-r2-tip-focused.json
ok   C:\Users\Angad\Desktop\SummerBIOIN\Project14-T2PW\docs\pwml_recovery_sprint\evidence\g11\C-105\09-r2-base-focused.json
ok   C:\Users\Angad\Desktop\SummerBIOIN\Project14-T2PW\docs\pwml_recovery_sprint\evidence\g11\C-105\10-r2-mutation.json
ok   C:\Users\Angad\Desktop\SummerBIOIN\Project14-T2PW\docs\pwml_recovery_sprint\evidence\g11\C-105\11-r2-affected-seam.json
ok   C:\Users\Angad\Desktop\SummerBIOIN\Project14-T2PW\docs\pwml_recovery_sprint\evidence\g11\C-105\12-r2-chunk-c.json
ok   C:\Users\Angad\Desktop\SummerBIOIN\Project14-T2PW\docs\pwml_recovery_sprint\evidence\g11\C-105\13-r2-smoke.json
ok   C:\Users\Angad\Desktop\SummerBIOIN\Project14-T2PW\docs\pwml_recovery_sprint\evidence\g11\C-105\14-r2-gold-readers.json
ok   C:\Users\Angad\Desktop\SummerBIOIN\Project14-T2PW\docs\pwml_recovery_sprint\evidence\g11\C-105\15-r3-tip-focused.json
ok   C:\Users\Angad\Desktop\SummerBIOIN\Project14-T2PW\docs\pwml_recovery_sprint\evidence\g11\C-105\16-r3-base-focused.json
ok   C:\Users\Angad\Desktop\SummerBIOIN\Project14-T2PW\docs\pwml_recovery_sprint\evidence\g11\C-105\17-r3-mutation.json
ok   C:\Users\Angad\Desktop\SummerBIOIN\Project14-T2PW\docs\pwml_recovery_sprint\evidence\g11\C-105\18-r3-affected-seam.json
ok   C:\Users\Angad\Desktop\SummerBIOIN\Project14-T2PW\docs\pwml_recovery_sprint\evidence\g11\C-105\19-r3-chunk-c.json
ok   C:\Users\Angad\Desktop\SummerBIOIN\Project14-T2PW\docs\pwml_recovery_sprint\evidence\g11\C-105\20-r3-smoke.json
ok   C:\Users\Angad\Desktop\SummerBIOIN\Project14-T2PW\docs\pwml_recovery_sprint\evidence\g11\C-105\21-r3-gold-readers.json
ok   C:\Users\Angad\Desktop\SummerBIOIN\Project14-T2PW\docs\pwml_recovery_sprint\evidence\g11\C-105\22-r4-tip-focused.json
ok   C:\Users\Angad\Desktop\SummerBIOIN\Project14-T2PW\docs\pwml_recovery_sprint\evidence\g11\C-105\23-r4-base-focused.json
ok   C:\Users\Angad\Desktop\SummerBIOIN\Project14-T2PW\docs\pwml_recovery_sprint\evidence\g11\C-105\24-r4-mutation.json
ok   C:\Users\Angad\Desktop\SummerBIOIN\Project14-T2PW\docs\pwml_recovery_sprint\evidence\g11\C-105\25-r4-affected-seam.json
ok   C:\Users\Angad\Desktop\SummerBIOIN\Project14-T2PW\docs\pwml_recovery_sprint\evidence\g11\C-105\26-r4-chunk-c.json
ok   C:\Users\Angad\Desktop\SummerBIOIN\Project14-T2PW\docs\pwml_recovery_sprint\evidence\g11\C-105\27-r4-smoke.json
ok   C:\Users\Angad\Desktop\SummerBIOIN\Project14-T2PW\docs\pwml_recovery_sprint\evidence\g11\C-105\28-r4-gold-readers.json
ok   C:\Users\Angad\Desktop\SummerBIOIN\Project14-T2PW\docs\pwml_recovery_sprint\evidence\g11\F-092\01-replay-classify.json
ok   C:\Users\Angad\Desktop\SummerBIOIN\Project14-T2PW\docs\pwml_recovery_sprint\evidence\g11\F-092\02-pin-test.json
ok   C:\Users\Angad\Desktop\SummerBIOIN\Project14-T2PW\docs\pwml_recovery_sprint\evidence\g11\F-094\01-reopen-probe.json
ok   C:\Users\Angad\Desktop\SummerBIOIN\Project14-T2PW\docs\pwml_recovery_sprint\evidence\g11\F-094\02-reopen-probe2.json
ok   C:\Users\Angad\Desktop\SummerBIOIN\Project14-T2PW\docs\pwml_recovery_sprint\evidence\g11\F-099\01-blastradius.json
ok   C:\Users\Angad\Desktop\SummerBIOIN\Project14-T2PW\docs\pwml_recovery_sprint\evidence\g11\F-099\02-seamdetail.json
ok   C:\Users\Angad\Desktop\SummerBIOIN\Project14-T2PW\docs\pwml_recovery_sprint\evidence\g11\F-099\03-dblive.json
ok   C:\Users\Angad\Desktop\SummerBIOIN\Project14-T2PW\docs\pwml_recovery_sprint\evidence\g11\F-106\01-replay-identity-support.json
ok   C:\Users\Angad\Desktop\SummerBIOIN\Project14-T2PW\docs\pwml_recovery_sprint\evidence\g11\F-106\02-replay-identity-support-r2.json
ok   C:\Users\Angad\Desktop\SummerBIOIN\Project14-T2PW\docs\pwml_recovery_sprint\evidence\g11\F-106\03-replay-identity-support-r3.json
ok   C:\Users\Angad\Desktop\SummerBIOIN\Project14-T2PW\docs\pwml_recovery_sprint\evidence\g11\F-106\04-fabricated-mark-probe.json
ok   C:\Users\Angad\Desktop\SummerBIOIN\Project14-T2PW\docs\pwml_recovery_sprint\evidence\g11\H-004\01-selftest.json
ok   C:\Users\Angad\Desktop\SummerBIOIN\Project14-T2PW\docs\pwml_recovery_sprint\evidence\g11\H-004\02-smoke.json
ok   C:\Users\Angad\Desktop\SummerBIOIN\Project14-T2PW\docs\pwml_recovery_sprint\evidence\g11\H-004\03-smoke.json
ok   C:\Users\Angad\Desktop\SummerBIOIN\Project14-T2PW\docs\pwml_recovery_sprint\evidence\g11\H-005\01-probe-prefix.json
ok   C:\Users\Angad\Desktop\SummerBIOIN\Project14-T2PW\docs\pwml_recovery_sprint\evidence\g11\H-005\02-probe-corrected.json
ok   C:\Users\Angad\Desktop\SummerBIOIN\Project14-T2PW\docs\pwml_recovery_sprint\evidence\g11\H-005\03-probe-selfcheck.json
ok   C:\Users\Angad\Desktop\SummerBIOIN\Project14-T2PW\docs\pwml_recovery_sprint\evidence\g11\H-005\04-chunk-e.json
ok   C:\Users\Angad\Desktop\SummerBIOIN\Project14-T2PW\docs\pwml_recovery_sprint\evidence\g11\H-005\05-chunk-e.json
ok   C:\Users\Angad\Desktop\SummerBIOIN\Project14-T2PW\docs\pwml_recovery_sprint\evidence\g11\H-005\06-manifest-derivation.json
ok   C:\Users\Angad\Desktop\SummerBIOIN\Project14-T2PW\docs\pwml_recovery_sprint\evidence\g11\H-005\07-probe-final.json
ok   C:\Users\Angad\Desktop\SummerBIOIN\Project14-T2PW\docs\pwml_recovery_sprint\evidence\g11\H-005\08-selfcheck-final.json
ok   C:\Users\Angad\Desktop\SummerBIOIN\Project14-T2PW\docs\pwml_recovery_sprint\evidence\g11\H-005\09-selfcheck-anchor.json
ok   C:\Users\Angad\Desktop\SummerBIOIN\Project14-T2PW\docs\pwml_recovery_sprint\evidence\g11\H-005\10-lineage-failure-exit.json
ok   C:\Users\Angad\Desktop\SummerBIOIN\Project14-T2PW\docs\pwml_recovery_sprint\evidence\g11\H-005\11-probe-anchor.json
ok   C:\Users\Angad\Desktop\SummerBIOIN\Project14-T2PW\docs\pwml_recovery_sprint\evidence\g11\H-005\12-alas2-finding.json
ok   C:\Users\Angad\Desktop\SummerBIOIN\Project14-T2PW\docs\pwml_recovery_sprint\evidence\g11\H-005\13-chunk-e-final.json
ok   C:\Users\Angad\Desktop\SummerBIOIN\Project14-T2PW\docs\pwml_recovery_sprint\evidence\g11\H-006\01-selftest.json
ok   C:\Users\Angad\Desktop\SummerBIOIN\Project14-T2PW\docs\pwml_recovery_sprint\evidence\g11\H-006\02-selftest.json
ok   C:\Users\Angad\Desktop\SummerBIOIN\Project14-T2PW\docs\pwml_recovery_sprint\evidence\g11\H-006\03-g11-spec-selftest.json
ok   C:\Users\Angad\Desktop\SummerBIOIN\Project14-T2PW\docs\pwml_recovery_sprint\evidence\g11\H-006\04-selftest.json
ok   C:\Users\Angad\Desktop\SummerBIOIN\Project14-T2PW\docs\pwml_recovery_sprint\evidence\g11\H-006\05-selftest-final.json
ok   C:\Users\Angad\Desktop\SummerBIOIN\Project14-T2PW\docs\pwml_recovery_sprint\evidence\g11\H-006\06-g11-spec-selftest-final.json
ok   C:\Users\Angad\Desktop\SummerBIOIN\Project14-T2PW\docs\pwml_recovery_sprint\evidence\g11\H-006\07-base-sha-proof.json
ok   C:\Users\Angad\Desktop\SummerBIOIN\Project14-T2PW\docs\pwml_recovery_sprint\evidence\g11\H-006\08-smoke.json
ok   C:\Users\Angad\Desktop\SummerBIOIN\Project14-T2PW\docs\pwml_recovery_sprint\evidence\g11\H-006\09-smoke-diagnosis.json
ok   C:\Users\Angad\Desktop\SummerBIOIN\Project14-T2PW\docs\pwml_recovery_sprint\evidence\g11\H-006\10-smoke-final.json
ok   C:\Users\Angad\Desktop\SummerBIOIN\Project14-T2PW\docs\pwml_recovery_sprint\evidence\g11\H-007\00-outer-collect.json
ok   C:\Users\Angad\Desktop\SummerBIOIN\Project14-T2PW\docs\pwml_recovery_sprint\evidence\g11\H-007\01-collect-mono.json
ok   C:\Users\Angad\Desktop\SummerBIOIN\Project14-T2PW\docs\pwml_recovery_sprint\evidence\g11\H-007\02-collect-core.json
ok   C:\Users\Angad\Desktop\SummerBIOIN\Project14-T2PW\docs\pwml_recovery_sprint\evidence\g11\H-007\03-collect-s8.json
ok   C:\Users\Angad\Desktop\SummerBIOIN\Project14-T2PW\docs\pwml_recovery_sprint\evidence\g11\H-007\04-collect-qb.json
ok   C:\Users\Angad\Desktop\SummerBIOIN\Project14-T2PW\docs\pwml_recovery_sprint\evidence\g11\H-007\05-g11-selftest.json
ok   C:\Users\Angad\Desktop\SummerBIOIN\Project14-T2PW\docs\pwml_recovery_sprint\evidence\g11\H-007\06-mono.json
ok   C:\Users\Angad\Desktop\SummerBIOIN\Project14-T2PW\docs\pwml_recovery_sprint\evidence\g11\H-007\07-core.json
ok   C:\Users\Angad\Desktop\SummerBIOIN\Project14-T2PW\docs\pwml_recovery_sprint\evidence\g11\H-007\08-s8.json
ok   C:\Users\Angad\Desktop\SummerBIOIN\Project14-T2PW\docs\pwml_recovery_sprint\evidence\g11\H-007\09-qb.json
ok   C:\Users\Angad\Desktop\SummerBIOIN\Project14-T2PW\docs\pwml_recovery_sprint\evidence\g11\H-007\10-node00.json
ok   C:\Users\Angad\Desktop\SummerBIOIN\Project14-T2PW\docs\pwml_recovery_sprint\evidence\g11\H-007\100-g2base-node15.json
ok   C:\Users\Angad\Desktop\SummerBIOIN\Project14-T2PW\docs\pwml_recovery_sprint\evidence\g11\H-007\101-g2base-node16.json
ok   C:\Users\Angad\Desktop\SummerBIOIN\Project14-T2PW\docs\pwml_recovery_sprint\evidence\g11\H-007\102-g2base-node17.json
ok   C:\Users\Angad\Desktop\SummerBIOIN\Project14-T2PW\docs\pwml_recovery_sprint\evidence\g11\H-007\103-g2base-node18.json
ok   C:\Users\Angad\Desktop\SummerBIOIN\Project14-T2PW\docs\pwml_recovery_sprint\evidence\g11\H-007\104-g2base-node19.json
ok   C:\Users\Angad\Desktop\SummerBIOIN\Project14-T2PW\docs\pwml_recovery_sprint\evidence\g11\H-007\105-g2base-node20.json
ok   C:\Users\Angad\Desktop\SummerBIOIN\Project14-T2PW\docs\pwml_recovery_sprint\evidence\g11\H-007\106-g2base-node21.json
ok   C:\Users\Angad\Desktop\SummerBIOIN\Project14-T2PW\docs\pwml_recovery_sprint\evidence\g11\H-007\107-g2base-node22.json
ok   C:\Users\Angad\Desktop\SummerBIOIN\Project14-T2PW\docs\pwml_recovery_sprint\evidence\g11\H-007\108-g2base-node23.json
ok   C:\Users\Angad\Desktop\SummerBIOIN\Project14-T2PW\docs\pwml_recovery_sprint\evidence\g11\H-007\109-g2base-node24.json
ok   C:\Users\Angad\Desktop\SummerBIOIN\Project14-T2PW\docs\pwml_recovery_sprint\evidence\g11\H-007\11-node01.json
ok   C:\Users\Angad\Desktop\SummerBIOIN\Project14-T2PW\docs\pwml_recovery_sprint\evidence\g11\H-007\110-g2base-node25.json
ok   C:\Users\Angad\Desktop\SummerBIOIN\Project14-T2PW\docs\pwml_recovery_sprint\evidence\g11\H-007\111-g2base-node26.json
ok   C:\Users\Angad\Desktop\SummerBIOIN\Project14-T2PW\docs\pwml_recovery_sprint\evidence\g11\H-007\112-g3base-outer.json
ok   C:\Users\Angad\Desktop\SummerBIOIN\Project14-T2PW\docs\pwml_recovery_sprint\evidence\g11\H-007\113-g3base-mono.json
ok   C:\Users\Angad\Desktop\SummerBIOIN\Project14-T2PW\docs\pwml_recovery_sprint\evidence\g11\H-007\114-g3base-core.json
ok   C:\Users\Angad\Desktop\SummerBIOIN\Project14-T2PW\docs\pwml_recovery_sprint\evidence\g11\H-007\115-g3base-s8.json
ok   C:\Users\Angad\Desktop\SummerBIOIN\Project14-T2PW\docs\pwml_recovery_sprint\evidence\g11\H-007\116-g3base-qb.json
ok   C:\Users\Angad\Desktop\SummerBIOIN\Project14-T2PW\docs\pwml_recovery_sprint\evidence\g11\H-007\117-g3base-run-core.json
ok   C:\Users\Angad\Desktop\SummerBIOIN\Project14-T2PW\docs\pwml_recovery_sprint\evidence\g11\H-007\118-g3base-node00.json
ok   C:\Users\Angad\Desktop\SummerBIOIN\Project14-T2PW\docs\pwml_recovery_sprint\evidence\g11\H-007\119-g3base-node01.json
ok   C:\Users\Angad\Desktop\SummerBIOIN\Project14-T2PW\docs\pwml_recovery_sprint\evidence\g11\H-007\12-node02.json
ok   C:\Users\Angad\Desktop\SummerBIOIN\Project14-T2PW\docs\pwml_recovery_sprint\evidence\g11\H-007\120-g3base-node02.json
ok   C:\Users\Angad\Desktop\SummerBIOIN\Project14-T2PW\docs\pwml_recovery_sprint\evidence\g11\H-007\121-g3base-node03.json
ok   C:\Users\Angad\Desktop\SummerBIOIN\Project14-T2PW\docs\pwml_recovery_sprint\evidence\g11\H-007\122-g3base-node04.json
ok   C:\Users\Angad\Desktop\SummerBIOIN\Project14-T2PW\docs\pwml_recovery_sprint\evidence\g11\H-007\123-g3base-node05.json
ok   C:\Users\Angad\Desktop\SummerBIOIN\Project14-T2PW\docs\pwml_recovery_sprint\evidence\g11\H-007\124-g3base-node06.json
ok   C:\Users\Angad\Desktop\SummerBIOIN\Project14-T2PW\docs\pwml_recovery_sprint\evidence\g11\H-007\125-g3base-node07.json
ok   C:\Users\Angad\Desktop\SummerBIOIN\Project14-T2PW\docs\pwml_recovery_sprint\evidence\g11\H-007\126-g3base-node08.json
ok   C:\Users\Angad\Desktop\SummerBIOIN\Project14-T2PW\docs\pwml_recovery_sprint\evidence\g11\H-007\127-g3base-node09.json
ok   C:\Users\Angad\Desktop\SummerBIOIN\Project14-T2PW\docs\pwml_recovery_sprint\evidence\g11\H-007\128-g3base-node10.json
ok   C:\Users\Angad\Desktop\SummerBIOIN\Project14-T2PW\docs\pwml_recovery_sprint\evidence\g11\H-007\129-g3base-node11.json
ok   C:\Users\Angad\Desktop\SummerBIOIN\Project14-T2PW\docs\pwml_recovery_sprint\evidence\g11\H-007\13-node03.json
ok   C:\Users\Angad\Desktop\SummerBIOIN\Project14-T2PW\docs\pwml_recovery_sprint\evidence\g11\H-007\130-g3base-node12.json
ok   C:\Users\Angad\Desktop\SummerBIOIN\Project14-T2PW\docs\pwml_recovery_sprint\evidence\g11\H-007\131-g3base-node13.json
ok   C:\Users\Angad\Desktop\SummerBIOIN\Project14-T2PW\docs\pwml_recovery_sprint\evidence\g11\H-007\132-g3base-node14.json
ok   C:\Users\Angad\Desktop\SummerBIOIN\Project14-T2PW\docs\pwml_recovery_sprint\evidence\g11\H-007\133-g3base-node15.json
ok   C:\Users\Angad\Desktop\SummerBIOIN\Project14-T2PW\docs\pwml_recovery_sprint\evidence\g11\H-007\134-g3base-node16.json
ok   C:\Users\Angad\Desktop\SummerBIOIN\Project14-T2PW\docs\pwml_recovery_sprint\evidence\g11\H-007\135-g3base-node17.json
ok   C:\Users\Angad\Desktop\SummerBIOIN\Project14-T2PW\docs\pwml_recovery_sprint\evidence\g11\H-007\136-g3base-node18.json
ok   C:\Users\Angad\Desktop\SummerBIOIN\Project14-T2PW\docs\pwml_recovery_sprint\evidence\g11\H-007\137-g3base-node19.json
ok   C:\Users\Angad\Desktop\SummerBIOIN\Project14-T2PW\docs\pwml_recovery_sprint\evidence\g11\H-007\138-g3base-node20.json
ok   C:\Users\Angad\Desktop\SummerBIOIN\Project14-T2PW\docs\pwml_recovery_sprint\evidence\g11\H-007\139-g3base-node21.json
ok   C:\Users\Angad\Desktop\SummerBIOIN\Project14-T2PW\docs\pwml_recovery_sprint\evidence\g11\H-007\140-g3base-node22.json
ok   C:\Users\Angad\Desktop\SummerBIOIN\Project14-T2PW\docs\pwml_recovery_sprint\evidence\g11\H-007\141-g3base-node23.json
ok   C:\Users\Angad\Desktop\SummerBIOIN\Project14-T2PW\docs\pwml_recovery_sprint\evidence\g11\H-007\142-g3base-node24.json
ok   C:\Users\Angad\Desktop\SummerBIOIN\Project14-T2PW\docs\pwml_recovery_sprint\evidence\g11\H-007\143-g3base-node25.json
ok   C:\Users\Angad\Desktop\SummerBIOIN\Project14-T2PW\docs\pwml_recovery_sprint\evidence\g11\H-007\144-g3base-node26.json
ok   C:\Users\Angad\Desktop\SummerBIOIN\Project14-T2PW\docs\pwml_recovery_sprint\evidence\g11\H-007\145-g4cand-outer.json
ok   C:\Users\Angad\Desktop\SummerBIOIN\Project14-T2PW\docs\pwml_recovery_sprint\evidence\g11\H-007\146-g4cand-mono.json
ok   C:\Users\Angad\Desktop\SummerBIOIN\Project14-T2PW\docs\pwml_recovery_sprint\evidence\g11\H-007\147-g4cand-core.json
ok   C:\Users\Angad\Desktop\SummerBIOIN\Project14-T2PW\docs\pwml_recovery_sprint\evidence\g11\H-007\148-g4cand-s8.json
ok   C:\Users\Angad\Desktop\SummerBIOIN\Project14-T2PW\docs\pwml_recovery_sprint\evidence\g11\H-007\149-g4cand-qb.json
ok   C:\Users\Angad\Desktop\SummerBIOIN\Project14-T2PW\docs\pwml_recovery_sprint\evidence\g11\H-007\15-base1-mono.json
ok   C:\Users\Angad\Desktop\SummerBIOIN\Project14-T2PW\docs\pwml_recovery_sprint\evidence\g11\H-007\150-g4cand-run-core.json
ok   C:\Users\Angad\Desktop\SummerBIOIN\Project14-T2PW\docs\pwml_recovery_sprint\evidence\g11\H-007\151-g4cand-node00.json
ok   C:\Users\Angad\Desktop\SummerBIOIN\Project14-T2PW\docs\pwml_recovery_sprint\evidence\g11\H-007\152-g4cand-node01.json
ok   C:\Users\Angad\Desktop\SummerBIOIN\Project14-T2PW\docs\pwml_recovery_sprint\evidence\g11\H-007\153-g4cand-node02.json
ok   C:\Users\Angad\Desktop\SummerBIOIN\Project14-T2PW\docs\pwml_recovery_sprint\evidence\g11\H-007\154-g4cand-node03.json
ok   C:\Users\Angad\Desktop\SummerBIOIN\Project14-T2PW\docs\pwml_recovery_sprint\evidence\g11\H-007\155-g4cand-node04.json
ok   C:\Users\Angad\Desktop\SummerBIOIN\Project14-T2PW\docs\pwml_recovery_sprint\evidence\g11\H-007\156-g4cand-node05.json
ok   C:\Users\Angad\Desktop\SummerBIOIN\Project14-T2PW\docs\pwml_recovery_sprint\evidence\g11\H-007\157-g4cand-node06.json
ok   C:\Users\Angad\Desktop\SummerBIOIN\Project14-T2PW\docs\pwml_recovery_sprint\evidence\g11\H-007\158-g4cand-node07.json
ok   C:\Users\Angad\Desktop\SummerBIOIN\Project14-T2PW\docs\pwml_recovery_sprint\evidence\g11\H-007\159-g4cand-node08.json
ok   C:\Users\Angad\Desktop\SummerBIOIN\Project14-T2PW\docs\pwml_recovery_sprint\evidence\g11\H-007\16-base1-core.json
ok   C:\Users\Angad\Desktop\SummerBIOIN\Project14-T2PW\docs\pwml_recovery_sprint\evidence\g11\H-007\160-g4cand-node09.json
ok   C:\Users\Angad\Desktop\SummerBIOIN\Project14-T2PW\docs\pwml_recovery_sprint\evidence\g11\H-007\161-g4cand-node10.json
ok   C:\Users\Angad\Desktop\SummerBIOIN\Project14-T2PW\docs\pwml_recovery_sprint\evidence\g11\H-007\162-g4cand-node11.json
ok   C:\Users\Angad\Desktop\SummerBIOIN\Project14-T2PW\docs\pwml_recovery_sprint\evidence\g11\H-007\163-g4cand-node12.json
ok   C:\Users\Angad\Desktop\SummerBIOIN\Project14-T2PW\docs\pwml_recovery_sprint\evidence\g11\H-007\164-g4cand-node13.json
ok   C:\Users\Angad\Desktop\SummerBIOIN\Project14-T2PW\docs\pwml_recovery_sprint\evidence\g11\H-007\165-g4cand-node14.json
ok   C:\Users\Angad\Desktop\SummerBIOIN\Project14-T2PW\docs\pwml_recovery_sprint\evidence\g11\H-007\166-g4cand-node15.json
ok   C:\Users\Angad\Desktop\SummerBIOIN\Project14-T2PW\docs\pwml_recovery_sprint\evidence\g11\H-007\167-g4cand-node16.json
ok   C:\Users\Angad\Desktop\SummerBIOIN\Project14-T2PW\docs\pwml_recovery_sprint\evidence\g11\H-007\168-g4cand-node17.json
ok   C:\Users\Angad\Desktop\SummerBIOIN\Project14-T2PW\docs\pwml_recovery_sprint\evidence\g11\H-007\169-g4cand-node18.json
ok   C:\Users\Angad\Desktop\SummerBIOIN\Project14-T2PW\docs\pwml_recovery_sprint\evidence\g11\H-007\17-base1-s8.json
ok   C:\Users\Angad\Desktop\SummerBIOIN\Project14-T2PW\docs\pwml_recovery_sprint\evidence\g11\H-007\170-g4cand-node19.json
ok   C:\Users\Angad\Desktop\SummerBIOIN\Project14-T2PW\docs\pwml_recovery_sprint\evidence\g11\H-007\171-g4cand-node20.json
ok   C:\Users\Angad\Desktop\SummerBIOIN\Project14-T2PW\docs\pwml_recovery_sprint\evidence\g11\H-007\172-g4cand-node21.json
ok   C:\Users\Angad\Desktop\SummerBIOIN\Project14-T2PW\docs\pwml_recovery_sprint\evidence\g11\H-007\173-g4cand-node22.json
ok   C:\Users\Angad\Desktop\SummerBIOIN\Project14-T2PW\docs\pwml_recovery_sprint\evidence\g11\H-007\174-g4cand-node23.json
ok   C:\Users\Angad\Desktop\SummerBIOIN\Project14-T2PW\docs\pwml_recovery_sprint\evidence\g11\H-007\175-g4cand-node24.json
ok   C:\Users\Angad\Desktop\SummerBIOIN\Project14-T2PW\docs\pwml_recovery_sprint\evidence\g11\H-007\176-g4cand-node25.json
ok   C:\Users\Angad\Desktop\SummerBIOIN\Project14-T2PW\docs\pwml_recovery_sprint\evidence\g11\H-007\177-g4cand-node26.json
ok   C:\Users\Angad\Desktop\SummerBIOIN\Project14-T2PW\docs\pwml_recovery_sprint\evidence\g11\H-007\178-g5cand-outer.json
ok   C:\Users\Angad\Desktop\SummerBIOIN\Project14-T2PW\docs\pwml_recovery_sprint\evidence\g11\H-007\179-g5cand-mono.json
ok   C:\Users\Angad\Desktop\SummerBIOIN\Project14-T2PW\docs\pwml_recovery_sprint\evidence\g11\H-007\18-base1-qb.json
ok   C:\Users\Angad\Desktop\SummerBIOIN\Project14-T2PW\docs\pwml_recovery_sprint\evidence\g11\H-007\180-g5cand-core.json
ok   C:\Users\Angad\Desktop\SummerBIOIN\Project14-T2PW\docs\pwml_recovery_sprint\evidence\g11\H-007\181-g5cand-s8.json
ok   C:\Users\Angad\Desktop\SummerBIOIN\Project14-T2PW\docs\pwml_recovery_sprint\evidence\g11\H-007\182-g5cand-qb.json
ok   C:\Users\Angad\Desktop\SummerBIOIN\Project14-T2PW\docs\pwml_recovery_sprint\evidence\g11\H-007\183-g5cand-run-core.json
ok   C:\Users\Angad\Desktop\SummerBIOIN\Project14-T2PW\docs\pwml_recovery_sprint\evidence\g11\H-007\184-g5cand-node00.json
ok   C:\Users\Angad\Desktop\SummerBIOIN\Project14-T2PW\docs\pwml_recovery_sprint\evidence\g11\H-007\185-g5cand-node01.json
ok   C:\Users\Angad\Desktop\SummerBIOIN\Project14-T2PW\docs\pwml_recovery_sprint\evidence\g11\H-007\186-g5cand-node02.json
ok   C:\Users\Angad\Desktop\SummerBIOIN\Project14-T2PW\docs\pwml_recovery_sprint\evidence\g11\H-007\187-g5cand-node03.json
ok   C:\Users\Angad\Desktop\SummerBIOIN\Project14-T2PW\docs\pwml_recovery_sprint\evidence\g11\H-007\188-g5cand-node04.json
ok   C:\Users\Angad\Desktop\SummerBIOIN\Project14-T2PW\docs\pwml_recovery_sprint\evidence\g11\H-007\189-g5cand-node05.json
ok   C:\Users\Angad\Desktop\SummerBIOIN\Project14-T2PW\docs\pwml_recovery_sprint\evidence\g11\H-007\19-base1-run-core.json
ok   C:\Users\Angad\Desktop\SummerBIOIN\Project14-T2PW\docs\pwml_recovery_sprint\evidence\g11\H-007\190-g5cand-node06.json
ok   C:\Users\Angad\Desktop\SummerBIOIN\Project14-T2PW\docs\pwml_recovery_sprint\evidence\g11\H-007\191-g5cand-node07.json
ok   C:\Users\Angad\Desktop\SummerBIOIN\Project14-T2PW\docs\pwml_recovery_sprint\evidence\g11\H-007\192-g5cand-node08.json
ok   C:\Users\Angad\Desktop\SummerBIOIN\Project14-T2PW\docs\pwml_recovery_sprint\evidence\g11\H-007\193-g5cand-node09.json
ok   C:\Users\Angad\Desktop\SummerBIOIN\Project14-T2PW\docs\pwml_recovery_sprint\evidence\g11\H-007\194-g5cand-node10.json
ok   C:\Users\Angad\Desktop\SummerBIOIN\Project14-T2PW\docs\pwml_recovery_sprint\evidence\g11\H-007\195-g5cand-node11.json
ok   C:\Users\Angad\Desktop\SummerBIOIN\Project14-T2PW\docs\pwml_recovery_sprint\evidence\g11\H-007\196-g5cand-node12.json
ok   C:\Users\Angad\Desktop\SummerBIOIN\Project14-T2PW\docs\pwml_recovery_sprint\evidence\g11\H-007\197-g5cand-node13.json
ok   C:\Users\Angad\Desktop\SummerBIOIN\Project14-T2PW\docs\pwml_recovery_sprint\evidence\g11\H-007\198-g5cand-node14.json
ok   C:\Users\Angad\Desktop\SummerBIOIN\Project14-T2PW\docs\pwml_recovery_sprint\evidence\g11\H-007\199-g5cand-node15.json
ok   C:\Users\Angad\Desktop\SummerBIOIN\Project14-T2PW\docs\pwml_recovery_sprint\evidence\g11\H-007\20-base1-node00.json
ok   C:\Users\Angad\Desktop\SummerBIOIN\Project14-T2PW\docs\pwml_recovery_sprint\evidence\g11\H-007\200-g5cand-node16.json
ok   C:\Users\Angad\Desktop\SummerBIOIN\Project14-T2PW\docs\pwml_recovery_sprint\evidence\g11\H-007\201-g5cand-node17.json
ok   C:\Users\Angad\Desktop\SummerBIOIN\Project14-T2PW\docs\pwml_recovery_sprint\evidence\g11\H-007\202-g5cand-node18.json
ok   C:\Users\Angad\Desktop\SummerBIOIN\Project14-T2PW\docs\pwml_recovery_sprint\evidence\g11\H-007\203-g5cand-node19.json
ok   C:\Users\Angad\Desktop\SummerBIOIN\Project14-T2PW\docs\pwml_recovery_sprint\evidence\g11\H-007\204-g5cand-node20.json
ok   C:\Users\Angad\Desktop\SummerBIOIN\Project14-T2PW\docs\pwml_recovery_sprint\evidence\g11\H-007\205-g5cand-node21.json
ok   C:\Users\Angad\Desktop\SummerBIOIN\Project14-T2PW\docs\pwml_recovery_sprint\evidence\g11\H-007\206-g5cand-node22.json
ok   C:\Users\Angad\Desktop\SummerBIOIN\Project14-T2PW\docs\pwml_recovery_sprint\evidence\g11\H-007\207-g5cand-node23.json
ok   C:\Users\Angad\Desktop\SummerBIOIN\Project14-T2PW\docs\pwml_recovery_sprint\evidence\g11\H-007\208-g5cand-node24.json
ok   C:\Users\Angad\Desktop\SummerBIOIN\Project14-T2PW\docs\pwml_recovery_sprint\evidence\g11\H-007\209-g5cand-node25.json
ok   C:\Users\Angad\Desktop\SummerBIOIN\Project14-T2PW\docs\pwml_recovery_sprint\evidence\g11\H-007\21-base1-node01.json
ok   C:\Users\Angad\Desktop\SummerBIOIN\Project14-T2PW\docs\pwml_recovery_sprint\evidence\g11\H-007\210-g5cand-node26.json
ok   C:\Users\Angad\Desktop\SummerBIOIN\Project14-T2PW\docs\pwml_recovery_sprint\evidence\g11\H-007\211-g6cand-outer.json
ok   C:\Users\Angad\Desktop\SummerBIOIN\Project14-T2PW\docs\pwml_recovery_sprint\evidence\g11\H-007\212-g6cand-mono.json
ok   C:\Users\Angad\Desktop\SummerBIOIN\Project14-T2PW\docs\pwml_recovery_sprint\evidence\g11\H-007\213-g6cand-core.json
ok   C:\Users\Angad\Desktop\SummerBIOIN\Project14-T2PW\docs\pwml_recovery_sprint\evidence\g11\H-007\214-g6cand-s8.json
ok   C:\Users\Angad\Desktop\SummerBIOIN\Project14-T2PW\docs\pwml_recovery_sprint\evidence\g11\H-007\215-g6cand-qb.json
ok   C:\Users\Angad\Desktop\SummerBIOIN\Project14-T2PW\docs\pwml_recovery_sprint\evidence\g11\H-007\216-g6cand-run-core.json
ok   C:\Users\Angad\Desktop\SummerBIOIN\Project14-T2PW\docs\pwml_recovery_sprint\evidence\g11\H-007\217-g6cand-node00.json
ok   C:\Users\Angad\Desktop\SummerBIOIN\Project14-T2PW\docs\pwml_recovery_sprint\evidence\g11\H-007\218-g6cand-node01.json
ok   C:\Users\Angad\Desktop\SummerBIOIN\Project14-T2PW\docs\pwml_recovery_sprint\evidence\g11\H-007\219-g6cand-node02.json
ok   C:\Users\Angad\Desktop\SummerBIOIN\Project14-T2PW\docs\pwml_recovery_sprint\evidence\g11\H-007\22-base1-node02.json
ok   C:\Users\Angad\Desktop\SummerBIOIN\Project14-T2PW\docs\pwml_recovery_sprint\evidence\g11\H-007\220-g6cand-node03.json
ok   C:\Users\Angad\Desktop\SummerBIOIN\Project14-T2PW\docs\pwml_recovery_sprint\evidence\g11\H-007\221-g6cand-node04.json
ok   C:\Users\Angad\Desktop\SummerBIOIN\Project14-T2PW\docs\pwml_recovery_sprint\evidence\g11\H-007\222-g6cand-node05.json
ok   C:\Users\Angad\Desktop\SummerBIOIN\Project14-T2PW\docs\pwml_recovery_sprint\evidence\g11\H-007\223-g6cand-node06.json
ok   C:\Users\Angad\Desktop\SummerBIOIN\Project14-T2PW\docs\pwml_recovery_sprint\evidence\g11\H-007\224-g6cand-node07.json
ok   C:\Users\Angad\Desktop\SummerBIOIN\Project14-T2PW\docs\pwml_recovery_sprint\evidence\g11\H-007\225-g6cand-node08.json
ok   C:\Users\Angad\Desktop\SummerBIOIN\Project14-T2PW\docs\pwml_recovery_sprint\evidence\g11\H-007\226-g6cand-node09.json
ok   C:\Users\Angad\Desktop\SummerBIOIN\Project14-T2PW\docs\pwml_recovery_sprint\evidence\g11\H-007\227-g6cand-node10.json
ok   C:\Users\Angad\Desktop\SummerBIOIN\Project14-T2PW\docs\pwml_recovery_sprint\evidence\g11\H-007\228-g6cand-node11.json
ok   C:\Users\Angad\Desktop\SummerBIOIN\Project14-T2PW\docs\pwml_recovery_sprint\evidence\g11\H-007\229-g6cand-node12.json
ok   C:\Users\Angad\Desktop\SummerBIOIN\Project14-T2PW\docs\pwml_recovery_sprint\evidence\g11\H-007\23-base1-node03.json
ok   C:\Users\Angad\Desktop\SummerBIOIN\Project14-T2PW\docs\pwml_recovery_sprint\evidence\g11\H-007\230-g6cand-node13.json
ok   C:\Users\Angad\Desktop\SummerBIOIN\Project14-T2PW\docs\pwml_recovery_sprint\evidence\g11\H-007\231-g6cand-node14.json
ok   C:\Users\Angad\Desktop\SummerBIOIN\Project14-T2PW\docs\pwml_recovery_sprint\evidence\g11\H-007\232-g6cand-node15.json
ok   C:\Users\Angad\Desktop\SummerBIOIN\Project14-T2PW\docs\pwml_recovery_sprint\evidence\g11\H-007\233-g6cand-node16.json
ok   C:\Users\Angad\Desktop\SummerBIOIN\Project14-T2PW\docs\pwml_recovery_sprint\evidence\g11\H-007\234-g6cand-node17.json
ok   C:\Users\Angad\Desktop\SummerBIOIN\Project14-T2PW\docs\pwml_recovery_sprint\evidence\g11\H-007\235-g6cand-node18.json
ok   C:\Users\Angad\Desktop\SummerBIOIN\Project14-T2PW\docs\pwml_recovery_sprint\evidence\g11\H-007\236-g6cand-node19.json
ok   C:\Users\Angad\Desktop\SummerBIOIN\Project14-T2PW\docs\pwml_recovery_sprint\evidence\g11\H-007\237-g6cand-node20.json
ok   C:\Users\Angad\Desktop\SummerBIOIN\Project14-T2PW\docs\pwml_recovery_sprint\evidence\g11\H-007\238-g6cand-node21.json
ok   C:\Users\Angad\Desktop\SummerBIOIN\Project14-T2PW\docs\pwml_recovery_sprint\evidence\g11\H-007\239-g6cand-node22.json
ok   C:\Users\Angad\Desktop\SummerBIOIN\Project14-T2PW\docs\pwml_recovery_sprint\evidence\g11\H-007\24-base1-node04.json
ok   C:\Users\Angad\Desktop\SummerBIOIN\Project14-T2PW\docs\pwml_recovery_sprint\evidence\g11\H-007\240-g6cand-node23.json
ok   C:\Users\Angad\Desktop\SummerBIOIN\Project14-T2PW\docs\pwml_recovery_sprint\evidence\g11\H-007\241-g6cand-node24.json
ok   C:\Users\Angad\Desktop\SummerBIOIN\Project14-T2PW\docs\pwml_recovery_sprint\evidence\g11\H-007\242-g6cand-node25.json
ok   C:\Users\Angad\Desktop\SummerBIOIN\Project14-T2PW\docs\pwml_recovery_sprint\evidence\g11\H-007\243-g6cand-node26.json
ok   C:\Users\Angad\Desktop\SummerBIOIN\Project14-T2PW\docs\pwml_recovery_sprint\evidence\g11\H-007\244-d10base-1.json
ok   C:\Users\Angad\Desktop\SummerBIOIN\Project14-T2PW\docs\pwml_recovery_sprint\evidence\g11\H-007\245-d10base-2.json
ok   C:\Users\Angad\Desktop\SummerBIOIN\Project14-T2PW\docs\pwml_recovery_sprint\evidence\g11\H-007\246-d10base-3.json
ok   C:\Users\Angad\Desktop\SummerBIOIN\Project14-T2PW\docs\pwml_recovery_sprint\evidence\g11\H-007\247-d10cand-1.json
ok   C:\Users\Angad\Desktop\SummerBIOIN\Project14-T2PW\docs\pwml_recovery_sprint\evidence\g11\H-007\248-d10cand-2.json
ok   C:\Users\Angad\Desktop\SummerBIOIN\Project14-T2PW\docs\pwml_recovery_sprint\evidence\g11\H-007\249-d10cand-3.json
ok   C:\Users\Angad\Desktop\SummerBIOIN\Project14-T2PW\docs\pwml_recovery_sprint\evidence\g11\H-007\25-base1-node05.json
ok   C:\Users\Angad\Desktop\SummerBIOIN\Project14-T2PW\docs\pwml_recovery_sprint\evidence\g11\H-007\250-d11base-1.json
ok   C:\Users\Angad\Desktop\SummerBIOIN\Project14-T2PW\docs\pwml_recovery_sprint\evidence\g11\H-007\251-d11base-2.json
ok   C:\Users\Angad\Desktop\SummerBIOIN\Project14-T2PW\docs\pwml_recovery_sprint\evidence\g11\H-007\252-d11base-3.json
ok   C:\Users\Angad\Desktop\SummerBIOIN\Project14-T2PW\docs\pwml_recovery_sprint\evidence\g11\H-007\253-d11cand-1.json
ok   C:\Users\Angad\Desktop\SummerBIOIN\Project14-T2PW\docs\pwml_recovery_sprint\evidence\g11\H-007\254-d11cand-2.json
ok   C:\Users\Angad\Desktop\SummerBIOIN\Project14-T2PW\docs\pwml_recovery_sprint\evidence\g11\H-007\255-d11cand-3.json
ok   C:\Users\Angad\Desktop\SummerBIOIN\Project14-T2PW\docs\pwml_recovery_sprint\evidence\g11\H-007\256-d16base-1.json
ok   C:\Users\Angad\Desktop\SummerBIOIN\Project14-T2PW\docs\pwml_recovery_sprint\evidence\g11\H-007\257-d16base-2.json
ok   C:\Users\Angad\Desktop\SummerBIOIN\Project14-T2PW\docs\pwml_recovery_sprint\evidence\g11\H-007\258-d16base-3.json
ok   C:\Users\Angad\Desktop\SummerBIOIN\Project14-T2PW\docs\pwml_recovery_sprint\evidence\g11\H-007\259-d16cand-1.json
ok   C:\Users\Angad\Desktop\SummerBIOIN\Project14-T2PW\docs\pwml_recovery_sprint\evidence\g11\H-007\26-base1-node06.json
ok   C:\Users\Angad\Desktop\SummerBIOIN\Project14-T2PW\docs\pwml_recovery_sprint\evidence\g11\H-007\260-d16cand-2.json
ok   C:\Users\Angad\Desktop\SummerBIOIN\Project14-T2PW\docs\pwml_recovery_sprint\evidence\g11\H-007\261-d16cand-3.json
ok   C:\Users\Angad\Desktop\SummerBIOIN\Project14-T2PW\docs\pwml_recovery_sprint\evidence\g11\H-007\262-final-g11-selftest.json
ok   C:\Users\Angad\Desktop\SummerBIOIN\Project14-T2PW\docs\pwml_recovery_sprint\evidence\g11\H-007\263-final-chunkd-selftest.json
ok   C:\Users\Angad\Desktop\SummerBIOIN\Project14-T2PW\docs\pwml_recovery_sprint\evidence\g11\H-007\264-verify-g11.json
ok   C:\Users\Angad\Desktop\SummerBIOIN\Project14-T2PW\docs\pwml_recovery_sprint\evidence\g11\H-007\265-verify-chunkd.json
ok   C:\Users\Angad\Desktop\SummerBIOIN\Project14-T2PW\docs\pwml_recovery_sprint\evidence\g11\H-007\266-verify-smoke.json
ok   C:\Users\Angad\Desktop\SummerBIOIN\Project14-T2PW\docs\pwml_recovery_sprint\evidence\g11\H-007\27-base1-node07.json
ok   C:\Users\Angad\Desktop\SummerBIOIN\Project14-T2PW\docs\pwml_recovery_sprint\evidence\g11\H-007\28-base1-node08.json
ok   C:\Users\Angad\Desktop\SummerBIOIN\Project14-T2PW\docs\pwml_recovery_sprint\evidence\g11\H-007\29-base1-node09.json
ok   C:\Users\Angad\Desktop\SummerBIOIN\Project14-T2PW\docs\pwml_recovery_sprint\evidence\g11\H-007\30-base1-node10.json
ok   C:\Users\Angad\Desktop\SummerBIOIN\Project14-T2PW\docs\pwml_recovery_sprint\evidence\g11\H-007\31-base1-node11.json
ok   C:\Users\Angad\Desktop\SummerBIOIN\Project14-T2PW\docs\pwml_recovery_sprint\evidence\g11\H-007\32-base1-node12.json
ok   C:\Users\Angad\Desktop\SummerBIOIN\Project14-T2PW\docs\pwml_recovery_sprint\evidence\g11\H-007\33-base1-node13.json
ok   C:\Users\Angad\Desktop\SummerBIOIN\Project14-T2PW\docs\pwml_recovery_sprint\evidence\g11\H-007\34-base1-node14.json
ok   C:\Users\Angad\Desktop\SummerBIOIN\Project14-T2PW\docs\pwml_recovery_sprint\evidence\g11\H-007\35-base1-node15.json
ok   C:\Users\Angad\Desktop\SummerBIOIN\Project14-T2PW\docs\pwml_recovery_sprint\evidence\g11\H-007\36-base1-node16.json
ok   C:\Users\Angad\Desktop\SummerBIOIN\Project14-T2PW\docs\pwml_recovery_sprint\evidence\g11\H-007\37-base1-node17.json
ok   C:\Users\Angad\Desktop\SummerBIOIN\Project14-T2PW\docs\pwml_recovery_sprint\evidence\g11\H-007\38-base1-node18.json
ok   C:\Users\Angad\Desktop\SummerBIOIN\Project14-T2PW\docs\pwml_recovery_sprint\evidence\g11\H-007\39-base1-node19.json
ok   C:\Users\Angad\Desktop\SummerBIOIN\Project14-T2PW\docs\pwml_recovery_sprint\evidence\g11\H-007\40-base1-node20.json
ok   C:\Users\Angad\Desktop\SummerBIOIN\Project14-T2PW\docs\pwml_recovery_sprint\evidence\g11\H-007\41-base1-node21.json
ok   C:\Users\Angad\Desktop\SummerBIOIN\Project14-T2PW\docs\pwml_recovery_sprint\evidence\g11\H-007\42-base1-node22.json
ok   C:\Users\Angad\Desktop\SummerBIOIN\Project14-T2PW\docs\pwml_recovery_sprint\evidence\g11\H-007\43-base1-node23.json
ok   C:\Users\Angad\Desktop\SummerBIOIN\Project14-T2PW\docs\pwml_recovery_sprint\evidence\g11\H-007\44-base1-node24.json
ok   C:\Users\Angad\Desktop\SummerBIOIN\Project14-T2PW\docs\pwml_recovery_sprint\evidence\g11\H-007\45-base1-node25.json
ok   C:\Users\Angad\Desktop\SummerBIOIN\Project14-T2PW\docs\pwml_recovery_sprint\evidence\g11\H-007\46-g1base-outer.json
ok   C:\Users\Angad\Desktop\SummerBIOIN\Project14-T2PW\docs\pwml_recovery_sprint\evidence\g11\H-007\47-g1base-mono.json
ok   C:\Users\Angad\Desktop\SummerBIOIN\Project14-T2PW\docs\pwml_recovery_sprint\evidence\g11\H-007\48-g1base-core.json
ok   C:\Users\Angad\Desktop\SummerBIOIN\Project14-T2PW\docs\pwml_recovery_sprint\evidence\g11\H-007\49-g1base-s8.json
ok   C:\Users\Angad\Desktop\SummerBIOIN\Project14-T2PW\docs\pwml_recovery_sprint\evidence\g11\H-007\50-g1base-qb.json
ok   C:\Users\Angad\Desktop\SummerBIOIN\Project14-T2PW\docs\pwml_recovery_sprint\evidence\g11\H-007\51-g1base-run-core.json
ok   C:\Users\Angad\Desktop\SummerBIOIN\Project14-T2PW\docs\pwml_recovery_sprint\evidence\g11\H-007\52-g1base-node00.json
ok   C:\Users\Angad\Desktop\SummerBIOIN\Project14-T2PW\docs\pwml_recovery_sprint\evidence\g11\H-007\53-g1base-node01.json
ok   C:\Users\Angad\Desktop\SummerBIOIN\Project14-T2PW\docs\pwml_recovery_sprint\evidence\g11\H-007\54-g1base-node02.json
ok   C:\Users\Angad\Desktop\SummerBIOIN\Project14-T2PW\docs\pwml_recovery_sprint\evidence\g11\H-007\55-g1base-node03.json
ok   C:\Users\Angad\Desktop\SummerBIOIN\Project14-T2PW\docs\pwml_recovery_sprint\evidence\g11\H-007\56-g1base-node04.json
ok   C:\Users\Angad\Desktop\SummerBIOIN\Project14-T2PW\docs\pwml_recovery_sprint\evidence\g11\H-007\57-g1base-node05.json
ok   C:\Users\Angad\Desktop\SummerBIOIN\Project14-T2PW\docs\pwml_recovery_sprint\evidence\g11\H-007\58-g1base-node06.json
ok   C:\Users\Angad\Desktop\SummerBIOIN\Project14-T2PW\docs\pwml_recovery_sprint\evidence\g11\H-007\59-g1base-node07.json
ok   C:\Users\Angad\Desktop\SummerBIOIN\Project14-T2PW\docs\pwml_recovery_sprint\evidence\g11\H-007\60-g1base-node08.json
ok   C:\Users\Angad\Desktop\SummerBIOIN\Project14-T2PW\docs\pwml_recovery_sprint\evidence\g11\H-007\61-g1base-node09.json
ok   C:\Users\Angad\Desktop\SummerBIOIN\Project14-T2PW\docs\pwml_recovery_sprint\evidence\g11\H-007\62-g1base-node10.json
ok   C:\Users\Angad\Desktop\SummerBIOIN\Project14-T2PW\docs\pwml_recovery_sprint\evidence\g11\H-007\63-g1base-node11.json
ok   C:\Users\Angad\Desktop\SummerBIOIN\Project14-T2PW\docs\pwml_recovery_sprint\evidence\g11\H-007\64-g1base-node12.json
ok   C:\Users\Angad\Desktop\SummerBIOIN\Project14-T2PW\docs\pwml_recovery_sprint\evidence\g11\H-007\65-g1base-node13.json
ok   C:\Users\Angad\Desktop\SummerBIOIN\Project14-T2PW\docs\pwml_recovery_sprint\evidence\g11\H-007\66-g1base-node14.json
ok   C:\Users\Angad\Desktop\SummerBIOIN\Project14-T2PW\docs\pwml_recovery_sprint\evidence\g11\H-007\67-g1base-node15.json
ok   C:\Users\Angad\Desktop\SummerBIOIN\Project14-T2PW\docs\pwml_recovery_sprint\evidence\g11\H-007\68-g1base-node16.json
ok   C:\Users\Angad\Desktop\SummerBIOIN\Project14-T2PW\docs\pwml_recovery_sprint\evidence\g11\H-007\69-g1base-node17.json
ok   C:\Users\Angad\Desktop\SummerBIOIN\Project14-T2PW\docs\pwml_recovery_sprint\evidence\g11\H-007\70-g1base-node18.json
ok   C:\Users\Angad\Desktop\SummerBIOIN\Project14-T2PW\docs\pwml_recovery_sprint\evidence\g11\H-007\71-g1base-node19.json
ok   C:\Users\Angad\Desktop\SummerBIOIN\Project14-T2PW\docs\pwml_recovery_sprint\evidence\g11\H-007\72-g1base-node20.json
ok   C:\Users\Angad\Desktop\SummerBIOIN\Project14-T2PW\docs\pwml_recovery_sprint\evidence\g11\H-007\73-g1base-node21.json
ok   C:\Users\Angad\Desktop\SummerBIOIN\Project14-T2PW\docs\pwml_recovery_sprint\evidence\g11\H-007\74-g1base-node22.json
ok   C:\Users\Angad\Desktop\SummerBIOIN\Project14-T2PW\docs\pwml_recovery_sprint\evidence\g11\H-007\75-g1base-node23.json
ok   C:\Users\Angad\Desktop\SummerBIOIN\Project14-T2PW\docs\pwml_recovery_sprint\evidence\g11\H-007\76-g1base-node24.json
ok   C:\Users\Angad\Desktop\SummerBIOIN\Project14-T2PW\docs\pwml_recovery_sprint\evidence\g11\H-007\77-g1base-node25.json
ok   C:\Users\Angad\Desktop\SummerBIOIN\Project14-T2PW\docs\pwml_recovery_sprint\evidence\g11\H-007\78-g1base-node26.json
ok   C:\Users\Angad\Desktop\SummerBIOIN\Project14-T2PW\docs\pwml_recovery_sprint\evidence\g11\H-007\79-g2base-outer.json
ok   C:\Users\Angad\Desktop\SummerBIOIN\Project14-T2PW\docs\pwml_recovery_sprint\evidence\g11\H-007\80-g2base-mono.json
ok   C:\Users\Angad\Desktop\SummerBIOIN\Project14-T2PW\docs\pwml_recovery_sprint\evidence\g11\H-007\81-g2base-core.json
ok   C:\Users\Angad\Desktop\SummerBIOIN\Project14-T2PW\docs\pwml_recovery_sprint\evidence\g11\H-007\82-g2base-s8.json
ok   C:\Users\Angad\Desktop\SummerBIOIN\Project14-T2PW\docs\pwml_recovery_sprint\evidence\g11\H-007\83-g2base-qb.json
ok   C:\Users\Angad\Desktop\SummerBIOIN\Project14-T2PW\docs\pwml_recovery_sprint\evidence\g11\H-007\84-g2base-run-core.json
ok   C:\Users\Angad\Desktop\SummerBIOIN\Project14-T2PW\docs\pwml_recovery_sprint\evidence\g11\H-007\85-g2base-node00.json
ok   C:\Users\Angad\Desktop\SummerBIOIN\Project14-T2PW\docs\pwml_recovery_sprint\evidence\g11\H-007\86-g2base-node01.json
ok   C:\Users\Angad\Desktop\SummerBIOIN\Project14-T2PW\docs\pwml_recovery_sprint\evidence\g11\H-007\87-g2base-node02.json
ok   C:\Users\Angad\Desktop\SummerBIOIN\Project14-T2PW\docs\pwml_recovery_sprint\evidence\g11\H-007\88-g2base-node03.json
ok   C:\Users\Angad\Desktop\SummerBIOIN\Project14-T2PW\docs\pwml_recovery_sprint\evidence\g11\H-007\89-g2base-node04.json
ok   C:\Users\Angad\Desktop\SummerBIOIN\Project14-T2PW\docs\pwml_recovery_sprint\evidence\g11\H-007\90-g2base-node05.json
ok   C:\Users\Angad\Desktop\SummerBIOIN\Project14-T2PW\docs\pwml_recovery_sprint\evidence\g11\H-007\91-g2base-node06.json
ok   C:\Users\Angad\Desktop\SummerBIOIN\Project14-T2PW\docs\pwml_recovery_sprint\evidence\g11\H-007\92-g2base-node07.json
ok   C:\Users\Angad\Desktop\SummerBIOIN\Project14-T2PW\docs\pwml_recovery_sprint\evidence\g11\H-007\93-g2base-node08.json
ok   C:\Users\Angad\Desktop\SummerBIOIN\Project14-T2PW\docs\pwml_recovery_sprint\evidence\g11\H-007\94-g2base-node09.json
ok   C:\Users\Angad\Desktop\SummerBIOIN\Project14-T2PW\docs\pwml_recovery_sprint\evidence\g11\H-007\95-g2base-node10.json
ok   C:\Users\Angad\Desktop\SummerBIOIN\Project14-T2PW\docs\pwml_recovery_sprint\evidence\g11\H-007\96-g2base-node11.json
ok   C:\Users\Angad\Desktop\SummerBIOIN\Project14-T2PW\docs\pwml_recovery_sprint\evidence\g11\H-007\97-g2base-node12.json
ok   C:\Users\Angad\Desktop\SummerBIOIN\Project14-T2PW\docs\pwml_recovery_sprint\evidence\g11\H-007\98-g2base-node13.json
ok   C:\Users\Angad\Desktop\SummerBIOIN\Project14-T2PW\docs\pwml_recovery_sprint\evidence\g11\H-007\99-g2base-node14.json
ok   C:\Users\Angad\Desktop\SummerBIOIN\Project14-T2PW\docs\pwml_recovery_sprint\evidence\g11\H-008\01-g9-base.json
ok   C:\Users\Angad\Desktop\SummerBIOIN\Project14-T2PW\docs\pwml_recovery_sprint\evidence\g11\H-008\02-focused.json
ok   C:\Users\Angad\Desktop\SummerBIOIN\Project14-T2PW\docs\pwml_recovery_sprint\evidence\g11\H-008\03-g9-base-string.json
ok   C:\Users\Angad\Desktop\SummerBIOIN\Project14-T2PW\docs\pwml_recovery_sprint\evidence\g11\H-008\04-focused-r1.json
ok   C:\Users\Angad\Desktop\SummerBIOIN\Project14-T2PW\docs\pwml_recovery_sprint\evidence\g11\H-010\01-g9-base-scripts.json
ok   C:\Users\Angad\Desktop\SummerBIOIN\Project14-T2PW\docs\pwml_recovery_sprint\evidence\g11\H-010\02-g9-base-control-m.json
ok   C:\Users\Angad\Desktop\SummerBIOIN\Project14-T2PW\docs\pwml_recovery_sprint\evidence\g11\H-010\03-acceptance.json
ok   C:\Users\Angad\Desktop\SummerBIOIN\Project14-T2PW\docs\pwml_recovery_sprint\evidence\g11\H-010\04-g9-tip-scripts.json
ok   C:\Users\Angad\Desktop\SummerBIOIN\Project14-T2PW\docs\pwml_recovery_sprint\evidence\g11\H-010\05-refuse-primary-pin.json
ok   C:\Users\Angad\Desktop\SummerBIOIN\Project14-T2PW\docs\pwml_recovery_sprint\evidence\g11\H-010\06-g11-selftest.json
ok   C:\Users\Angad\Desktop\SummerBIOIN\Project14-T2PW\docs\pwml_recovery_sprint\evidence\g11\H-010\07-smoke460.json
ok   C:\Users\Angad\Desktop\SummerBIOIN\Project14-T2PW\docs\pwml_recovery_sprint\evidence\g11\H-010\08-chunkd-core.json
ok   C:\Users\Angad\Desktop\SummerBIOIN\Project14-T2PW\docs\pwml_recovery_sprint\evidence\g11\H-010\09-mono.json
ok   C:\Users\Angad\Desktop\SummerBIOIN\Project14-T2PW\docs\pwml_recovery_sprint\evidence\g11\H-010\10-core.json
ok   C:\Users\Angad\Desktop\SummerBIOIN\Project14-T2PW\docs\pwml_recovery_sprint\evidence\g11\H-010\11-s8.json
ok   C:\Users\Angad\Desktop\SummerBIOIN\Project14-T2PW\docs\pwml_recovery_sprint\evidence\g11\H-010\12-qb.json
ok   C:\Users\Angad\Desktop\SummerBIOIN\Project14-T2PW\docs\pwml_recovery_sprint\evidence\g11\H-010\13-run-core.json
ok   C:\Users\Angad\Desktop\SummerBIOIN\Project14-T2PW\docs\pwml_recovery_sprint\evidence\g11\H-010\14-chunkd-s8.json
ok   C:\Users\Angad\Desktop\SummerBIOIN\Project14-T2PW\docs\pwml_recovery_sprint\evidence\g11\H-010\15-mono.json
ok   C:\Users\Angad\Desktop\SummerBIOIN\Project14-T2PW\docs\pwml_recovery_sprint\evidence\g11\H-010\16-core.json
ok   C:\Users\Angad\Desktop\SummerBIOIN\Project14-T2PW\docs\pwml_recovery_sprint\evidence\g11\H-010\17-s8.json
ok   C:\Users\Angad\Desktop\SummerBIOIN\Project14-T2PW\docs\pwml_recovery_sprint\evidence\g11\H-010\18-qb.json
ok   C:\Users\Angad\Desktop\SummerBIOIN\Project14-T2PW\docs\pwml_recovery_sprint\evidence\g11\H-010\19-node00.json
ok   C:\Users\Angad\Desktop\SummerBIOIN\Project14-T2PW\docs\pwml_recovery_sprint\evidence\g11\H-010\20-node01.json
ok   C:\Users\Angad\Desktop\SummerBIOIN\Project14-T2PW\docs\pwml_recovery_sprint\evidence\g11\H-010\21-node02.json
ok   C:\Users\Angad\Desktop\SummerBIOIN\Project14-T2PW\docs\pwml_recovery_sprint\evidence\g11\H-010\22-node03.json
ok   C:\Users\Angad\Desktop\SummerBIOIN\Project14-T2PW\docs\pwml_recovery_sprint\evidence\g11\H-010\23-acceptance-r1.json
ok   C:\Users\Angad\Desktop\SummerBIOIN\Project14-T2PW\docs\pwml_recovery_sprint\evidence\g11\H-010\24-smoke460-r1.json
ok   C:\Users\Angad\Desktop\SummerBIOIN\Project14-T2PW\docs\pwml_recovery_sprint\evidence\g11\H-010\25-refuse-nested-worktree.json
ok   C:\Users\Angad\Desktop\SummerBIOIN\Project14-T2PW\docs\pwml_recovery_sprint\evidence\g11\H-010\26-acceptance-r2.json
ok   C:\Users\Angad\Desktop\SummerBIOIN\Project14-T2PW\docs\pwml_recovery_sprint\evidence\g11\H-020\01-venv-collect-diag.json
ok   C:\Users\Angad\Desktop\SummerBIOIN\Project14-T2PW\docs\pwml_recovery_sprint\evidence\g11\H-020\02-venv-collect-full.json
ok   C:\Users\Angad\Desktop\SummerBIOIN\Project14-T2PW\docs\pwml_recovery_sprint\evidence\g11\H-020\03-smoke-drift-460.json
ok   C:\Users\Angad\Desktop\SummerBIOIN\Project14-T2PW\docs\pwml_recovery_sprint\evidence\g11\INTEG-069\01-smoke-tip-baseline.json
ok   C:\Users\Angad\Desktop\SummerBIOIN\Project14-T2PW\docs\pwml_recovery_sprint\evidence\g11\INTEG-069\02-chunke-tip-baseline.json
ok   C:\Users\Angad\Desktop\SummerBIOIN\Project14-T2PW\docs\pwml_recovery_sprint\evidence\g11\INTEG-069\03-chunkd-tip-outer.json
ok   C:\Users\Angad\Desktop\SummerBIOIN\Project14-T2PW\docs\pwml_recovery_sprint\evidence\g11\INTEG-069\04-batchpreflight-base.json
ok   C:\Users\Angad\Desktop\SummerBIOIN\Project14-T2PW\docs\pwml_recovery_sprint\evidence\g11\INTEG-069\05-strictreplay-base.json
ok   C:\Users\Angad\Desktop\SummerBIOIN\Project14-T2PW\docs\pwml_recovery_sprint\evidence\g11\INTEG-069\06-envfamily-base.json
ok   C:\Users\Angad\Desktop\SummerBIOIN\Project14-T2PW\docs\pwml_recovery_sprint\evidence\g11\INTEG-069\07-smoke-postmerge-c070.json
ok   C:\Users\Angad\Desktop\SummerBIOIN\Project14-T2PW\docs\pwml_recovery_sprint\evidence\g11\INTEG-069\08-treepin-still-works.json
ok   C:\Users\Angad\Desktop\SummerBIOIN\Project14-T2PW\docs\pwml_recovery_sprint\evidence\g11\INTEG-069\09-batchpreflight-postmerge.json
ok   C:\Users\Angad\Desktop\SummerBIOIN\Project14-T2PW\docs\pwml_recovery_sprint\evidence\g11\INTEG-069\10-smoke-postmerge-c069.json
ok   C:\Users\Angad\Desktop\SummerBIOIN\Project14-T2PW\docs\pwml_recovery_sprint\evidence\g11\INTEG-069\11-smoke-postmerge-c071.json
ok   C:\Users\Angad\Desktop\SummerBIOIN\Project14-T2PW\docs\pwml_recovery_sprint\evidence\g11\INTEG-069\12-chunkd-postmerge-c071.json
ok   C:\Users\Angad\Desktop\SummerBIOIN\Project14-T2PW\docs\pwml_recovery_sprint\evidence\g11\INTEG-070\01-mono.json
ok   C:\Users\Angad\Desktop\SummerBIOIN\Project14-T2PW\docs\pwml_recovery_sprint\evidence\g11\INTEG-070\02-core.json
ok   C:\Users\Angad\Desktop\SummerBIOIN\Project14-T2PW\docs\pwml_recovery_sprint\evidence\g11\INTEG-070\03-s8.json
ok   C:\Users\Angad\Desktop\SummerBIOIN\Project14-T2PW\docs\pwml_recovery_sprint\evidence\g11\INTEG-070\04-qb.json
ok   C:\Users\Angad\Desktop\SummerBIOIN\Project14-T2PW\docs\pwml_recovery_sprint\evidence\g11\INTEG-070\05-run-core.json
ok   C:\Users\Angad\Desktop\SummerBIOIN\Project14-T2PW\docs\pwml_recovery_sprint\evidence\g11\INTEG-070\06-node00.json
ok   C:\Users\Angad\Desktop\SummerBIOIN\Project14-T2PW\docs\pwml_recovery_sprint\evidence\g11\INTEG-070\07-node01.json
ok   C:\Users\Angad\Desktop\SummerBIOIN\Project14-T2PW\docs\pwml_recovery_sprint\evidence\g11\INTEG-070\08-node02.json
ok   C:\Users\Angad\Desktop\SummerBIOIN\Project14-T2PW\docs\pwml_recovery_sprint\evidence\g11\INTEG-070\09-node03.json
ok   C:\Users\Angad\Desktop\SummerBIOIN\Project14-T2PW\docs\pwml_recovery_sprint\evidence\g11\INTEG-070\10-node04.json
ok   C:\Users\Angad\Desktop\SummerBIOIN\Project14-T2PW\docs\pwml_recovery_sprint\evidence\g11\INTEG-070\11-node05.json
ok   C:\Users\Angad\Desktop\SummerBIOIN\Project14-T2PW\docs\pwml_recovery_sprint\evidence\g11\INTEG-070\12-node06.json
ok   C:\Users\Angad\Desktop\SummerBIOIN\Project14-T2PW\docs\pwml_recovery_sprint\evidence\g11\INTEG-070\13-node07.json
ok   C:\Users\Angad\Desktop\SummerBIOIN\Project14-T2PW\docs\pwml_recovery_sprint\evidence\g11\INTEG-070\14-node08.json
ok   C:\Users\Angad\Desktop\SummerBIOIN\Project14-T2PW\docs\pwml_recovery_sprint\evidence\g11\INTEG-070\15-node09.json
ok   C:\Users\Angad\Desktop\SummerBIOIN\Project14-T2PW\docs\pwml_recovery_sprint\evidence\g11\INTEG-070\16-node10.json
ok   C:\Users\Angad\Desktop\SummerBIOIN\Project14-T2PW\docs\pwml_recovery_sprint\evidence\g11\INTEG-070\17-node11.json
ok   C:\Users\Angad\Desktop\SummerBIOIN\Project14-T2PW\docs\pwml_recovery_sprint\evidence\g11\INTEG-070\18-node12.json
ok   C:\Users\Angad\Desktop\SummerBIOIN\Project14-T2PW\docs\pwml_recovery_sprint\evidence\g11\INTEG-070\19-node13.json
ok   C:\Users\Angad\Desktop\SummerBIOIN\Project14-T2PW\docs\pwml_recovery_sprint\evidence\g11\INTEG-070\20-node14.json
ok   C:\Users\Angad\Desktop\SummerBIOIN\Project14-T2PW\docs\pwml_recovery_sprint\evidence\g11\INTEG-070\21-node15.json
ok   C:\Users\Angad\Desktop\SummerBIOIN\Project14-T2PW\docs\pwml_recovery_sprint\evidence\g11\INTEG-070\22-node16.json
ok   C:\Users\Angad\Desktop\SummerBIOIN\Project14-T2PW\docs\pwml_recovery_sprint\evidence\g11\INTEG-070\23-node17.json
ok   C:\Users\Angad\Desktop\SummerBIOIN\Project14-T2PW\docs\pwml_recovery_sprint\evidence\g11\INTEG-070\24-node18.json
ok   C:\Users\Angad\Desktop\SummerBIOIN\Project14-T2PW\docs\pwml_recovery_sprint\evidence\g11\INTEG-070\25-node19.json
ok   C:\Users\Angad\Desktop\SummerBIOIN\Project14-T2PW\docs\pwml_recovery_sprint\evidence\g11\INTEG-070\26-node20.json
ok   C:\Users\Angad\Desktop\SummerBIOIN\Project14-T2PW\docs\pwml_recovery_sprint\evidence\g11\INTEG-070\27-node21.json
ok   C:\Users\Angad\Desktop\SummerBIOIN\Project14-T2PW\docs\pwml_recovery_sprint\evidence\g11\INTEG-070\28-node22.json
ok   C:\Users\Angad\Desktop\SummerBIOIN\Project14-T2PW\docs\pwml_recovery_sprint\evidence\g11\INTEG-070\29-node23.json
ok   C:\Users\Angad\Desktop\SummerBIOIN\Project14-T2PW\docs\pwml_recovery_sprint\evidence\g11\INTEG-070\30-node24.json
ok   C:\Users\Angad\Desktop\SummerBIOIN\Project14-T2PW\docs\pwml_recovery_sprint\evidence\g11\INTEG-070\31-node25.json
ok   C:\Users\Angad\Desktop\SummerBIOIN\Project14-T2PW\docs\pwml_recovery_sprint\evidence\g11\INTEG-070\32-node26.json
ok   C:\Users\Angad\Desktop\SummerBIOIN\Project14-T2PW\docs\pwml_recovery_sprint\evidence\g11\INTEG-071\01-mono.json
ok   C:\Users\Angad\Desktop\SummerBIOIN\Project14-T2PW\docs\pwml_recovery_sprint\evidence\g11\INTEG-071\02-core.json
ok   C:\Users\Angad\Desktop\SummerBIOIN\Project14-T2PW\docs\pwml_recovery_sprint\evidence\g11\INTEG-071\03-s8.json
ok   C:\Users\Angad\Desktop\SummerBIOIN\Project14-T2PW\docs\pwml_recovery_sprint\evidence\g11\INTEG-071\04-qb.json
ok   C:\Users\Angad\Desktop\SummerBIOIN\Project14-T2PW\docs\pwml_recovery_sprint\evidence\g11\INTEG-071\05-run-core.json
ok   C:\Users\Angad\Desktop\SummerBIOIN\Project14-T2PW\docs\pwml_recovery_sprint\evidence\g11\INTEG-071\06-node00.json
ok   C:\Users\Angad\Desktop\SummerBIOIN\Project14-T2PW\docs\pwml_recovery_sprint\evidence\g11\INTEG-071\07-node01.json
ok   C:\Users\Angad\Desktop\SummerBIOIN\Project14-T2PW\docs\pwml_recovery_sprint\evidence\g11\INTEG-071\08-node02.json
ok   C:\Users\Angad\Desktop\SummerBIOIN\Project14-T2PW\docs\pwml_recovery_sprint\evidence\g11\INTEG-071\09-node03.json
ok   C:\Users\Angad\Desktop\SummerBIOIN\Project14-T2PW\docs\pwml_recovery_sprint\evidence\g11\INTEG-071\10-node04.json
ok   C:\Users\Angad\Desktop\SummerBIOIN\Project14-T2PW\docs\pwml_recovery_sprint\evidence\g11\INTEG-071\11-node05.json
ok   C:\Users\Angad\Desktop\SummerBIOIN\Project14-T2PW\docs\pwml_recovery_sprint\evidence\g11\INTEG-071\12-node06.json
ok   C:\Users\Angad\Desktop\SummerBIOIN\Project14-T2PW\docs\pwml_recovery_sprint\evidence\g11\INTEG-071\13-node07.json
ok   C:\Users\Angad\Desktop\SummerBIOIN\Project14-T2PW\docs\pwml_recovery_sprint\evidence\g11\INTEG-071\14-node08.json
ok   C:\Users\Angad\Desktop\SummerBIOIN\Project14-T2PW\docs\pwml_recovery_sprint\evidence\g11\INTEG-071\15-node09.json
ok   C:\Users\Angad\Desktop\SummerBIOIN\Project14-T2PW\docs\pwml_recovery_sprint\evidence\g11\INTEG-071\16-node10.json
ok   C:\Users\Angad\Desktop\SummerBIOIN\Project14-T2PW\docs\pwml_recovery_sprint\evidence\g11\INTEG-071\17-node11.json
ok   C:\Users\Angad\Desktop\SummerBIOIN\Project14-T2PW\docs\pwml_recovery_sprint\evidence\g11\INTEG-071\18-node12.json
ok   C:\Users\Angad\Desktop\SummerBIOIN\Project14-T2PW\docs\pwml_recovery_sprint\evidence\g11\INTEG-071\19-node13.json
ok   C:\Users\Angad\Desktop\SummerBIOIN\Project14-T2PW\docs\pwml_recovery_sprint\evidence\g11\INTEG-071\20-node14.json
ok   C:\Users\Angad\Desktop\SummerBIOIN\Project14-T2PW\docs\pwml_recovery_sprint\evidence\g11\INTEG-071\21-node15.json
ok   C:\Users\Angad\Desktop\SummerBIOIN\Project14-T2PW\docs\pwml_recovery_sprint\evidence\g11\INTEG-071\22-node16.json
ok   C:\Users\Angad\Desktop\SummerBIOIN\Project14-T2PW\docs\pwml_recovery_sprint\evidence\g11\INTEG-071\23-node17.json
ok   C:\Users\Angad\Desktop\SummerBIOIN\Project14-T2PW\docs\pwml_recovery_sprint\evidence\g11\INTEG-071\24-node18.json
ok   C:\Users\Angad\Desktop\SummerBIOIN\Project14-T2PW\docs\pwml_recovery_sprint\evidence\g11\INTEG-071\25-node19.json
ok   C:\Users\Angad\Desktop\SummerBIOIN\Project14-T2PW\docs\pwml_recovery_sprint\evidence\g11\INTEG-071\26-node20.json
ok   C:\Users\Angad\Desktop\SummerBIOIN\Project14-T2PW\docs\pwml_recovery_sprint\evidence\g11\INTEG-071\27-node21.json
ok   C:\Users\Angad\Desktop\SummerBIOIN\Project14-T2PW\docs\pwml_recovery_sprint\evidence\g11\INTEG-071\28-node22.json
ok   C:\Users\Angad\Desktop\SummerBIOIN\Project14-T2PW\docs\pwml_recovery_sprint\evidence\g11\INTEG-071\29-node23.json
ok   C:\Users\Angad\Desktop\SummerBIOIN\Project14-T2PW\docs\pwml_recovery_sprint\evidence\g11\INTEG-071\30-node24.json
ok   C:\Users\Angad\Desktop\SummerBIOIN\Project14-T2PW\docs\pwml_recovery_sprint\evidence\g11\INTEG-071\31-node25.json
ok   C:\Users\Angad\Desktop\SummerBIOIN\Project14-T2PW\docs\pwml_recovery_sprint\evidence\g11\INTEG-071\32-node26.json
ok   C:\Users\Angad\Desktop\SummerBIOIN\Project14-T2PW\docs\pwml_recovery_sprint\evidence\g11\MERGE-002\01-smoke-combined.json
ok   C:\Users\Angad\Desktop\SummerBIOIN\Project14-T2PW\docs\pwml_recovery_sprint\evidence\g11\MERGE-002\02-cross-seam.json
ok   C:\Users\Angad\Desktop\SummerBIOIN\Project14-T2PW\docs\pwml_recovery_sprint\evidence\g11\MERGE-003\01-smoke-c030a.json
ok   C:\Users\Angad\Desktop\SummerBIOIN\Project14-T2PW\docs\pwml_recovery_sprint\evidence\g11\MERGE-003\02-c030a-newtests.json
ok   C:\Users\Angad\Desktop\SummerBIOIN\Project14-T2PW\docs\pwml_recovery_sprint\evidence\g11\MERGE-004\01-smoke-c056b.json
ok   C:\Users\Angad\Desktop\SummerBIOIN\Project14-T2PW\docs\pwml_recovery_sprint\evidence\g11\MERGE-004\02-cross-seam.json
ok   C:\Users\Angad\Desktop\SummerBIOIN\Project14-T2PW\docs\pwml_recovery_sprint\evidence\g11\MERGE-010\01-smoke460.json
ok   C:\Users\Angad\Desktop\SummerBIOIN\Project14-T2PW\docs\pwml_recovery_sprint\evidence\g11\MERGE-010\02-smoke460-count.json
ok   C:\Users\Angad\Desktop\SummerBIOIN\Project14-T2PW\docs\pwml_recovery_sprint\evidence\g11\MERGE-034\01-smoke.json
ok   C:\Users\Angad\Desktop\SummerBIOIN\Project14-T2PW\docs\pwml_recovery_sprint\evidence\g11\MERGE-034\02-smoke2.json
ok   C:\Users\Angad\Desktop\SummerBIOIN\Project14-T2PW\docs\pwml_recovery_sprint\evidence\g11\MERGE-040a\01-smoke.json
ok   C:\Users\Angad\Desktop\SummerBIOIN\Project14-T2PW\docs\pwml_recovery_sprint\evidence\g11\MERGE-041a\01-qb.json
ok   C:\Users\Angad\Desktop\SummerBIOIN\Project14-T2PW\docs\pwml_recovery_sprint\evidence\g11\MERGE-041a\02-mono.json
ok   C:\Users\Angad\Desktop\SummerBIOIN\Project14-T2PW\docs\pwml_recovery_sprint\evidence\g11\MERGE-041a\03-core.json
ok   C:\Users\Angad\Desktop\SummerBIOIN\Project14-T2PW\docs\pwml_recovery_sprint\evidence\g11\MERGE-041a\04-s8.json
ok   C:\Users\Angad\Desktop\SummerBIOIN\Project14-T2PW\docs\pwml_recovery_sprint\evidence\g11\MERGE-041a\05-qb.json
ok   C:\Users\Angad\Desktop\SummerBIOIN\Project14-T2PW\docs\pwml_recovery_sprint\evidence\g11\MERGE-041a\06-node04.json
ok   C:\Users\Angad\Desktop\SummerBIOIN\Project14-T2PW\docs\pwml_recovery_sprint\evidence\g11\MERGE-041a\07-node05.json
ok   C:\Users\Angad\Desktop\SummerBIOIN\Project14-T2PW\docs\pwml_recovery_sprint\evidence\g11\MERGE-041a\08-node06.json
ok   C:\Users\Angad\Desktop\SummerBIOIN\Project14-T2PW\docs\pwml_recovery_sprint\evidence\g11\MERGE-041a\09-node07.json
ok   C:\Users\Angad\Desktop\SummerBIOIN\Project14-T2PW\docs\pwml_recovery_sprint\evidence\g11\MERGE-041a\10-node08.json
ok   C:\Users\Angad\Desktop\SummerBIOIN\Project14-T2PW\docs\pwml_recovery_sprint\evidence\g11\MERGE-041a\11-node09.json
ok   C:\Users\Angad\Desktop\SummerBIOIN\Project14-T2PW\docs\pwml_recovery_sprint\evidence\g11\MERGE-041a\12-node10.json
ok   C:\Users\Angad\Desktop\SummerBIOIN\Project14-T2PW\docs\pwml_recovery_sprint\evidence\g11\MERGE-041a\13-node11.json
ok   C:\Users\Angad\Desktop\SummerBIOIN\Project14-T2PW\docs\pwml_recovery_sprint\evidence\g11\MERGE-041a\14-node12.json
ok   C:\Users\Angad\Desktop\SummerBIOIN\Project14-T2PW\docs\pwml_recovery_sprint\evidence\g11\MERGE-041a\15-node13.json
ok   C:\Users\Angad\Desktop\SummerBIOIN\Project14-T2PW\docs\pwml_recovery_sprint\evidence\g11\MERGE-041a\16-node14.json
ok   C:\Users\Angad\Desktop\SummerBIOIN\Project14-T2PW\docs\pwml_recovery_sprint\evidence\g11\MERGE-041a\17-node15.json
ok   C:\Users\Angad\Desktop\SummerBIOIN\Project14-T2PW\docs\pwml_recovery_sprint\evidence\g11\MERGE-041a\18-node16.json
ok   C:\Users\Angad\Desktop\SummerBIOIN\Project14-T2PW\docs\pwml_recovery_sprint\evidence\g11\MERGE-041a\19-node17.json
ok   C:\Users\Angad\Desktop\SummerBIOIN\Project14-T2PW\docs\pwml_recovery_sprint\evidence\g11\MERGE-041a\20-node18.json
ok   C:\Users\Angad\Desktop\SummerBIOIN\Project14-T2PW\docs\pwml_recovery_sprint\evidence\g11\MERGE-041a\21-node19.json
ok   C:\Users\Angad\Desktop\SummerBIOIN\Project14-T2PW\docs\pwml_recovery_sprint\evidence\g11\MERGE-041a\22-node20.json
ok   C:\Users\Angad\Desktop\SummerBIOIN\Project14-T2PW\docs\pwml_recovery_sprint\evidence\g11\MERGE-041a\23-node21.json
ok   C:\Users\Angad\Desktop\SummerBIOIN\Project14-T2PW\docs\pwml_recovery_sprint\evidence\g11\MERGE-041a\24-node22.json
ok   C:\Users\Angad\Desktop\SummerBIOIN\Project14-T2PW\docs\pwml_recovery_sprint\evidence\g11\MERGE-041a\25-node23.json
ok   C:\Users\Angad\Desktop\SummerBIOIN\Project14-T2PW\docs\pwml_recovery_sprint\evidence\g11\MERGE-041a\26-node24.json
ok   C:\Users\Angad\Desktop\SummerBIOIN\Project14-T2PW\docs\pwml_recovery_sprint\evidence\g11\MERGE-041a\27-node25.json
ok   C:\Users\Angad\Desktop\SummerBIOIN\Project14-T2PW\docs\pwml_recovery_sprint\evidence\g11\MERGE-041a\28-node26.json
ok   C:\Users\Angad\Desktop\SummerBIOIN\Project14-T2PW\docs\pwml_recovery_sprint\evidence\g11\MERGE-041a\29-smoke.json
ok   C:\Users\Angad\Desktop\SummerBIOIN\Project14-T2PW\docs\pwml_recovery_sprint\evidence\g11\MERGE-041a\30-chunke.json
ok   C:\Users\Angad\Desktop\SummerBIOIN\Project14-T2PW\docs\pwml_recovery_sprint\evidence\g11\MERGE-042\01-smoke.json
ok   C:\Users\Angad\Desktop\SummerBIOIN\Project14-T2PW\docs\pwml_recovery_sprint\evidence\g11\MERGE-042a\01-smoke.json
ok   C:\Users\Angad\Desktop\SummerBIOIN\Project14-T2PW\docs\pwml_recovery_sprint\evidence\g11\MERGE-042a\02-smokecount.json
ok   C:\Users\Angad\Desktop\SummerBIOIN\Project14-T2PW\docs\pwml_recovery_sprint\evidence\g11\MERGE-044\01-smoke.json
ok   C:\Users\Angad\Desktop\SummerBIOIN\Project14-T2PW\docs\pwml_recovery_sprint\evidence\g11\MERGE-050\01-outer-chunkd.json
ok   C:\Users\Angad\Desktop\SummerBIOIN\Project14-T2PW\docs\pwml_recovery_sprint\evidence\g11\MERGE-050\02-mono.json
ok   C:\Users\Angad\Desktop\SummerBIOIN\Project14-T2PW\docs\pwml_recovery_sprint\evidence\g11\MERGE-050\03-core.json
ok   C:\Users\Angad\Desktop\SummerBIOIN\Project14-T2PW\docs\pwml_recovery_sprint\evidence\g11\MERGE-050\04-s8.json
ok   C:\Users\Angad\Desktop\SummerBIOIN\Project14-T2PW\docs\pwml_recovery_sprint\evidence\g11\MERGE-050\05-qb.json
ok   C:\Users\Angad\Desktop\SummerBIOIN\Project14-T2PW\docs\pwml_recovery_sprint\evidence\g11\MERGE-050\06-run-core.json
ok   C:\Users\Angad\Desktop\SummerBIOIN\Project14-T2PW\docs\pwml_recovery_sprint\evidence\g11\MERGE-050\07-node00.json
ok   C:\Users\Angad\Desktop\SummerBIOIN\Project14-T2PW\docs\pwml_recovery_sprint\evidence\g11\MERGE-050\08-node01.json
ok   C:\Users\Angad\Desktop\SummerBIOIN\Project14-T2PW\docs\pwml_recovery_sprint\evidence\g11\MERGE-050\09-node02.json
ok   C:\Users\Angad\Desktop\SummerBIOIN\Project14-T2PW\docs\pwml_recovery_sprint\evidence\g11\MERGE-050\10-node03.json
ok   C:\Users\Angad\Desktop\SummerBIOIN\Project14-T2PW\docs\pwml_recovery_sprint\evidence\g11\MERGE-050\11-node04.json
ok   C:\Users\Angad\Desktop\SummerBIOIN\Project14-T2PW\docs\pwml_recovery_sprint\evidence\g11\MERGE-050\12-node05.json
ok   C:\Users\Angad\Desktop\SummerBIOIN\Project14-T2PW\docs\pwml_recovery_sprint\evidence\g11\MERGE-050\13-node06.json
ok   C:\Users\Angad\Desktop\SummerBIOIN\Project14-T2PW\docs\pwml_recovery_sprint\evidence\g11\MERGE-050\14-node07.json
ok   C:\Users\Angad\Desktop\SummerBIOIN\Project14-T2PW\docs\pwml_recovery_sprint\evidence\g11\MERGE-050\15-node08.json
ok   C:\Users\Angad\Desktop\SummerBIOIN\Project14-T2PW\docs\pwml_recovery_sprint\evidence\g11\MERGE-050\16-node09.json
ok   C:\Users\Angad\Desktop\SummerBIOIN\Project14-T2PW\docs\pwml_recovery_sprint\evidence\g11\MERGE-050\17-node10.json
ok   C:\Users\Angad\Desktop\SummerBIOIN\Project14-T2PW\docs\pwml_recovery_sprint\evidence\g11\MERGE-050\18-node11.json
ok   C:\Users\Angad\Desktop\SummerBIOIN\Project14-T2PW\docs\pwml_recovery_sprint\evidence\g11\MERGE-050\19-node12.json
ok   C:\Users\Angad\Desktop\SummerBIOIN\Project14-T2PW\docs\pwml_recovery_sprint\evidence\g11\MERGE-050\20-node13.json
ok   C:\Users\Angad\Desktop\SummerBIOIN\Project14-T2PW\docs\pwml_recovery_sprint\evidence\g11\MERGE-050\21-node14.json
ok   C:\Users\Angad\Desktop\SummerBIOIN\Project14-T2PW\docs\pwml_recovery_sprint\evidence\g11\MERGE-050\22-node15.json
ok   C:\Users\Angad\Desktop\SummerBIOIN\Project14-T2PW\docs\pwml_recovery_sprint\evidence\g11\MERGE-050\23-node16.json
ok   C:\Users\Angad\Desktop\SummerBIOIN\Project14-T2PW\docs\pwml_recovery_sprint\evidence\g11\MERGE-050\24-node17.json
ok   C:\Users\Angad\Desktop\SummerBIOIN\Project14-T2PW\docs\pwml_recovery_sprint\evidence\g11\MERGE-050\25-node18.json
ok   C:\Users\Angad\Desktop\SummerBIOIN\Project14-T2PW\docs\pwml_recovery_sprint\evidence\g11\MERGE-050\26-node19.json
ok   C:\Users\Angad\Desktop\SummerBIOIN\Project14-T2PW\docs\pwml_recovery_sprint\evidence\g11\MERGE-050\27-node20.json
ok   C:\Users\Angad\Desktop\SummerBIOIN\Project14-T2PW\docs\pwml_recovery_sprint\evidence\g11\MERGE-050\28-node21.json
ok   C:\Users\Angad\Desktop\SummerBIOIN\Project14-T2PW\docs\pwml_recovery_sprint\evidence\g11\MERGE-050\29-node22.json
ok   C:\Users\Angad\Desktop\SummerBIOIN\Project14-T2PW\docs\pwml_recovery_sprint\evidence\g11\MERGE-050\30-node23.json
ok   C:\Users\Angad\Desktop\SummerBIOIN\Project14-T2PW\docs\pwml_recovery_sprint\evidence\g11\MERGE-050\31-node24.json
ok   C:\Users\Angad\Desktop\SummerBIOIN\Project14-T2PW\docs\pwml_recovery_sprint\evidence\g11\MERGE-050\32-node25.json
ok   C:\Users\Angad\Desktop\SummerBIOIN\Project14-T2PW\docs\pwml_recovery_sprint\evidence\g11\MERGE-050\33-node26.json
ok   C:\Users\Angad\Desktop\SummerBIOIN\Project14-T2PW\docs\pwml_recovery_sprint\evidence\g11\MERGE-050\34-offline-env-depth-probe.json
ok   C:\Users\Angad\Desktop\SummerBIOIN\Project14-T2PW\docs\pwml_recovery_sprint\evidence\g11\MERGE-050a\01-smoke.json
ok   C:\Users\Angad\Desktop\SummerBIOIN\Project14-T2PW\docs\pwml_recovery_sprint\evidence\g11\MERGE-050a\02-chunkdcore.json
ok   C:\Users\Angad\Desktop\SummerBIOIN\Project14-T2PW\docs\pwml_recovery_sprint\evidence\g11\MERGE-050a\03-mono.json
ok   C:\Users\Angad\Desktop\SummerBIOIN\Project14-T2PW\docs\pwml_recovery_sprint\evidence\g11\MERGE-050a\04-core.json
ok   C:\Users\Angad\Desktop\SummerBIOIN\Project14-T2PW\docs\pwml_recovery_sprint\evidence\g11\MERGE-050a\05-s8.json
ok   C:\Users\Angad\Desktop\SummerBIOIN\Project14-T2PW\docs\pwml_recovery_sprint\evidence\g11\MERGE-050a\06-qb.json
ok   C:\Users\Angad\Desktop\SummerBIOIN\Project14-T2PW\docs\pwml_recovery_sprint\evidence\g11\MERGE-050a\07-run-core.json
ok   C:\Users\Angad\Desktop\SummerBIOIN\Project14-T2PW\docs\pwml_recovery_sprint\evidence\g11\MERGE-050a\08-chunkds8.json
ok   C:\Users\Angad\Desktop\SummerBIOIN\Project14-T2PW\docs\pwml_recovery_sprint\evidence\g11\MERGE-050a\09-mono.json
ok   C:\Users\Angad\Desktop\SummerBIOIN\Project14-T2PW\docs\pwml_recovery_sprint\evidence\g11\MERGE-050a\10-core.json
ok   C:\Users\Angad\Desktop\SummerBIOIN\Project14-T2PW\docs\pwml_recovery_sprint\evidence\g11\MERGE-050a\11-s8.json
ok   C:\Users\Angad\Desktop\SummerBIOIN\Project14-T2PW\docs\pwml_recovery_sprint\evidence\g11\MERGE-050a\12-qb.json
ok   C:\Users\Angad\Desktop\SummerBIOIN\Project14-T2PW\docs\pwml_recovery_sprint\evidence\g11\MERGE-050a\13-node00.json
ok   C:\Users\Angad\Desktop\SummerBIOIN\Project14-T2PW\docs\pwml_recovery_sprint\evidence\g11\MERGE-050a\14-node01.json
ok   C:\Users\Angad\Desktop\SummerBIOIN\Project14-T2PW\docs\pwml_recovery_sprint\evidence\g11\MERGE-050a\15-node02.json
ok   C:\Users\Angad\Desktop\SummerBIOIN\Project14-T2PW\docs\pwml_recovery_sprint\evidence\g11\MERGE-050a\16-node03.json
ok   C:\Users\Angad\Desktop\SummerBIOIN\Project14-T2PW\docs\pwml_recovery_sprint\evidence\g11\MERGE-050b\01-smoke.json
ok   C:\Users\Angad\Desktop\SummerBIOIN\Project14-T2PW\docs\pwml_recovery_sprint\evidence\g11\MERGE-050b\02-focused.json
ok   C:\Users\Angad\Desktop\SummerBIOIN\Project14-T2PW\docs\pwml_recovery_sprint\evidence\g11\MERGE-050j\01-smoke.json
ok   C:\Users\Angad\Desktop\SummerBIOIN\Project14-T2PW\docs\pwml_recovery_sprint\evidence\g11\MERGE-051\01-smoke460.json
ok   C:\Users\Angad\Desktop\SummerBIOIN\Project14-T2PW\docs\pwml_recovery_sprint\evidence\g11\MERGE-051d\01-treeproof.json
ok   C:\Users\Angad\Desktop\SummerBIOIN\Project14-T2PW\docs\pwml_recovery_sprint\evidence\g11\MERGE-051d\02-chunkd.json
ok   C:\Users\Angad\Desktop\SummerBIOIN\Project14-T2PW\docs\pwml_recovery_sprint\evidence\g11\MERGE-051d\03-mono.json
ok   C:\Users\Angad\Desktop\SummerBIOIN\Project14-T2PW\docs\pwml_recovery_sprint\evidence\g11\MERGE-051d\04-core.json
ok   C:\Users\Angad\Desktop\SummerBIOIN\Project14-T2PW\docs\pwml_recovery_sprint\evidence\g11\MERGE-051d\05-s8.json
ok   C:\Users\Angad\Desktop\SummerBIOIN\Project14-T2PW\docs\pwml_recovery_sprint\evidence\g11\MERGE-051d\06-qb.json
ok   C:\Users\Angad\Desktop\SummerBIOIN\Project14-T2PW\docs\pwml_recovery_sprint\evidence\g11\MERGE-051d\07-run-core.json
ok   C:\Users\Angad\Desktop\SummerBIOIN\Project14-T2PW\docs\pwml_recovery_sprint\evidence\g11\MERGE-051d\08-node00.json
ok   C:\Users\Angad\Desktop\SummerBIOIN\Project14-T2PW\docs\pwml_recovery_sprint\evidence\g11\MERGE-051d\09-node01.json
ok   C:\Users\Angad\Desktop\SummerBIOIN\Project14-T2PW\docs\pwml_recovery_sprint\evidence\g11\MERGE-051d\10-node02.json
ok   C:\Users\Angad\Desktop\SummerBIOIN\Project14-T2PW\docs\pwml_recovery_sprint\evidence\g11\MERGE-051d\11-node03.json
ok   C:\Users\Angad\Desktop\SummerBIOIN\Project14-T2PW\docs\pwml_recovery_sprint\evidence\g11\MERGE-051d\12-node04.json
ok   C:\Users\Angad\Desktop\SummerBIOIN\Project14-T2PW\docs\pwml_recovery_sprint\evidence\g11\MERGE-051d\13-node05.json
ok   C:\Users\Angad\Desktop\SummerBIOIN\Project14-T2PW\docs\pwml_recovery_sprint\evidence\g11\MERGE-051d\14-node06.json
ok   C:\Users\Angad\Desktop\SummerBIOIN\Project14-T2PW\docs\pwml_recovery_sprint\evidence\g11\MERGE-051d\15-node07.json
ok   C:\Users\Angad\Desktop\SummerBIOIN\Project14-T2PW\docs\pwml_recovery_sprint\evidence\g11\MERGE-051d\16-node08.json
ok   C:\Users\Angad\Desktop\SummerBIOIN\Project14-T2PW\docs\pwml_recovery_sprint\evidence\g11\MERGE-051d\17-node09.json
ok   C:\Users\Angad\Desktop\SummerBIOIN\Project14-T2PW\docs\pwml_recovery_sprint\evidence\g11\MERGE-051d\18-node10.json
ok   C:\Users\Angad\Desktop\SummerBIOIN\Project14-T2PW\docs\pwml_recovery_sprint\evidence\g11\MERGE-051d\19-node11.json
ok   C:\Users\Angad\Desktop\SummerBIOIN\Project14-T2PW\docs\pwml_recovery_sprint\evidence\g11\MERGE-051d\20-node12.json
ok   C:\Users\Angad\Desktop\SummerBIOIN\Project14-T2PW\docs\pwml_recovery_sprint\evidence\g11\MERGE-051d\21-node13.json
ok   C:\Users\Angad\Desktop\SummerBIOIN\Project14-T2PW\docs\pwml_recovery_sprint\evidence\g11\MERGE-051d\22-node14.json
ok   C:\Users\Angad\Desktop\SummerBIOIN\Project14-T2PW\docs\pwml_recovery_sprint\evidence\g11\MERGE-051d\23-node15.json
ok   C:\Users\Angad\Desktop\SummerBIOIN\Project14-T2PW\docs\pwml_recovery_sprint\evidence\g11\MERGE-051d\24-node16.json
ok   C:\Users\Angad\Desktop\SummerBIOIN\Project14-T2PW\docs\pwml_recovery_sprint\evidence\g11\MERGE-051d\25-node17.json
ok   C:\Users\Angad\Desktop\SummerBIOIN\Project14-T2PW\docs\pwml_recovery_sprint\evidence\g11\MERGE-051d\26-node18.json
ok   C:\Users\Angad\Desktop\SummerBIOIN\Project14-T2PW\docs\pwml_recovery_sprint\evidence\g11\MERGE-051d\27-node19.json
ok   C:\Users\Angad\Desktop\SummerBIOIN\Project14-T2PW\docs\pwml_recovery_sprint\evidence\g11\MERGE-051d\28-node20.json
ok   C:\Users\Angad\Desktop\SummerBIOIN\Project14-T2PW\docs\pwml_recovery_sprint\evidence\g11\MERGE-051d\29-node21.json
ok   C:\Users\Angad\Desktop\SummerBIOIN\Project14-T2PW\docs\pwml_recovery_sprint\evidence\g11\MERGE-051d\30-node22.json
ok   C:\Users\Angad\Desktop\SummerBIOIN\Project14-T2PW\docs\pwml_recovery_sprint\evidence\g11\MERGE-051d\31-node23.json
ok   C:\Users\Angad\Desktop\SummerBIOIN\Project14-T2PW\docs\pwml_recovery_sprint\evidence\g11\MERGE-051d\32-node24.json
ok   C:\Users\Angad\Desktop\SummerBIOIN\Project14-T2PW\docs\pwml_recovery_sprint\evidence\g11\MERGE-051d\33-node25.json
ok   C:\Users\Angad\Desktop\SummerBIOIN\Project14-T2PW\docs\pwml_recovery_sprint\evidence\g11\MERGE-051d\34-node26.json
ok   C:\Users\Angad\Desktop\SummerBIOIN\Project14-T2PW\docs\pwml_recovery_sprint\evidence\g11\MERGE-051d\35-smoke.json
ok   C:\Users\Angad\Desktop\SummerBIOIN\Project14-T2PW\docs\pwml_recovery_sprint\evidence\g11\MERGE-051d\36-smoke.json
ok   C:\Users\Angad\Desktop\SummerBIOIN\Project14-T2PW\docs\pwml_recovery_sprint\evidence\g11\MERGE-052\01-smoke-merged.json
ok   C:\Users\Angad\Desktop\SummerBIOIN\Project14-T2PW\docs\pwml_recovery_sprint\evidence\g11\MERGE-052\02-smoke-merged-count.json
ok   C:\Users\Angad\Desktop\SummerBIOIN\Project14-T2PW\docs\pwml_recovery_sprint\evidence\g11\MERGE-055\01-smoke.json
ok   C:\Users\Angad\Desktop\SummerBIOIN\Project14-T2PW\docs\pwml_recovery_sprint\evidence\g11\MERGE-057\01-smoke.json
ok   C:\Users\Angad\Desktop\SummerBIOIN\Project14-T2PW\docs\pwml_recovery_sprint\evidence\g11\MERGE-058\01-smoke.json
ok   C:\Users\Angad\Desktop\SummerBIOIN\Project14-T2PW\docs\pwml_recovery_sprint\evidence\g11\MERGE-059\01-smoke-c056d-c059.json
ok   C:\Users\Angad\Desktop\SummerBIOIN\Project14-T2PW\docs\pwml_recovery_sprint\evidence\g11\MERGE-060\01-smoke.json
ok   C:\Users\Angad\Desktop\SummerBIOIN\Project14-T2PW\docs\pwml_recovery_sprint\evidence\g11\MERGE-060\02-focused.json
ok   C:\Users\Angad\Desktop\SummerBIOIN\Project14-T2PW\docs\pwml_recovery_sprint\evidence\g11\MERGE-060a\01-smoke.json
ok   C:\Users\Angad\Desktop\SummerBIOIN\Project14-T2PW\docs\pwml_recovery_sprint\evidence\g11\MERGE-060a\02-crossseam.json
ok   C:\Users\Angad\Desktop\SummerBIOIN\Project14-T2PW\docs\pwml_recovery_sprint\evidence\g11\MERGE-061a\01-smoke.json
ok   C:\Users\Angad\Desktop\SummerBIOIN\Project14-T2PW\docs\pwml_recovery_sprint\evidence\g11\MERGE-061a\02-focused.json
ok   C:\Users\Angad\Desktop\SummerBIOIN\Project14-T2PW\docs\pwml_recovery_sprint\evidence\g11\MERGE-063\01-post-merge-smoke.json
ok   C:\Users\Angad\Desktop\SummerBIOIN\Project14-T2PW\docs\pwml_recovery_sprint\evidence\g11\MERGE-064\01-post-merge-smoke.json
ok   C:\Users\Angad\Desktop\SummerBIOIN\Project14-T2PW\docs\pwml_recovery_sprint\evidence\g11\MERGE-065\01-post-merge-smoke.json
ok   C:\Users\Angad\Desktop\SummerBIOIN\Project14-T2PW\docs\pwml_recovery_sprint\evidence\g11\MERGE-066\01-post-merge-smoke.json
ok   C:\Users\Angad\Desktop\SummerBIOIN\Project14-T2PW\docs\pwml_recovery_sprint\evidence\g11\MERGE-067\01-post-merge-smoke.json
ok   C:\Users\Angad\Desktop\SummerBIOIN\Project14-T2PW\docs\pwml_recovery_sprint\evidence\g11\MERGE-067\02-post-merge-replay.json
ok   C:\Users\Angad\Desktop\SummerBIOIN\Project14-T2PW\docs\pwml_recovery_sprint\evidence\g11\MERGE-068\01-post-merge-smoke.json
ok   C:\Users\Angad\Desktop\SummerBIOIN\Project14-T2PW\docs\pwml_recovery_sprint\evidence\g11\MERGE-068\02-tripwires-now-green.json
ok   C:\Users\Angad\Desktop\SummerBIOIN\Project14-T2PW\docs\pwml_recovery_sprint\evidence\g11\MERGE-092\01-smoke-post-c092.json
ok   C:\Users\Angad\Desktop\SummerBIOIN\Project14-T2PW\docs\pwml_recovery_sprint\evidence\g11\MERGE-092\02-postmerge-ab.json
ok   C:\Users\Angad\Desktop\SummerBIOIN\Project14-T2PW\docs\pwml_recovery_sprint\evidence\g11\MERGE-093\01-smoke-post-c093.json
ok   C:\Users\Angad\Desktop\SummerBIOIN\Project14-T2PW\docs\pwml_recovery_sprint\evidence\g11\MERGE-093\02-postmerge-ab.json
ok   C:\Users\Angad\Desktop\SummerBIOIN\Project14-T2PW\docs\pwml_recovery_sprint\evidence\g11\MERGE-095\01-smoke-post-merge.json
ok   C:\Users\Angad\Desktop\SummerBIOIN\Project14-T2PW\docs\pwml_recovery_sprint\evidence\g11\MERGE-095\02-affected-combined.json
ok   C:\Users\Angad\Desktop\SummerBIOIN\Project14-T2PW\docs\pwml_recovery_sprint\evidence\g11\MERGE-096\01-smoke-post-merge.json
ok   C:\Users\Angad\Desktop\SummerBIOIN\Project14-T2PW\docs\pwml_recovery_sprint\evidence\g11\MERGE-097\01-smoke-post-merge.json
ok   C:\Users\Angad\Desktop\SummerBIOIN\Project14-T2PW\docs\pwml_recovery_sprint\evidence\g11\MERGE-099\01-smoke-post-merge.json
ok   C:\Users\Angad\Desktop\SummerBIOIN\Project14-T2PW\docs\pwml_recovery_sprint\evidence\g11\MERGE-100\01-smoke-post-merge.json
ok   C:\Users\Angad\Desktop\SummerBIOIN\Project14-T2PW\docs\pwml_recovery_sprint\evidence\g11\MERGE-101\01-smoke-post-merge.json
ok   C:\Users\Angad\Desktop\SummerBIOIN\Project14-T2PW\docs\pwml_recovery_sprint\evidence\g11\MERGE-102\01-smoke-post-merge.json
ok   C:\Users\Angad\Desktop\SummerBIOIN\Project14-T2PW\docs\pwml_recovery_sprint\evidence\g11\MERGE-103\01-smoke-post-merge.json
ok   C:\Users\Angad\Desktop\SummerBIOIN\Project14-T2PW\docs\pwml_recovery_sprint\evidence\g11\MERGE-103\02-goldreaders-post-merge.json
ok   C:\Users\Angad\Desktop\SummerBIOIN\Project14-T2PW\docs\pwml_recovery_sprint\evidence\g11\ORCH-092\01-p1-itemize.json
ok   C:\Users\Angad\Desktop\SummerBIOIN\Project14-T2PW\docs\pwml_recovery_sprint\evidence\g11\ORCH-092\02-p1-rows.json
ok   C:\Users\Angad\Desktop\SummerBIOIN\Project14-T2PW\docs\pwml_recovery_sprint\evidence\g11\ORCH-092\03-p1-census.json
ok   C:\Users\Angad\Desktop\SummerBIOIN\Project14-T2PW\docs\pwml_recovery_sprint\evidence\g11\ORCH-092\04-p1-participation.json
ok   C:\Users\Angad\Desktop\SummerBIOIN\Project14-T2PW\docs\pwml_recovery_sprint\evidence\g11\ORCH-092\05-p1-schema.json
ok   C:\Users\Angad\Desktop\SummerBIOIN\Project14-T2PW\docs\pwml_recovery_sprint\evidence\g11\ORCH-092\06-p1-sourceindex.json
ok   C:\Users\Angad\Desktop\SummerBIOIN\Project14-T2PW\docs\pwml_recovery_sprint\evidence\g11\ORCH-092\07-p1-rulemeasure.json
ok   C:\Users\Angad\Desktop\SummerBIOIN\Project14-T2PW\docs\pwml_recovery_sprint\evidence\g11\ORCH-092\08-p1-atp.json
ok   C:\Users\Angad\Desktop\SummerBIOIN\Project14-T2PW\docs\pwml_recovery_sprint\evidence\g11\ORCH-092\09-p1-textpresence.json
ok   C:\Users\Angad\Desktop\SummerBIOIN\Project14-T2PW\docs\pwml_recovery_sprint\evidence\g11\ORCH-092\10-p1-passc.json
ok   C:\Users\Angad\Desktop\SummerBIOIN\Project14-T2PW\docs\pwml_recovery_sprint\evidence\g11\ORCH-092\11-p1-drawvariance.json
ok   C:\Users\Angad\Desktop\SummerBIOIN\Project14-T2PW\docs\pwml_recovery_sprint\evidence\g11\ORCH-092\12-p1-reach.json
ok   C:\Users\Angad\Desktop\SummerBIOIN\Project14-T2PW\docs\pwml_recovery_sprint\evidence\g11\ORCH-092\13-p1-reach-corrected.json
ok   C:\Users\Angad\Desktop\SummerBIOIN\Project14-T2PW\docs\pwml_recovery_sprint\evidence\g11\ORCH-092\14-premerge-baseline.json
ok   C:\Users\Angad\Desktop\SummerBIOIN\Project14-T2PW\docs\pwml_recovery_sprint\evidence\g11\ORCH-092\15-c056b-camouflage-check.json
ok   C:\Users\Angad\Desktop\SummerBIOIN\Project14-T2PW\docs\pwml_recovery_sprint\evidence\g11\ORCH-092\16-floor-independent-check.json
ok   C:\Users\Angad\Desktop\SummerBIOIN\Project14-T2PW\docs\pwml_recovery_sprint\evidence\g11\ORCH-092\17-all92-drawvar.json
ok   C:\Users\Angad\Desktop\SummerBIOIN\Project14-T2PW\docs\pwml_recovery_sprint\evidence\g11\ORCH-092\18-all92-reach.json
ok   C:\Users\Angad\Desktop\SummerBIOIN\Project14-T2PW\docs\pwml_recovery_sprint\evidence\g11\ORCH-093\01-ladder-asymmetry.json
ok   C:\Users\Angad\Desktop\SummerBIOIN\Project14-T2PW\docs\pwml_recovery_sprint\evidence\g11\ORCH-093\02-ladder-all92.json
ok   C:\Users\Angad\Desktop\SummerBIOIN\Project14-T2PW\docs\pwml_recovery_sprint\evidence\g11\ORCH-130\01-f130-replay.json
ok   C:\Users\Angad\Desktop\SummerBIOIN\Project14-T2PW\docs\pwml_recovery_sprint\evidence\g11\ORCH-701\01-verify-plan-cohort.json
ok   C:\Users\Angad\Desktop\SummerBIOIN\Project14-T2PW\docs\pwml_recovery_sprint\evidence\g11\ORCH-702\01-anchor-draw-variance.json
ok   C:\Users\Angad\Desktop\SummerBIOIN\Project14-T2PW\docs\pwml_recovery_sprint\evidence\g11\ORCH-702\02-anchor-draw-variance-2.json
ok   C:\Users\Angad\Desktop\SummerBIOIN\Project14-T2PW\docs\pwml_recovery_sprint\evidence\g11\ORCH-702\03-f132-forbidden-anchors.json
ok   C:\Users\Angad\Desktop\SummerBIOIN\Project14-T2PW\docs\pwml_recovery_sprint\evidence\g11\ORCH-703\01-cohort-run.json
ok   C:\Users\Angad\Desktop\SummerBIOIN\Project14-T2PW\docs\pwml_recovery_sprint\evidence\g11\ORCH-703\02-cohort-decompose.json
ok   C:\Users\Angad\Desktop\SummerBIOIN\Project14-T2PW\docs\pwml_recovery_sprint\evidence\g11\ORCH-703\03-wrapper-compare.json
ok   C:\Users\Angad\Desktop\SummerBIOIN\Project14-T2PW\docs\pwml_recovery_sprint\evidence\g11\ORCH-703\04-reaction-actors.json
ok   C:\Users\Angad\Desktop\SummerBIOIN\Project14-T2PW\docs\pwml_recovery_sprint\evidence\g11\ORCH-704\01-verify-rootcauses.json
ok   C:\Users\Angad\Desktop\SummerBIOIN\Project14-T2PW\docs\pwml_recovery_sprint\evidence\g11\ORCH-705\01-species-write-site.json
ok   C:\Users\Angad\Desktop\SummerBIOIN\Project14-T2PW\docs\pwml_recovery_sprint\evidence\g11\ORCH-705\02-f129-baseline.json
ok   C:\Users\Angad\Desktop\SummerBIOIN\Project14-T2PW\docs\pwml_recovery_sprint\evidence\g11\ORCH-705\03-c094-blocking-question.json
ok   C:\Users\Angad\Desktop\SummerBIOIN\Project14-T2PW\docs\pwml_recovery_sprint\evidence\g11\ORCH-706\01-c094-risk-census.json
ok   C:\Users\Angad\Desktop\SummerBIOIN\Project14-T2PW\docs\pwml_recovery_sprint\evidence\g11\ORCH-706\02-c094-underneath.json
ok   C:\Users\Angad\Desktop\SummerBIOIN\Project14-T2PW\docs\pwml_recovery_sprint\evidence\g11\ORCH-707\01-verify-smoke-c094.json
ok   C:\Users\Angad\Desktop\SummerBIOIN\Project14-T2PW\docs\pwml_recovery_sprint\evidence\g11\ORCH-707\02-verify-chunkd-core.json
ok   C:\Users\Angad\Desktop\SummerBIOIN\Project14-T2PW\docs\pwml_recovery_sprint\evidence\g11\ORCH-707\03-mono.json
ok   C:\Users\Angad\Desktop\SummerBIOIN\Project14-T2PW\docs\pwml_recovery_sprint\evidence\g11\ORCH-707\04-core.json
ok   C:\Users\Angad\Desktop\SummerBIOIN\Project14-T2PW\docs\pwml_recovery_sprint\evidence\g11\ORCH-707\05-s8.json
ok   C:\Users\Angad\Desktop\SummerBIOIN\Project14-T2PW\docs\pwml_recovery_sprint\evidence\g11\ORCH-707\06-qb.json
ok   C:\Users\Angad\Desktop\SummerBIOIN\Project14-T2PW\docs\pwml_recovery_sprint\evidence\g11\ORCH-707\07-run-core.json
ok   C:\Users\Angad\Desktop\SummerBIOIN\Project14-T2PW\docs\pwml_recovery_sprint\evidence\g11\ORCH-707\08-verify-g9-base.json
ok   C:\Users\Angad\Desktop\SummerBIOIN\Project14-T2PW\docs\pwml_recovery_sprint\evidence\g11\ORCH-708\01-c096-ast-confirm.json
ok   C:\Users\Angad\Desktop\SummerBIOIN\Project14-T2PW\docs\pwml_recovery_sprint\evidence\g11\ORCH-709\01-protein-export-policy-tip.json
ok   C:\Users\Angad\Desktop\SummerBIOIN\Project14-T2PW\docs\pwml_recovery_sprint\evidence\g11\ORCH-709\02-protein-export-policy-base.json
ok   C:\Users\Angad\Desktop\SummerBIOIN\Project14-T2PW\docs\pwml_recovery_sprint\evidence\g11\ORCH-710\01-pinned21-reconstruct.json
ok   C:\Users\Angad\Desktop\SummerBIOIN\Project14-T2PW\docs\pwml_recovery_sprint\evidence\g11\ORCH-710\02-losses-and-gold.json
ok   C:\Users\Angad\Desktop\SummerBIOIN\Project14-T2PW\docs\pwml_recovery_sprint\evidence\g11\ORCH-710\03-losses-entdef-gold.json
ok   C:\Users\Angad\Desktop\SummerBIOIN\Project14-T2PW\docs\pwml_recovery_sprint\evidence\g11\ORCH-710\04-stripped-identity-losses.json
ok   C:\Users\Angad\Desktop\SummerBIOIN\Project14-T2PW\docs\pwml_recovery_sprint\evidence\g11\ORCH-710\05-gold-tolerance-contradiction.json
ok   C:\Users\Angad\Desktop\SummerBIOIN\Project14-T2PW\docs\pwml_recovery_sprint\evidence\g11\ORCH-710\06-certify-check.json
ok   C:\Users\Angad\Desktop\SummerBIOIN\Project14-T2PW\docs\pwml_recovery_sprint\evidence\g11\ORCH-711\01-f141-shape.json
ok   C:\Users\Angad\Desktop\SummerBIOIN\Project14-T2PW\docs\pwml_recovery_sprint\evidence\g11\ORCH-711\02-f141-classify.json
ok   C:\Users\Angad\Desktop\SummerBIOIN\Project14-T2PW\docs\pwml_recovery_sprint\evidence\g11\ORCH-711\03-f141-classify-v2.json
ok   C:\Users\Angad\Desktop\SummerBIOIN\Project14-T2PW\docs\pwml_recovery_sprint\evidence\g11\ORCH-711\04-f141-species-seam.json
ok   C:\Users\Angad\Desktop\SummerBIOIN\Project14-T2PW\docs\pwml_recovery_sprint\evidence\g11\ORCH-711\05-f141-which-side.json
ok   C:\Users\Angad\Desktop\SummerBIOIN\Project14-T2PW\docs\pwml_recovery_sprint\evidence\g11\ORCH-711\06-wholetree-check.json
ok   C:\Users\Angad\Desktop\SummerBIOIN\Project14-T2PW\docs\pwml_recovery_sprint\evidence\g11\ORCH-711\07-smoke-tip-baseline.json
ok   C:\Users\Angad\Desktop\SummerBIOIN\Project14-T2PW\docs\pwml_recovery_sprint\evidence\g11\ORCH-711\08-export-policy-baseline.json
ok   C:\Users\Angad\Desktop\SummerBIOIN\Project14-T2PW\docs\pwml_recovery_sprint\evidence\g11\ORCH-711\09-verify-c099-exportpolicy.json
ok   C:\Users\Angad\Desktop\SummerBIOIN\Project14-T2PW\docs\pwml_recovery_sprint\evidence\g11\ORCH-711\10-verify-c099-golden.json
ok   C:\Users\Angad\Desktop\SummerBIOIN\Project14-T2PW\docs\pwml_recovery_sprint\evidence\g11\ORCH-711\11-wrapper-species-census.json
ok   C:\Users\Angad\Desktop\SummerBIOIN\Project14-T2PW\docs\pwml_recovery_sprint\evidence\g11\ORCH-711\12-verify-c099-r2.json
ok   C:\Users\Angad\Desktop\SummerBIOIN\Project14-T2PW\docs\pwml_recovery_sprint\evidence\g11\ORCH-712\01-carrier-baseline.json
ok   C:\Users\Angad\Desktop\SummerBIOIN\Project14-T2PW\docs\pwml_recovery_sprint\evidence\g11\ORCH-712\02-c099-note-population.json
ok   C:\Users\Angad\Desktop\SummerBIOIN\Project14-T2PW\docs\pwml_recovery_sprint\evidence\g11\ORCH-712\03-c099-export-policy-pin.json
ok   C:\Users\Angad\Desktop\SummerBIOIN\Project14-T2PW\docs\pwml_recovery_sprint\evidence\g11\ORCH-712\04-c099-delta-pin.json
ok   C:\Users\Angad\Desktop\SummerBIOIN\Project14-T2PW\docs\pwml_recovery_sprint\evidence\g11\ORCH-712\05-c099-delta-pin-split.json
ok   C:\Users\Angad\Desktop\SummerBIOIN\Project14-T2PW\docs\pwml_recovery_sprint\evidence\g11\ORCH-712\06-ab-base-smoke.json
ok   C:\Users\Angad\Desktop\SummerBIOIN\Project14-T2PW\docs\pwml_recovery_sprint\evidence\g11\ORCH-712\08-ab-tip-goldreaders.json
ok   C:\Users\Angad\Desktop\SummerBIOIN\Project14-T2PW\docs\pwml_recovery_sprint\evidence\g11\ORCH-712\09-ab-base-goldreaders2.json
ok   C:\Users\Angad\Desktop\SummerBIOIN\Project14-T2PW\docs\pwml_recovery_sprint\evidence\g11\ORCH-712\10-certify-712.json
ok   C:\Users\Angad\Desktop\SummerBIOIN\Project14-T2PW\docs\pwml_recovery_sprint\evidence\g11\ORCH-712\11-lpp-probe.json
ok   C:\Users\Angad\Desktop\SummerBIOIN\Project14-T2PW\docs\pwml_recovery_sprint\evidence\g11\ORCH-712\12-final-wholetree.json
ok   C:\Users\Angad\Desktop\SummerBIOIN\Project14-T2PW\docs\pwml_recovery_sprint\evidence\g11\ORCH-713\01-glut-classify.json
ok   C:\Users\Angad\Desktop\SummerBIOIN\Project14-T2PW\docs\pwml_recovery_sprint\evidence\g11\ORCH-713\02-glut-release-seam.json
ok   C:\Users\Angad\Desktop\SummerBIOIN\Project14-T2PW\docs\pwml_recovery_sprint\evidence\g11\ORCH-713\03-glut-release-fields.json
ok   C:\Users\Angad\Desktop\SummerBIOIN\Project14-T2PW\docs\pwml_recovery_sprint\evidence\g11\ORCH-713\04-f132-overlap.json
ok   C:\Users\Angad\Desktop\SummerBIOIN\Project14-T2PW\docs\pwml_recovery_sprint\evidence\g11\ORCH-713\05-f132-overlap-v2.json
ok   C:\Users\Angad\Desktop\SummerBIOIN\Project14-T2PW\docs\pwml_recovery_sprint\evidence\g11\ORCH-714\01-t107-readiness.json
ok   C:\Users\Angad\Desktop\SummerBIOIN\Project14-T2PW\docs\pwml_recovery_sprint\evidence\g11\ORCH-714\02-t107-p1-composition.json
ok   C:\Users\Angad\Desktop\SummerBIOIN\Project14-T2PW\docs\pwml_recovery_sprint\evidence\g11\ORCH-714\03-t107-p1-v2.json
ok   C:\Users\Angad\Desktop\SummerBIOIN\Project14-T2PW\docs\pwml_recovery_sprint\evidence\g11\ORCH-715\01-t107-cost-bound.json
ok   C:\Users\Angad\Desktop\SummerBIOIN\Project14-T2PW\docs\pwml_recovery_sprint\evidence\g11\ORCH-715\02-t107-cost-bound-v2.json
ok   C:\Users\Angad\Desktop\SummerBIOIN\Project14-T2PW\docs\pwml_recovery_sprint\evidence\g11\ORCH-716\01-smoke.json
ok   C:\Users\Angad\Desktop\SummerBIOIN\Project14-T2PW\docs\pwml_recovery_sprint\evidence\g11\ORCH-716\02-goldreaders.json
ok   C:\Users\Angad\Desktop\SummerBIOIN\Project14-T2PW\docs\pwml_recovery_sprint\evidence\g11\ORCH-716\03-nv-baseline.json
ok   C:\Users\Angad\Desktop\SummerBIOIN\Project14-T2PW\docs\pwml_recovery_sprint\evidence\g11\ORCH-716\04-nv-m1-constant.json
ok   C:\Users\Angad\Desktop\SummerBIOIN\Project14-T2PW\docs\pwml_recovery_sprint\evidence\g11\ORCH-716\05-nv-m2-arma-neutered.json
ok   C:\Users\Angad\Desktop\SummerBIOIN\Project14-T2PW\docs\pwml_recovery_sprint\evidence\g11\ORCH-716\06-nv-m3-c072-neutered.json
ok   C:\Users\Angad\Desktop\SummerBIOIN\Project14-T2PW\docs\pwml_recovery_sprint\evidence\g11\ORCH-716\07-nv-restore-verify.json
ok   C:\Users\Angad\Desktop\SummerBIOIN\Project14-T2PW\docs\pwml_recovery_sprint\evidence\g11\ORCH-716\08-openrouter-usage.json
ok   C:\Users\Angad\Desktop\SummerBIOIN\Project14-T2PW\docs\pwml_recovery_sprint\evidence\g11\ORCH-716\09-openrouter-usage-redacted.json
ok   C:\Users\Angad\Desktop\SummerBIOIN\Project14-T2PW\docs\pwml_recovery_sprint\evidence\g11\ORCH-716\10-stale-verdict-probe.json
ok   C:\Users\Angad\Desktop\SummerBIOIN\Project14-T2PW\docs\pwml_recovery_sprint\evidence\g11\ORCH-716\11-smoke-pinned.json
ok   C:\Users\Angad\Desktop\SummerBIOIN\Project14-T2PW\docs\pwml_recovery_sprint\evidence\g11\ORCH-716\12-wholetree-g11.json
ok   C:\Users\Angad\Desktop\SummerBIOIN\Project14-T2PW\docs\pwml_recovery_sprint\evidence\g11\ORCH-716\13-c102-base-red.json
ok   C:\Users\Angad\Desktop\SummerBIOIN\Project14-T2PW\docs\pwml_recovery_sprint\evidence\g11\ORCH-716\14-c104-postmerge-smoke.json
ok   C:\Users\Angad\Desktop\SummerBIOIN\Project14-T2PW\docs\pwml_recovery_sprint\evidence\g11\ORCH-716\15-c105-postmerge-smoke.json
ok   C:\Users\Angad\Desktop\SummerBIOIN\Project14-T2PW\docs\pwml_recovery_sprint\evidence\g11\ORCH-716\16-c105-postmerge-goldreaders.json
ok   C:\Users\Angad\Desktop\SummerBIOIN\Project14-T2PW\docs\pwml_recovery_sprint\evidence\g11\R-089\01-pgp3468-census.json
ok   C:\Users\Angad\Desktop\SummerBIOIN\Project14-T2PW\docs\pwml_recovery_sprint\evidence\g11\R-089\02-pgp3468-complexrow.json
ok   C:\Users\Angad\Desktop\SummerBIOIN\Project14-T2PW\docs\pwml_recovery_sprint\evidence\g11\R-089\03-pgp3468-reactions.json
ok   C:\Users\Angad\Desktop\SummerBIOIN\Project14-T2PW\docs\pwml_recovery_sprint\evidence\g11\R-089\04-pgp3468-rxn-table.json
ok   C:\Users\Angad\Desktop\SummerBIOIN\Project14-T2PW\docs\pwml_recovery_sprint\evidence\g11\R-089\05-pgp3468-proteins-and-rag.json
ok   C:\Users\Angad\Desktop\SummerBIOIN\Project14-T2PW\docs\pwml_recovery_sprint\evidence\g11\R-089\06-pgp3468-premapping.json
ok   C:\Users\Angad\Desktop\SummerBIOIN\Project14-T2PW\docs\pwml_recovery_sprint\evidence\g11\R-089\07-pgp3468-actor-names.json
ok   C:\Users\Angad\Desktop\SummerBIOIN\Project14-T2PW\docs\pwml_recovery_sprint\evidence\g11\R-089\08-latest-legs-complex-census.json
ok   C:\Users\Angad\Desktop\SummerBIOIN\Project14-T2PW\docs\pwml_recovery_sprint\evidence\g11\RECONCILEB-001\01-collectfmt-probe.json
ok   C:\Users\Angad\Desktop\SummerBIOIN\Project14-T2PW\docs\pwml_recovery_sprint\evidence\g11\RECONCILEB-001\02-collectfmt-tail.json
ok   C:\Users\Angad\Desktop\SummerBIOIN\Project14-T2PW\docs\pwml_recovery_sprint\evidence\g11\RECONCILEB-001\03-collect-outer.json
ok   C:\Users\Angad\Desktop\SummerBIOIN\Project14-T2PW\docs\pwml_recovery_sprint\evidence\g11\RECONCILEB-001\04-collect-mono.json
ok   C:\Users\Angad\Desktop\SummerBIOIN\Project14-T2PW\docs\pwml_recovery_sprint\evidence\g11\RECONCILEB-001\05-collect-core.json
ok   C:\Users\Angad\Desktop\SummerBIOIN\Project14-T2PW\docs\pwml_recovery_sprint\evidence\g11\RECONCILEB-001\06-collect-s8.json
ok   C:\Users\Angad\Desktop\SummerBIOIN\Project14-T2PW\docs\pwml_recovery_sprint\evidence\g11\RECONCILEB-001\07-collect-qb.json
ok   C:\Users\Angad\Desktop\SummerBIOIN\Project14-T2PW\docs\pwml_recovery_sprint\evidence\g11\RECONCILEB-001\08-collect2-outer.json
ok   C:\Users\Angad\Desktop\SummerBIOIN\Project14-T2PW\docs\pwml_recovery_sprint\evidence\g11\RECONCILEB-001\09-collect2-mono.json
ok   C:\Users\Angad\Desktop\SummerBIOIN\Project14-T2PW\docs\pwml_recovery_sprint\evidence\g11\RECONCILEB-001\10-collect2-core.json
ok   C:\Users\Angad\Desktop\SummerBIOIN\Project14-T2PW\docs\pwml_recovery_sprint\evidence\g11\RECONCILEB-001\11-collect2-s8.json
ok   C:\Users\Angad\Desktop\SummerBIOIN\Project14-T2PW\docs\pwml_recovery_sprint\evidence\g11\RECONCILEB-001\12-collect2-qb.json
ok   C:\Users\Angad\Desktop\SummerBIOIN\Project14-T2PW\docs\pwml_recovery_sprint\evidence\g11\RECONCILEB-001\13-base-core-outer.json
ok   C:\Users\Angad\Desktop\SummerBIOIN\Project14-T2PW\docs\pwml_recovery_sprint\evidence\g11\RECONCILEB-001\14-base-core.json
ok   C:\Users\Angad\Desktop\SummerBIOIN\Project14-T2PW\docs\pwml_recovery_sprint\evidence\g11\RECONCILEB-001\15-base-s8-outer.json
ok   C:\Users\Angad\Desktop\SummerBIOIN\Project14-T2PW\docs\pwml_recovery_sprint\evidence\g11\RECONCILEB-001\16-base-s8.json
ok   C:\Users\Angad\Desktop\SummerBIOIN\Project14-T2PW\docs\pwml_recovery_sprint\evidence\g11\RECONCILEB-001\17-base-qb-outer.json
ok   C:\Users\Angad\Desktop\SummerBIOIN\Project14-T2PW\docs\pwml_recovery_sprint\evidence\g11\RECONCILEB-001\18-base-qb.json
ok   C:\Users\Angad\Desktop\SummerBIOIN\Project14-T2PW\docs\pwml_recovery_sprint\evidence\g11\RECONCILEB-001\19-diag-qb-verbose.json
ok   C:\Users\Angad\Desktop\SummerBIOIN\Project14-T2PW\docs\pwml_recovery_sprint\evidence\g11\RECONCILEB-001\20-base-qb2-outer.json
ok   C:\Users\Angad\Desktop\SummerBIOIN\Project14-T2PW\docs\pwml_recovery_sprint\evidence\g11\RECONCILEB-001\21-base-qb2.json
ok   C:\Users\Angad\Desktop\SummerBIOIN\Project14-T2PW\docs\pwml_recovery_sprint\evidence\g11\RECONCILEB-001\22-golden-lf-form.json
ok   C:\Users\Angad\Desktop\SummerBIOIN\Project14-T2PW\docs\pwml_recovery_sprint\evidence\g11\RECONCILEB-001\23-golden-crlf-form.json
ok   C:\Users\Angad\Desktop\SummerBIOIN\Project14-T2PW\docs\pwml_recovery_sprint\evidence\g11\RECONCILEB-001\24-tip-collect-outer.json
ok   C:\Users\Angad\Desktop\SummerBIOIN\Project14-T2PW\docs\pwml_recovery_sprint\evidence\g11\RECONCILEB-001\25-tip-collect-mono.json
ok   C:\Users\Angad\Desktop\SummerBIOIN\Project14-T2PW\docs\pwml_recovery_sprint\evidence\g11\RECONCILEB-001\26-tip-collect-core.json
ok   C:\Users\Angad\Desktop\SummerBIOIN\Project14-T2PW\docs\pwml_recovery_sprint\evidence\g11\RECONCILEB-001\27-tip-collect-s8.json
ok   C:\Users\Angad\Desktop\SummerBIOIN\Project14-T2PW\docs\pwml_recovery_sprint\evidence\g11\RECONCILEB-001\28-tip-collect-qb.json
ok   C:\Users\Angad\Desktop\SummerBIOIN\Project14-T2PW\docs\pwml_recovery_sprint\evidence\g11\RECONCILEB-001\29-tip-core-outer.json
ok   C:\Users\Angad\Desktop\SummerBIOIN\Project14-T2PW\docs\pwml_recovery_sprint\evidence\g11\RECONCILEB-001\30-tip-core.json
ok   C:\Users\Angad\Desktop\SummerBIOIN\Project14-T2PW\docs\pwml_recovery_sprint\evidence\g11\RECONCILEB-001\31-tip-s8-outer.json
ok   C:\Users\Angad\Desktop\SummerBIOIN\Project14-T2PW\docs\pwml_recovery_sprint\evidence\g11\RECONCILEB-001\32-tip-s8.json
ok   C:\Users\Angad\Desktop\SummerBIOIN\Project14-T2PW\docs\pwml_recovery_sprint\evidence\g11\RECONCILEB-001\33-tip-qb-outer.json
ok   C:\Users\Angad\Desktop\SummerBIOIN\Project14-T2PW\docs\pwml_recovery_sprint\evidence\g11\RECONCILEB-001\34-tip-qb.json
ok   C:\Users\Angad\Desktop\SummerBIOIN\Project14-T2PW\docs\pwml_recovery_sprint\evidence\g11\RECONCILEB-001\35-smoke.json
ok   C:\Users\Angad\Desktop\SummerBIOIN\Project14-T2PW\docs\pwml_recovery_sprint\evidence\g11\RECONCILEB-001\36-fix-collect-outer.json
ok   C:\Users\Angad\Desktop\SummerBIOIN\Project14-T2PW\docs\pwml_recovery_sprint\evidence\g11\RECONCILEB-001\37-fix-collect-mono.json
ok   C:\Users\Angad\Desktop\SummerBIOIN\Project14-T2PW\docs\pwml_recovery_sprint\evidence\g11\RECONCILEB-001\38-fix-collect-core.json
ok   C:\Users\Angad\Desktop\SummerBIOIN\Project14-T2PW\docs\pwml_recovery_sprint\evidence\g11\RECONCILEB-001\39-fix-collect-s8.json
ok   C:\Users\Angad\Desktop\SummerBIOIN\Project14-T2PW\docs\pwml_recovery_sprint\evidence\g11\RECONCILEB-001\40-fix-collect-qb.json
ok   C:\Users\Angad\Desktop\SummerBIOIN\Project14-T2PW\docs\pwml_recovery_sprint\evidence\g11\RECONCILEB-001\41-fix-core-outer.json
ok   C:\Users\Angad\Desktop\SummerBIOIN\Project14-T2PW\docs\pwml_recovery_sprint\evidence\g11\RECONCILEB-001\42-fix-core.json
ok   C:\Users\Angad\Desktop\SummerBIOIN\Project14-T2PW\docs\pwml_recovery_sprint\evidence\g11\RECONCILEB-001\43-regex-verdicts.json
ok   C:\Users\Angad\Desktop\SummerBIOIN\Project14-T2PW\docs\pwml_recovery_sprint\evidence\g11\RECONCILEB-001\44-fix2-core-outer.json
ok   C:\Users\Angad\Desktop\SummerBIOIN\Project14-T2PW\docs\pwml_recovery_sprint\evidence\g11\RECONCILEB-001\45-fix2-core.json
ok   C:\Users\Angad\Desktop\SummerBIOIN\Project14-T2PW\docs\pwml_recovery_sprint\evidence\g11\RECONCILEB-001\46-smoke2.json
ok   C:\Users\Angad\Desktop\SummerBIOIN\Project14-T2PW\docs\pwml_recovery_sprint\evidence\g11\RECONCILEB-001\47-guard-stderr.json
ok   C:\Users\Angad\Desktop\SummerBIOIN\Project14-T2PW\docs\pwml_recovery_sprint\evidence\g11\RECONCILEB-001\48-fix3-core-outer.json
ok   C:\Users\Angad\Desktop\SummerBIOIN\Project14-T2PW\docs\pwml_recovery_sprint\evidence\g11\RECONCILEB-001\49-fix3-core.json
ok   C:\Users\Angad\Desktop\SummerBIOIN\Project14-T2PW\docs\pwml_recovery_sprint\evidence\g11\RECONCILEB-001\50-smoke3.json
ok   C:\Users\Angad\Desktop\SummerBIOIN\Project14-T2PW\docs\pwml_recovery_sprint\evidence\g11\REV-034\01-tipfocused.json
ok   C:\Users\Angad\Desktop\SummerBIOIN\Project14-T2PW\docs\pwml_recovery_sprint\evidence\g11\REV-034\02-basefocused.json
ok   C:\Users\Angad\Desktop\SummerBIOIN\Project14-T2PW\docs\pwml_recovery_sprint\evidence\g11\REV-034\03-g9base.json
ok   C:\Users\Angad\Desktop\SummerBIOIN\Project14-T2PW\docs\pwml_recovery_sprint\evidence\g11\REV-034\04-g9tip.json
ok   C:\Users\Angad\Desktop\SummerBIOIN\Project14-T2PW\docs\pwml_recovery_sprint\evidence\g11\REV-034\05-g9compare.json
ok   C:\Users\Angad\Desktop\SummerBIOIN\Project14-T2PW\docs\pwml_recovery_sprint\evidence\g11\REV-034\06-smoke.json
ok   C:\Users\Angad\Desktop\SummerBIOIN\Project14-T2PW\docs\pwml_recovery_sprint\evidence\g11\REV-034\07-basefocusedfull.json
ok   C:\Users\Angad\Desktop\SummerBIOIN\Project14-T2PW\docs\pwml_recovery_sprint\evidence\g11\REV-034\08-capdiff.json
ok   C:\Users\Angad\Desktop\SummerBIOIN\Project14-T2PW\docs\pwml_recovery_sprint\evidence\g11\REV-034\09-astcmp.json
ok   C:\Users\Angad\Desktop\SummerBIOIN\Project14-T2PW\docs\pwml_recovery_sprint\evidence\g11\REV-034\10-smoke2.json
ok   C:\Users\Angad\Desktop\SummerBIOIN\Project14-T2PW\docs\pwml_recovery_sprint\evidence\g11\REV-034\11-adjacent.json
ok   C:\Users\Angad\Desktop\SummerBIOIN\Project14-T2PW\docs\pwml_recovery_sprint\evidence\g11\REV-034\12-adjacent2.json
ok   C:\Users\Angad\Desktop\SummerBIOIN\Project14-T2PW\docs\pwml_recovery_sprint\evidence\g11\REV-034\13-adjacent3.json
ok   C:\Users\Angad\Desktop\SummerBIOIN\Project14-T2PW\docs\pwml_recovery_sprint\evidence\g11\REV-034\14-adjbase.json
ok   C:\Users\Angad\Desktop\SummerBIOIN\Project14-T2PW\docs\pwml_recovery_sprint\evidence\g11\REV-034\15-adjtip.json
ok   C:\Users\Angad\Desktop\SummerBIOIN\Project14-T2PW\docs\pwml_recovery_sprint\evidence\g11\REV-034\16-chunkds8.json
ok   C:\Users\Angad\Desktop\SummerBIOIN\Project14-T2PW\docs\pwml_recovery_sprint\evidence\g11\REV-034\17-revs8-mono.json
ok   C:\Users\Angad\Desktop\SummerBIOIN\Project14-T2PW\docs\pwml_recovery_sprint\evidence\g11\REV-034\18-revs8-core.json
ok   C:\Users\Angad\Desktop\SummerBIOIN\Project14-T2PW\docs\pwml_recovery_sprint\evidence\g11\REV-034\19-revs8-s8.json
ok   C:\Users\Angad\Desktop\SummerBIOIN\Project14-T2PW\docs\pwml_recovery_sprint\evidence\g11\REV-034\20-revs8-qb.json
ok   C:\Users\Angad\Desktop\SummerBIOIN\Project14-T2PW\docs\pwml_recovery_sprint\evidence\g11\REV-034\21-revs8-node00.json
ok   C:\Users\Angad\Desktop\SummerBIOIN\Project14-T2PW\docs\pwml_recovery_sprint\evidence\g11\REV-034\22-revs8-node01.json
ok   C:\Users\Angad\Desktop\SummerBIOIN\Project14-T2PW\docs\pwml_recovery_sprint\evidence\g11\REV-034\23-revs8-node02.json
ok   C:\Users\Angad\Desktop\SummerBIOIN\Project14-T2PW\docs\pwml_recovery_sprint\evidence\g11\REV-034\24-revs8-node03.json
ok   C:\Users\Angad\Desktop\SummerBIOIN\Project14-T2PW\docs\pwml_recovery_sprint\evidence\g11\REV-034\25-probe.json
ok   C:\Users\Angad\Desktop\SummerBIOIN\Project14-T2PW\docs\pwml_recovery_sprint\evidence\g11\REV-034\26-g11check.json
ok   C:\Users\Angad\Desktop\SummerBIOIN\Project14-T2PW\docs\pwml_recovery_sprint\evidence\g11\REV-034\27-probeinferred.json
ok   C:\Users\Angad\Desktop\SummerBIOIN\Project14-T2PW\docs\pwml_recovery_sprint\evidence\g11\REV-034\28-astcmp2.json
ok   C:\Users\Angad\Desktop\SummerBIOIN\Project14-T2PW\docs\pwml_recovery_sprint\evidence\g11\REV-034\29-focused2.json
ok   C:\Users\Angad\Desktop\SummerBIOIN\Project14-T2PW\docs\pwml_recovery_sprint\evidence\g11\REV-034\30-g9tip2.json
ok   C:\Users\Angad\Desktop\SummerBIOIN\Project14-T2PW\docs\pwml_recovery_sprint\evidence\g11\REV-034\31-capdiff2.json
ok   C:\Users\Angad\Desktop\SummerBIOIN\Project14-T2PW\docs\pwml_recovery_sprint\evidence\g11\REV-034\32-smoke3.json
ok   C:\Users\Angad\Desktop\SummerBIOIN\Project14-T2PW\docs\pwml_recovery_sprint\evidence\g11\REV-034\33-probe3.json
ok   C:\Users\Angad\Desktop\SummerBIOIN\Project14-T2PW\docs\pwml_recovery_sprint\evidence\g11\REV-034\34-g11check2.json
ok   C:\Users\Angad\Desktop\SummerBIOIN\Project14-T2PW\docs\pwml_recovery_sprint\evidence\g11\REV-034\35-scanreal.json
ok   C:\Users\Angad\Desktop\SummerBIOIN\Project14-T2PW\docs\pwml_recovery_sprint\evidence\g11\REV-034\36-adjtip2.json
ok   C:\Users\Angad\Desktop\SummerBIOIN\Project14-T2PW\docs\pwml_recovery_sprint\evidence\g11\REV-034\37-chunkds8b.json
ok   C:\Users\Angad\Desktop\SummerBIOIN\Project14-T2PW\docs\pwml_recovery_sprint\evidence\g11\REV-034\38-rev2s8-mono.json
ok   C:\Users\Angad\Desktop\SummerBIOIN\Project14-T2PW\docs\pwml_recovery_sprint\evidence\g11\REV-034\39-rev2s8-core.json
ok   C:\Users\Angad\Desktop\SummerBIOIN\Project14-T2PW\docs\pwml_recovery_sprint\evidence\g11\REV-034\40-rev2s8-s8.json
ok   C:\Users\Angad\Desktop\SummerBIOIN\Project14-T2PW\docs\pwml_recovery_sprint\evidence\g11\REV-034\41-rev2s8-qb.json
ok   C:\Users\Angad\Desktop\SummerBIOIN\Project14-T2PW\docs\pwml_recovery_sprint\evidence\g11\REV-034\42-rev2s8-node00.json
ok   C:\Users\Angad\Desktop\SummerBIOIN\Project14-T2PW\docs\pwml_recovery_sprint\evidence\g11\REV-034\43-rev2s8-node01.json
ok   C:\Users\Angad\Desktop\SummerBIOIN\Project14-T2PW\docs\pwml_recovery_sprint\evidence\g11\REV-034\44-rev2s8-node02.json
ok   C:\Users\Angad\Desktop\SummerBIOIN\Project14-T2PW\docs\pwml_recovery_sprint\evidence\g11\REV-034\45-rev2s8-node03.json
ok   C:\Users\Angad\Desktop\SummerBIOIN\Project14-T2PW\docs\pwml_recovery_sprint\evidence\g11\REV-041\01-focused-seam.json
ok   C:\Users\Angad\Desktop\SummerBIOIN\Project14-T2PW\docs\pwml_recovery_sprint\evidence\g11\REV-041\02-smoke.json
ok   C:\Users\Angad\Desktop\SummerBIOIN\Project14-T2PW\docs\pwml_recovery_sprint\evidence\g11\REV-041\03-smoke2.json
ok   C:\Users\Angad\Desktop\SummerBIOIN\Project14-T2PW\docs\pwml_recovery_sprint\evidence\g11\REV-041\04-smoke3.json
ok   C:\Users\Angad\Desktop\SummerBIOIN\Project14-T2PW\docs\pwml_recovery_sprint\evidence\g11\REV-041\05-chunke.json
ok   C:\Users\Angad\Desktop\SummerBIOIN\Project14-T2PW\docs\pwml_recovery_sprint\evidence\g11\REV-041\06-diffprobe-base.json
ok   C:\Users\Angad\Desktop\SummerBIOIN\Project14-T2PW\docs\pwml_recovery_sprint\evidence\g11\REV-041\07-diffprobe-tip.json
ok   C:\Users\Angad\Desktop\SummerBIOIN\Project14-T2PW\docs\pwml_recovery_sprint\evidence\g11\REV-041\08-tip-test-one-unmapped-en.json
ok   C:\Users\Angad\Desktop\SummerBIOIN\Project14-T2PW\docs\pwml_recovery_sprint\evidence\g11\REV-041\09-tip-test-the-app-reaches.json
ok   C:\Users\Angad\Desktop\SummerBIOIN\Project14-T2PW\docs\pwml_recovery_sprint\evidence\g11\REV-041\10-tip-test-the-quarantined.json
ok   C:\Users\Angad\Desktop\SummerBIOIN\Project14-T2PW\docs\pwml_recovery_sprint\evidence\g11\REV-041\11-repin1.json
ok   C:\Users\Angad\Desktop\SummerBIOIN\Project14-T2PW\docs\pwml_recovery_sprint\evidence\g11\REV-041\12-repin2.json
ok   C:\Users\Angad\Desktop\SummerBIOIN\Project14-T2PW\docs\pwml_recovery_sprint\evidence\g11\REV-041\13-repin3.json
ok   C:\Users\Angad\Desktop\SummerBIOIN\Project14-T2PW\docs\pwml_recovery_sprint\evidence\g11\REV-041\14-repin4.json
ok   C:\Users\Angad\Desktop\SummerBIOIN\Project14-T2PW\docs\pwml_recovery_sprint\evidence\g11\REV-041\15-repin5.json
ok   C:\Users\Angad\Desktop\SummerBIOIN\Project14-T2PW\docs\pwml_recovery_sprint\evidence\g11\REV-041\16-viable-core.json
ok   C:\Users\Angad\Desktop\SummerBIOIN\Project14-T2PW\docs\pwml_recovery_sprint\evidence\g11\REV-041\17-viable-core2.json
ok   C:\Users\Angad\Desktop\SummerBIOIN\Project14-T2PW\docs\pwml_recovery_sprint\evidence\g11\REV-041\18-trap1-invariant.json
ok   C:\Users\Angad\Desktop\SummerBIOIN\Project14-T2PW\docs\pwml_recovery_sprint\evidence\g11\REV-041\19-research-applied.json
ok   C:\Users\Angad\Desktop\SummerBIOIN\Project14-T2PW\docs\pwml_recovery_sprint\evidence\g11\REV-041\20-g9-base-proof.json
ok   C:\Users\Angad\Desktop\SummerBIOIN\Project14-T2PW\docs\pwml_recovery_sprint\evidence\g11\REV-050b\01-node15.json
ok   C:\Users\Angad\Desktop\SummerBIOIN\Project14-T2PW\docs\pwml_recovery_sprint\evidence\g11\REV-050b\02-node10.json
ok   C:\Users\Angad\Desktop\SummerBIOIN\Project14-T2PW\docs\pwml_recovery_sprint\evidence\g11\REV-050b\03-diag.json
ok   C:\Users\Angad\Desktop\SummerBIOIN\Project14-T2PW\docs\pwml_recovery_sprint\evidence\g11\REV-050b\04-diag2.json
ok   C:\Users\Angad\Desktop\SummerBIOIN\Project14-T2PW\docs\pwml_recovery_sprint\evidence\g11\REV-050b\05-diag3.json
ok   C:\Users\Angad\Desktop\SummerBIOIN\Project14-T2PW\docs\pwml_recovery_sprint\evidence\g11\REV-050b\06-probebase.json
ok   C:\Users\Angad\Desktop\SummerBIOIN\Project14-T2PW\docs\pwml_recovery_sprint\evidence\g11\REV-050b\07-probetip.json
ok   C:\Users\Angad\Desktop\SummerBIOIN\Project14-T2PW\docs\pwml_recovery_sprint\evidence\g11\REV-050b\08-newtests.json
ok   C:\Users\Angad\Desktop\SummerBIOIN\Project14-T2PW\docs\pwml_recovery_sprint\evidence\g11\REV-050c\01-node15-basecomparand.json
ok   C:\Users\Angad\Desktop\SummerBIOIN\Project14-T2PW\docs\pwml_recovery_sprint\evidence\g11\REV-050c\02-node15-branchside.json
ok   C:\Users\Angad\Desktop\SummerBIOIN\Project14-T2PW\docs\pwml_recovery_sprint\evidence\g11\REV-050c\03-newtests-comb.json
ok   C:\Users\Angad\Desktop\SummerBIOIN\Project14-T2PW\docs\pwml_recovery_sprint\evidence\g11\REV-050c\04-probe-tip-comb.json
ok   C:\Users\Angad\Desktop\SummerBIOIN\Project14-T2PW\docs\pwml_recovery_sprint\evidence\g11\REV-050c\05-probe-base-comb.json
ok   C:\Users\Angad\Desktop\SummerBIOIN\Project14-T2PW\docs\pwml_recovery_sprint\evidence\g11\REV-050c\06-probe-a10-comb.json
ok   C:\Users\Angad\Desktop\SummerBIOIN\Project14-T2PW\docs\pwml_recovery_sprint\evidence\g11\REV-050j\01-arm10-tip.json
ok   C:\Users\Angad\Desktop\SummerBIOIN\Project14-T2PW\docs\pwml_recovery_sprint\evidence\g11\REV-050j\02-arm10-tip-verbose.json
ok   C:\Users\Angad\Desktop\SummerBIOIN\Project14-T2PW\docs\pwml_recovery_sprint\evidence\g11\REV-050j\03-mutant-neuter.json
ok   C:\Users\Angad\Desktop\SummerBIOIN\Project14-T2PW\docs\pwml_recovery_sprint\evidence\g11\REV-050j\04-mutant-overfire.json
ok   C:\Users\Angad\Desktop\SummerBIOIN\Project14-T2PW\docs\pwml_recovery_sprint\evidence\g11\REV-050j\05-mutant-identifier.json
ok   C:\Users\Angad\Desktop\SummerBIOIN\Project14-T2PW\docs\pwml_recovery_sprint\evidence\g11\REV-050j\06-mutant-identifier2.json
ok   C:\Users\Angad\Desktop\SummerBIOIN\Project14-T2PW\docs\pwml_recovery_sprint\evidence\g11\REV-050j\07-extrareds-tip.json
ok   C:\Users\Angad\Desktop\SummerBIOIN\Project14-T2PW\docs\pwml_recovery_sprint\evidence\g11\REV-050j\08-extrareds-base.json
ok   C:\Users\Angad\Desktop\SummerBIOIN\Project14-T2PW\docs\pwml_recovery_sprint\evidence\g11\REV-050j\09-census-control-at-tip.json
ok   C:\Users\Angad\Desktop\SummerBIOIN\Project14-T2PW\docs\pwml_recovery_sprint\evidence\g11\REV-050j\11-prefreeze-species-check.json
ok   C:\Users\Angad\Desktop\SummerBIOIN\Project14-T2PW\docs\pwml_recovery_sprint\evidence\g11\REV-050j\12-base-collect.json
ok   C:\Users\Angad\Desktop\SummerBIOIN\Project14-T2PW\docs\pwml_recovery_sprint\evidence\g11\REV-050k\01-tip-focused.json
ok   C:\Users\Angad\Desktop\SummerBIOIN\Project14-T2PW\docs\pwml_recovery_sprint\evidence\g11\REV-050k\02-tip-focused.json
ok   C:\Users\Angad\Desktop\SummerBIOIN\Project14-T2PW\docs\pwml_recovery_sprint\evidence\g11\REV-050k\03-base-g9-noenv.json
ok   C:\Users\Angad\Desktop\SummerBIOIN\Project14-T2PW\docs\pwml_recovery_sprint\evidence\g11\REV-050k\04-base-g9-withenv.json
ok   C:\Users\Angad\Desktop\SummerBIOIN\Project14-T2PW\docs\pwml_recovery_sprint\evidence\g11\REV-050k\05-nonvacuity-probe.json
ok   C:\Users\Angad\Desktop\SummerBIOIN\Project14-T2PW\docs\pwml_recovery_sprint\evidence\g11\REV-050k\06-dcore-collect.json
ok   C:\Users\Angad\Desktop\SummerBIOIN\Project14-T2PW\docs\pwml_recovery_sprint\evidence\g11\REV-050k\07-tip-node15.json
ok   C:\Users\Angad\Desktop\SummerBIOIN\Project14-T2PW\docs\pwml_recovery_sprint\evidence\g11\REV-050k\08-tip-writer.json
ok   C:\Users\Angad\Desktop\SummerBIOIN\Project14-T2PW\docs\pwml_recovery_sprint\evidence\g11\REV-050k\09-baseir-node15.json
ok   C:\Users\Angad\Desktop\SummerBIOIN\Project14-T2PW\docs\pwml_recovery_sprint\evidence\g11\REV-050k\10-baseir-writer.json
ok   C:\Users\Angad\Desktop\SummerBIOIN\Project14-T2PW\docs\pwml_recovery_sprint\evidence\g11\REV-050k\11-base-refusal-arms.json
ok   C:\Users\Angad\Desktop\SummerBIOIN\Project14-T2PW\docs\pwml_recovery_sprint\evidence\g11\REV-050k\12-recheck-tip-focused.json
ok   C:\Users\Angad\Desktop\SummerBIOIN\Project14-T2PW\docs\pwml_recovery_sprint\evidence\g11\REV-050k\13-recheck-dcore-collect.json
ok   C:\Users\Angad\Desktop\SummerBIOIN\Project14-T2PW\docs\pwml_recovery_sprint\evidence\g11\REV-050k\14-recheck-base-split.json
ok   C:\Users\Angad\Desktop\SummerBIOIN\Project14-T2PW\docs\pwml_recovery_sprint\evidence\g11\REV-055\01-own-tests-tip.json
ok   C:\Users\Angad\Desktop\SummerBIOIN\Project14-T2PW\docs\pwml_recovery_sprint\evidence\g11\REV-055\02-mutation-a-session-restore.json
ok   C:\Users\Angad\Desktop\SummerBIOIN\Project14-T2PW\docs\pwml_recovery_sprint\evidence\g11\REV-055\03-mutation-b-skip-mapping.json
ok   C:\Users\Angad\Desktop\SummerBIOIN\Project14-T2PW\docs\pwml_recovery_sprint\evidence\g11\REV-055\04-c060a-triage-qbnode19-tip.json
ok   C:\Users\Angad\Desktop\SummerBIOIN\Project14-T2PW\docs\pwml_recovery_sprint\evidence\g11\REV-055\05-smoke-465-tip.json
ok   C:\Users\Angad\Desktop\SummerBIOIN\Project14-T2PW\docs\pwml_recovery_sprint\evidence\g11\REV-056\01-rev-c056a-probe.json
ok   C:\Users\Angad\Desktop\SummerBIOIN\Project14-T2PW\docs\pwml_recovery_sprint\evidence\g11\REV-056\02-rev-c056a-probe2.json
ok   C:\Users\Angad\Desktop\SummerBIOIN\Project14-T2PW\docs\pwml_recovery_sprint\evidence\g11\REV-056\03-seam-baseline.json
ok   C:\Users\Angad\Desktop\SummerBIOIN\Project14-T2PW\docs\pwml_recovery_sprint\evidence\g11\REV-056\04-seam-baseline2.json
ok   C:\Users\Angad\Desktop\SummerBIOIN\Project14-T2PW\docs\pwml_recovery_sprint\evidence\g11\REV-056\05-organism-survey.json
ok   C:\Users\Angad\Desktop\SummerBIOIN\Project14-T2PW\docs\pwml_recovery_sprint\evidence\g11\REV-056\06-organism-survey2.json
ok   C:\Users\Angad\Desktop\SummerBIOIN\Project14-T2PW\docs\pwml_recovery_sprint\evidence\g11\REV-056\07-org-pairs.json
ok   C:\Users\Angad\Desktop\SummerBIOIN\Project14-T2PW\docs\pwml_recovery_sprint\evidence\g11\REV-056b\01-base-g9.json
ok   C:\Users\Angad\Desktop\SummerBIOIN\Project14-T2PW\docs\pwml_recovery_sprint\evidence\g11\REV-056b\02-base-g9-detail.json
ok   C:\Users\Angad\Desktop\SummerBIOIN\Project14-T2PW\docs\pwml_recovery_sprint\evidence\g11\REV-056b\03-tip-focused.json
ok   C:\Users\Angad\Desktop\SummerBIOIN\Project14-T2PW\docs\pwml_recovery_sprint\evidence\g11\REV-056b\04-tip-focused-10.json
ok   C:\Users\Angad\Desktop\SummerBIOIN\Project14-T2PW\docs\pwml_recovery_sprint\evidence\g11\REV-056b\05-base-golden.json
ok   C:\Users\Angad\Desktop\SummerBIOIN\Project14-T2PW\docs\pwml_recovery_sprint\evidence\g11\REV-056b\06-smoke-tip.json
ok   C:\Users\Angad\Desktop\SummerBIOIN\Project14-T2PW\docs\pwml_recovery_sprint\evidence\g11\REV-056b\07-s0-recheck.json
ok   C:\Users\Angad\Desktop\SummerBIOIN\Project14-T2PW\docs\pwml_recovery_sprint\evidence\g11\REV-056d\01-base-proof.json
ok   C:\Users\Angad\Desktop\SummerBIOIN\Project14-T2PW\docs\pwml_recovery_sprint\evidence\g11\REV-056d\02-base-proof-verbatim.json
ok   C:\Users\Angad\Desktop\SummerBIOIN\Project14-T2PW\docs\pwml_recovery_sprint\evidence\g11\REV-056d\03-focused-nine-tip.json
ok   C:\Users\Angad\Desktop\SummerBIOIN\Project14-T2PW\docs\pwml_recovery_sprint\evidence\g11\REV-056d\04-preflight-tip.json
ok   C:\Users\Angad\Desktop\SummerBIOIN\Project14-T2PW\docs\pwml_recovery_sprint\evidence\g11\REV-056d\05-preflight-base.json
ok   C:\Users\Angad\Desktop\SummerBIOIN\Project14-T2PW\docs\pwml_recovery_sprint\evidence\g11\REV-056d\06-golden-base-capture.json
ok   C:\Users\Angad\Desktop\SummerBIOIN\Project14-T2PW\docs\pwml_recovery_sprint\evidence\g11\REV-056d\07-golden-tip-capture.json
ok   C:\Users\Angad\Desktop\SummerBIOIN\Project14-T2PW\docs\pwml_recovery_sprint\evidence\g11\REV-056d\08-smoke.json
ok   C:\Users\Angad\Desktop\SummerBIOIN\Project14-T2PW\docs\pwml_recovery_sprint\evidence\g11\REV-056d\09-rv-mono.json
ok   C:\Users\Angad\Desktop\SummerBIOIN\Project14-T2PW\docs\pwml_recovery_sprint\evidence\g11\REV-056d\10-rv-core.json
ok   C:\Users\Angad\Desktop\SummerBIOIN\Project14-T2PW\docs\pwml_recovery_sprint\evidence\g11\REV-056d\11-rv-s8.json
ok   C:\Users\Angad\Desktop\SummerBIOIN\Project14-T2PW\docs\pwml_recovery_sprint\evidence\g11\REV-056d\12-rv-qb.json
ok   C:\Users\Angad\Desktop\SummerBIOIN\Project14-T2PW\docs\pwml_recovery_sprint\evidence\g11\REV-056d\13-rv-run-core.json
ok   C:\Users\Angad\Desktop\SummerBIOIN\Project14-T2PW\docs\pwml_recovery_sprint\evidence\g11\REV-056d\14-rv2-mono.json
ok   C:\Users\Angad\Desktop\SummerBIOIN\Project14-T2PW\docs\pwml_recovery_sprint\evidence\g11\REV-056d\15-rv2-core.json
ok   C:\Users\Angad\Desktop\SummerBIOIN\Project14-T2PW\docs\pwml_recovery_sprint\evidence\g11\REV-056d\16-rv2-s8.json
ok   C:\Users\Angad\Desktop\SummerBIOIN\Project14-T2PW\docs\pwml_recovery_sprint\evidence\g11\REV-056d\17-rv2-qb.json
ok   C:\Users\Angad\Desktop\SummerBIOIN\Project14-T2PW\docs\pwml_recovery_sprint\evidence\g11\REV-056d\18-rv2-node00.json
ok   C:\Users\Angad\Desktop\SummerBIOIN\Project14-T2PW\docs\pwml_recovery_sprint\evidence\g11\REV-056d\19-rv2-node01.json
ok   C:\Users\Angad\Desktop\SummerBIOIN\Project14-T2PW\docs\pwml_recovery_sprint\evidence\g11\REV-056d\20-rv2-node02.json
ok   C:\Users\Angad\Desktop\SummerBIOIN\Project14-T2PW\docs\pwml_recovery_sprint\evidence\g11\REV-056d\21-rv2-node03.json
ok   C:\Users\Angad\Desktop\SummerBIOIN\Project14-T2PW\docs\pwml_recovery_sprint\evidence\g11\REV-056d\22-rv3-mono.json
ok   C:\Users\Angad\Desktop\SummerBIOIN\Project14-T2PW\docs\pwml_recovery_sprint\evidence\g11\REV-056d\23-rv3-core.json
ok   C:\Users\Angad\Desktop\SummerBIOIN\Project14-T2PW\docs\pwml_recovery_sprint\evidence\g11\REV-056d\24-rv3-s8.json
ok   C:\Users\Angad\Desktop\SummerBIOIN\Project14-T2PW\docs\pwml_recovery_sprint\evidence\g11\REV-056d\25-rv3-qb.json
ok   C:\Users\Angad\Desktop\SummerBIOIN\Project14-T2PW\docs\pwml_recovery_sprint\evidence\g11\REV-056d\26-rv3-node04.json
ok   C:\Users\Angad\Desktop\SummerBIOIN\Project14-T2PW\docs\pwml_recovery_sprint\evidence\g11\REV-056d\27-rv3-node05.json
ok   C:\Users\Angad\Desktop\SummerBIOIN\Project14-T2PW\docs\pwml_recovery_sprint\evidence\g11\REV-056d\28-rv3-node06.json
ok   C:\Users\Angad\Desktop\SummerBIOIN\Project14-T2PW\docs\pwml_recovery_sprint\evidence\g11\REV-056d\29-rv3-node07.json
ok   C:\Users\Angad\Desktop\SummerBIOIN\Project14-T2PW\docs\pwml_recovery_sprint\evidence\g11\REV-056d\30-rv3-node08.json
ok   C:\Users\Angad\Desktop\SummerBIOIN\Project14-T2PW\docs\pwml_recovery_sprint\evidence\g11\REV-056d\31-rv3-node09.json
ok   C:\Users\Angad\Desktop\SummerBIOIN\Project14-T2PW\docs\pwml_recovery_sprint\evidence\g11\REV-056d\32-rv3-node10.json
ok   C:\Users\Angad\Desktop\SummerBIOIN\Project14-T2PW\docs\pwml_recovery_sprint\evidence\g11\REV-056d\33-rv3-node11.json
ok   C:\Users\Angad\Desktop\SummerBIOIN\Project14-T2PW\docs\pwml_recovery_sprint\evidence\g11\REV-056d\34-rv3-node12.json
ok   C:\Users\Angad\Desktop\SummerBIOIN\Project14-T2PW\docs\pwml_recovery_sprint\evidence\g11\REV-056d\35-rv3-node13.json
ok   C:\Users\Angad\Desktop\SummerBIOIN\Project14-T2PW\docs\pwml_recovery_sprint\evidence\g11\REV-056d\36-rv3-node14.json
ok   C:\Users\Angad\Desktop\SummerBIOIN\Project14-T2PW\docs\pwml_recovery_sprint\evidence\g11\REV-056d\37-rv3-node15.json
ok   C:\Users\Angad\Desktop\SummerBIOIN\Project14-T2PW\docs\pwml_recovery_sprint\evidence\g11\REV-056d\38-rv3-node16.json
ok   C:\Users\Angad\Desktop\SummerBIOIN\Project14-T2PW\docs\pwml_recovery_sprint\evidence\g11\REV-056d\39-rv3-node17.json
ok   C:\Users\Angad\Desktop\SummerBIOIN\Project14-T2PW\docs\pwml_recovery_sprint\evidence\g11\REV-056d\40-rv3-node18.json
ok   C:\Users\Angad\Desktop\SummerBIOIN\Project14-T2PW\docs\pwml_recovery_sprint\evidence\g11\REV-056d\41-rv3-node19.json
ok   C:\Users\Angad\Desktop\SummerBIOIN\Project14-T2PW\docs\pwml_recovery_sprint\evidence\g11\REV-056d\42-rv3-node20.json
ok   C:\Users\Angad\Desktop\SummerBIOIN\Project14-T2PW\docs\pwml_recovery_sprint\evidence\g11\REV-056d\43-rv3-node21.json
ok   C:\Users\Angad\Desktop\SummerBIOIN\Project14-T2PW\docs\pwml_recovery_sprint\evidence\g11\REV-056d\44-rv3-node22.json
ok   C:\Users\Angad\Desktop\SummerBIOIN\Project14-T2PW\docs\pwml_recovery_sprint\evidence\g11\REV-056d\45-rv3-node23.json
ok   C:\Users\Angad\Desktop\SummerBIOIN\Project14-T2PW\docs\pwml_recovery_sprint\evidence\g11\REV-056d\46-rv3-node24.json
ok   C:\Users\Angad\Desktop\SummerBIOIN\Project14-T2PW\docs\pwml_recovery_sprint\evidence\g11\REV-056d\47-rv3-node25.json
ok   C:\Users\Angad\Desktop\SummerBIOIN\Project14-T2PW\docs\pwml_recovery_sprint\evidence\g11\REV-056d\48-rv3-node26.json
ok   C:\Users\Angad\Desktop\SummerBIOIN\Project14-T2PW\docs\pwml_recovery_sprint\evidence\g11\REV-056d\49-rv4-mono.json
ok   C:\Users\Angad\Desktop\SummerBIOIN\Project14-T2PW\docs\pwml_recovery_sprint\evidence\g11\REV-056d\50-rv4-core.json
ok   C:\Users\Angad\Desktop\SummerBIOIN\Project14-T2PW\docs\pwml_recovery_sprint\evidence\g11\REV-056d\51-rv4-s8.json
ok   C:\Users\Angad\Desktop\SummerBIOIN\Project14-T2PW\docs\pwml_recovery_sprint\evidence\g11\REV-056d\52-rv4-qb.json
ok   C:\Users\Angad\Desktop\SummerBIOIN\Project14-T2PW\docs\pwml_recovery_sprint\evidence\g11\REV-057\01-perturbations-tip.json
ok   C:\Users\Angad\Desktop\SummerBIOIN\Project14-T2PW\docs\pwml_recovery_sprint\evidence\g11\REV-057\02-harness-selfcheck-noop.json
ok   C:\Users\Angad\Desktop\SummerBIOIN\Project14-T2PW\docs\pwml_recovery_sprint\evidence\g11\REV-057\03-ab-probe-base.json
ok   C:\Users\Angad\Desktop\SummerBIOIN\Project14-T2PW\docs\pwml_recovery_sprint\evidence\g11\REV-057\04-ab-probe-tip.json
ok   C:\Users\Angad\Desktop\SummerBIOIN\Project14-T2PW\docs\pwml_recovery_sprint\evidence\g11\REV-057\05-ordering-and-c030-guard.json
ok   C:\Users\Angad\Desktop\SummerBIOIN\Project14-T2PW\docs\pwml_recovery_sprint\evidence\g11\REV-057\06-focused-chunkless-plus-new.json
ok   C:\Users\Angad\Desktop\SummerBIOIN\Project14-T2PW\docs\pwml_recovery_sprint\evidence\g11\REV-057\07-prechargd-reds-at-base.json
ok   C:\Users\Angad\Desktop\SummerBIOIN\Project14-T2PW\docs\pwml_recovery_sprint\evidence\g11\REV-057\08-base-reds-rerun-captured.json
ok   C:\Users\Angad\Desktop\SummerBIOIN\Project14-T2PW\docs\pwml_recovery_sprint\evidence\g11\REV-058\01-focused-tip.json
ok   C:\Users\Angad\Desktop\SummerBIOIN\Project14-T2PW\docs\pwml_recovery_sprint\evidence\g11\REV-058\02-focused-base.json
ok   C:\Users\Angad\Desktop\SummerBIOIN\Project14-T2PW\docs\pwml_recovery_sprint\evidence\g11\REV-058\03-replay-base.json
ok   C:\Users\Angad\Desktop\SummerBIOIN\Project14-T2PW\docs\pwml_recovery_sprint\evidence\g11\REV-058\04-replay-tip.json
ok   C:\Users\Angad\Desktop\SummerBIOIN\Project14-T2PW\docs\pwml_recovery_sprint\evidence\g11\REV-058\05-cue-probe.json
ok   C:\Users\Angad\Desktop\SummerBIOIN\Project14-T2PW\docs\pwml_recovery_sprint\evidence\g11\REV-058\06-mutate-boundary.json
ok   C:\Users\Angad\Desktop\SummerBIOIN\Project14-T2PW\docs\pwml_recovery_sprint\evidence\g11\REV-058\07-mutate-cue.json
ok   C:\Users\Angad\Desktop\SummerBIOIN\Project14-T2PW\docs\pwml_recovery_sprint\evidence\g11\REV-058\08-mutate-exactly_one.json
ok   C:\Users\Angad\Desktop\SummerBIOIN\Project14-T2PW\docs\pwml_recovery_sprint\evidence\g11\REV-058\09-mutate-cargo.json
ok   C:\Users\Angad\Desktop\SummerBIOIN\Project14-T2PW\docs\pwml_recovery_sprint\evidence\g11\REV-058\10-focused-spotcheck.json
ok   C:\Users\Angad\Desktop\SummerBIOIN\Project14-T2PW\docs\pwml_recovery_sprint\evidence\g11\REV-058\11-smoke-tip.json
ok   C:\Users\Angad\Desktop\SummerBIOIN\Project14-T2PW\docs\pwml_recovery_sprint\evidence\g11\REV-058\12-byteexact-base.json
ok   C:\Users\Angad\Desktop\SummerBIOIN\Project14-T2PW\docs\pwml_recovery_sprint\evidence\g11\REV-059\01-01-new-file-tip.json
ok   C:\Users\Angad\Desktop\SummerBIOIN\Project14-T2PW\docs\pwml_recovery_sprint\evidence\g11\REV-059\02-02-new-file-tip-full.json
ok   C:\Users\Angad\Desktop\SummerBIOIN\Project14-T2PW\docs\pwml_recovery_sprint\evidence\g11\REV-059\03-03-new-file-base.json
ok   C:\Users\Angad\Desktop\SummerBIOIN\Project14-T2PW\docs\pwml_recovery_sprint\evidence\g11\REV-059\04-04-probe-prod-tip.json
ok   C:\Users\Angad\Desktop\SummerBIOIN\Project14-T2PW\docs\pwml_recovery_sprint\evidence\g11\REV-059\05-05-probe-prod-base.json
ok   C:\Users\Angad\Desktop\SummerBIOIN\Project14-T2PW\docs\pwml_recovery_sprint\evidence\g11\REV-059\06-06-focused-17-tip.json
ok   C:\Users\Angad\Desktop\SummerBIOIN\Project14-T2PW\docs\pwml_recovery_sprint\evidence\g11\REV-059\07-07-focused-16-base.json
ok   C:\Users\Angad\Desktop\SummerBIOIN\Project14-T2PW\docs\pwml_recovery_sprint\evidence\g11\REV-059\08-08-attack-real-leg.json
ok   C:\Users\Angad\Desktop\SummerBIOIN\Project14-T2PW\docs\pwml_recovery_sprint\evidence\g11\REV-059\09-09-attack2.json
ok   C:\Users\Angad\Desktop\SummerBIOIN\Project14-T2PW\docs\pwml_recovery_sprint\evidence\g11\REV-059\10-10-probe-rev-tip.json
ok   C:\Users\Angad\Desktop\SummerBIOIN\Project14-T2PW\docs\pwml_recovery_sprint\evidence\g11\REV-059\11-11-probe-rev-base.json
ok   C:\Users\Angad\Desktop\SummerBIOIN\Project14-T2PW\docs\pwml_recovery_sprint\evidence\g11\REV-059\12-12-provgates-tip.json
ok   C:\Users\Angad\Desktop\SummerBIOIN\Project14-T2PW\docs\pwml_recovery_sprint\evidence\g11\REV-059\13-13-provgates-base.json
ok   C:\Users\Angad\Desktop\SummerBIOIN\Project14-T2PW\docs\pwml_recovery_sprint\evidence\g11\REV-059\14-14-probe-regen.json
ok   C:\Users\Angad\Desktop\SummerBIOIN\Project14-T2PW\docs\pwml_recovery_sprint\evidence\g11\REV-059\15-15-newarm-tip.json
ok   C:\Users\Angad\Desktop\SummerBIOIN\Project14-T2PW\docs\pwml_recovery_sprint\evidence\g11\REV-059\16-16-newarm-base.json
ok   C:\Users\Angad\Desktop\SummerBIOIN\Project14-T2PW\docs\pwml_recovery_sprint\evidence\g11\REV-059\17-17-retarget-check.json
ok   C:\Users\Angad\Desktop\SummerBIOIN\Project14-T2PW\docs\pwml_recovery_sprint\evidence\g11\REV-059\18-18-focused-17-newtip.json
ok   C:\Users\Angad\Desktop\SummerBIOIN\Project14-T2PW\docs\pwml_recovery_sprint\evidence\g11\REV-060a\01-tip-new.json
ok   C:\Users\Angad\Desktop\SummerBIOIN\Project14-T2PW\docs\pwml_recovery_sprint\evidence\g11\REV-060a\02-tip-new-header.json
ok   C:\Users\Angad\Desktop\SummerBIOIN\Project14-T2PW\docs\pwml_recovery_sprint\evidence\g11\REV-060a\03-base-f4.json
ok   C:\Users\Angad\Desktop\SummerBIOIN\Project14-T2PW\docs\pwml_recovery_sprint\evidence\g11\REV-060a\04-mutant-dict.json
ok   C:\Users\Angad\Desktop\SummerBIOIN\Project14-T2PW\docs\pwml_recovery_sprint\evidence\g11\REV-060a\05-mutant-derivation.json
ok   C:\Users\Angad\Desktop\SummerBIOIN\Project14-T2PW\docs\pwml_recovery_sprint\evidence\g11\REV-060a\06-mutant-factory.json
ok   C:\Users\Angad\Desktop\SummerBIOIN\Project14-T2PW\docs\pwml_recovery_sprint\evidence\g11\REV-060a\07-tip-affected.json
ok   C:\Users\Angad\Desktop\SummerBIOIN\Project14-T2PW\docs\pwml_recovery_sprint\evidence\g11\REV-060a\08-tip-smoke.json
ok   C:\Users\Angad\Desktop\SummerBIOIN\Project14-T2PW\docs\pwml_recovery_sprint\evidence\g11\REV-060a\09-mutant-persite.json
ok   C:\Users\Angad\Desktop\SummerBIOIN\Project14-T2PW\docs\pwml_recovery_sprint\evidence\g11\REV-061\01-probe-base.json
ok   C:\Users\Angad\Desktop\SummerBIOIN\Project14-T2PW\docs\pwml_recovery_sprint\evidence\g11\REV-061\02-probe-tip.json
ok   C:\Users\Angad\Desktop\SummerBIOIN\Project14-T2PW\docs\pwml_recovery_sprint\evidence\g11\REV-061\03-adversarial-base.json
ok   C:\Users\Angad\Desktop\SummerBIOIN\Project14-T2PW\docs\pwml_recovery_sprint\evidence\g11\REV-061\04-adversarial-tip.json
ok   C:\Users\Angad\Desktop\SummerBIOIN\Project14-T2PW\docs\pwml_recovery_sprint\evidence\g11\REV-061\05-drop-base.json
ok   C:\Users\Angad\Desktop\SummerBIOIN\Project14-T2PW\docs\pwml_recovery_sprint\evidence\g11\REV-061\06-drop-tip.json
ok   C:\Users\Angad\Desktop\SummerBIOIN\Project14-T2PW\docs\pwml_recovery_sprint\evidence\g11\REV-061\07-golden-base.json
ok   C:\Users\Angad\Desktop\SummerBIOIN\Project14-T2PW\docs\pwml_recovery_sprint\evidence\g11\REV-061\08-golden-tip.json
ok   C:\Users\Angad\Desktop\SummerBIOIN\Project14-T2PW\docs\pwml_recovery_sprint\evidence\g11\REV-061\09-g9-base.json
ok   C:\Users\Angad\Desktop\SummerBIOIN\Project14-T2PW\docs\pwml_recovery_sprint\evidence\g11\REV-061\10-g9-tip.json
ok   C:\Users\Angad\Desktop\SummerBIOIN\Project14-T2PW\docs\pwml_recovery_sprint\evidence\g11\REV-061\11-focused.json
ok   C:\Users\Angad\Desktop\SummerBIOIN\Project14-T2PW\docs\pwml_recovery_sprint\evidence\g11\REV-061\12-smoke.json
ok   C:\Users\Angad\Desktop\SummerBIOIN\Project14-T2PW\docs\pwml_recovery_sprint\evidence\g11\REV-061\13-smoke2.json
ok   C:\Users\Angad\Desktop\SummerBIOIN\Project14-T2PW\docs\pwml_recovery_sprint\evidence\g11\REV-061\14-smoke3.json
ok   C:\Users\Angad\Desktop\SummerBIOIN\Project14-T2PW\docs\pwml_recovery_sprint\evidence\g11\REV-061\15-ragall.json
ok   C:\Users\Angad\Desktop\SummerBIOIN\Project14-T2PW\docs\pwml_recovery_sprint\evidence\g11\REV-063\01-g11-selftest-branch.json
ok   C:\Users\Angad\Desktop\SummerBIOIN\Project14-T2PW\docs\pwml_recovery_sprint\evidence\g11\REV-063\02-wrapper-selftest-branch.json
ok   C:\Users\Angad\Desktop\SummerBIOIN\Project14-T2PW\docs\pwml_recovery_sprint\evidence\g11\REV-063\03-g9-harness-rerun.json
ok   C:\Users\Angad\Desktop\SummerBIOIN\Project14-T2PW\docs\pwml_recovery_sprint\evidence\g11\REV-063\04-reviewer-probe.json
ok   C:\Users\Angad\Desktop\SummerBIOIN\Project14-T2PW\docs\pwml_recovery_sprint\evidence\g11\REV-063\05-reviewer-probe2.json
ok   C:\Users\Angad\Desktop\SummerBIOIN\Project14-T2PW\docs\pwml_recovery_sprint\evidence\g11\REV-063\06-staging-contract-probe.json
ok   C:\Users\Angad\Desktop\SummerBIOIN\Project14-T2PW\docs\pwml_recovery_sprint\evidence\g11\REV-063\07-tree-pin-tip.json
ok   C:\Users\Angad\Desktop\SummerBIOIN\Project14-T2PW\docs\pwml_recovery_sprint\evidence\g11\REV-063\08-tree-pin-integration.json
ok   C:\Users\Angad\Desktop\SummerBIOIN\Project14-T2PW\docs\pwml_recovery_sprint\evidence\g11\REV-063\09-chunkd-selftest.json
ok   C:\Users\Angad\Desktop\SummerBIOIN\Project14-T2PW\docs\pwml_recovery_sprint\evidence\g11\REV-063\10-chunkd-real-allocate.json
ok   C:\Users\Angad\Desktop\SummerBIOIN\Project14-T2PW\docs\pwml_recovery_sprint\evidence\g11\REV-063\11-heavylock-adversarial.json
ok   C:\Users\Angad\Desktop\SummerBIOIN\Project14-T2PW\docs\pwml_recovery_sprint\evidence\g11\REV-063\12-report04-repro.json
ok   C:\Users\Angad\Desktop\SummerBIOIN\Project14-T2PW\docs\pwml_recovery_sprint\evidence\g11\REV-063b\01-patterns-two-way.json
ok   C:\Users\Angad\Desktop\SummerBIOIN\Project14-T2PW\docs\pwml_recovery_sprint\evidence\g11\REV-063b\02-break-the-boundary.json
ok   C:\Users\Angad\Desktop\SummerBIOIN\Project14-T2PW\docs\pwml_recovery_sprint\evidence\g11\REV-063b\03-nonvacuity-matrix.json
ok   C:\Users\Angad\Desktop\SummerBIOIN\Project14-T2PW\docs\pwml_recovery_sprint\evidence\g11\REV-063b\04-case12-predicate.json
ok   C:\Users\Angad\Desktop\SummerBIOIN\Project14-T2PW\docs\pwml_recovery_sprint\evidence\g11\REV-063b\05-returned-code-parity.json
ok   C:\Users\Angad\Desktop\SummerBIOIN\Project14-T2PW\docs\pwml_recovery_sprint\evidence\g11\REV-063b\06-g11-selftest-tip.json
ok   C:\Users\Angad\Desktop\SummerBIOIN\Project14-T2PW\docs\pwml_recovery_sprint\evidence\g11\REV-063b\07-wrapper-selftest-tip.json
ok   C:\Users\Angad\Desktop\SummerBIOIN\Project14-T2PW\docs\pwml_recovery_sprint\evidence\g11\REV-064\01-tip-owned-tests.json
ok   C:\Users\Angad\Desktop\SummerBIOIN\Project14-T2PW\docs\pwml_recovery_sprint\evidence\g11\REV-064\02-tip-owned-tests-pythonpath.json
ok   C:\Users\Angad\Desktop\SummerBIOIN\Project14-T2PW\docs\pwml_recovery_sprint\evidence\g11\REV-064\03-g9-base-ac77668-new-test-only.json
ok   C:\Users\Angad\Desktop\SummerBIOIN\Project14-T2PW\docs\pwml_recovery_sprint\evidence\g11\REV-064\04-g9-base-a1-production-path.json
ok   C:\Users\Angad\Desktop\SummerBIOIN\Project14-T2PW\docs\pwml_recovery_sprint\evidence\g11\REV-064\05-census-base-ac77668.json
ok   C:\Users\Angad\Desktop\SummerBIOIN\Project14-T2PW\docs\pwml_recovery_sprint\evidence\g11\REV-064\06-census-tip.json
ok   C:\Users\Angad\Desktop\SummerBIOIN\Project14-T2PW\docs\pwml_recovery_sprint\evidence\g11\REV-064\07-census-compare.json
ok   C:\Users\Angad\Desktop\SummerBIOIN\Project14-T2PW\docs\pwml_recovery_sprint\evidence\g11\REV-064\08-dual-module-audit.json
ok   C:\Users\Angad\Desktop\SummerBIOIN\Project14-T2PW\docs\pwml_recovery_sprint\evidence\g11\REV-064\09-tip-consumer-and-cross-seam.json
ok   C:\Users\Angad\Desktop\SummerBIOIN\Project14-T2PW\docs\pwml_recovery_sprint\evidence\g11\REV-064\10-cross-seam-runtime-probe.json
ok   C:\Users\Angad\Desktop\SummerBIOIN\Project14-T2PW\docs\pwml_recovery_sprint\evidence\g11\REV-065\01-astcheck.json
ok   C:\Users\Angad\Desktop\SummerBIOIN\Project14-T2PW\docs\pwml_recovery_sprint\evidence\g11\REV-065\02-astcheck2.json
ok   C:\Users\Angad\Desktop\SummerBIOIN\Project14-T2PW\docs\pwml_recovery_sprint\evidence\g11\REV-065\03-armbase.json
ok   C:\Users\Angad\Desktop\SummerBIOIN\Project14-T2PW\docs\pwml_recovery_sprint\evidence\g11\REV-065\04-armtip.json
ok   C:\Users\Angad\Desktop\SummerBIOIN\Project14-T2PW\docs\pwml_recovery_sprint\evidence\g11\REV-065\05-armover.json
ok   C:\Users\Angad\Desktop\SummerBIOIN\Project14-T2PW\docs\pwml_recovery_sprint\evidence\g11\REV-065\06-c030disp.json
ok   C:\Users\Angad\Desktop\SummerBIOIN\Project14-T2PW\docs\pwml_recovery_sprint\evidence\g11\REV-065\07-shapes.json
ok   C:\Users\Angad\Desktop\SummerBIOIN\Project14-T2PW\docs\pwml_recovery_sprint\evidence\g11\REV-065\08-probe.json
ok   C:\Users\Angad\Desktop\SummerBIOIN\Project14-T2PW\docs\pwml_recovery_sprint\evidence\g11\REV-065\09-nonvac.json
ok   C:\Users\Angad\Desktop\SummerBIOIN\Project14-T2PW\docs\pwml_recovery_sprint\evidence\g11\REV-065\10-focused.json
ok   C:\Users\Angad\Desktop\SummerBIOIN\Project14-T2PW\docs\pwml_recovery_sprint\evidence\g11\REV-065\11-chunks.json
ok   C:\Users\Angad\Desktop\SummerBIOIN\Project14-T2PW\docs\pwml_recovery_sprint\evidence\g11\REV-065\12-g9base.json
ok   C:\Users\Angad\Desktop\SummerBIOIN\Project14-T2PW\docs\pwml_recovery_sprint\evidence\g11\REV-065\13-g9base2.json
ok   C:\Users\Angad\Desktop\SummerBIOIN\Project14-T2PW\docs\pwml_recovery_sprint\evidence\g11\REV-065\14-g9base3.json
ok   C:\Users\Angad\Desktop\SummerBIOIN\Project14-T2PW\docs\pwml_recovery_sprint\evidence\g11\REV-065\15-ceiling.json
ok   C:\Users\Angad\Desktop\SummerBIOIN\Project14-T2PW\docs\pwml_recovery_sprint\evidence\g11\REV-065\16-ceiling2.json
ok   C:\Users\Angad\Desktop\SummerBIOIN\Project14-T2PW\docs\pwml_recovery_sprint\evidence\g11\REV-066\01-tip-green.json
ok   C:\Users\Angad\Desktop\SummerBIOIN\Project14-T2PW\docs\pwml_recovery_sprint\evidence\g11\REV-066\02-mutations.json
ok   C:\Users\Angad\Desktop\SummerBIOIN\Project14-T2PW\docs\pwml_recovery_sprint\evidence\g11\REV-067\01-mono.json
ok   C:\Users\Angad\Desktop\SummerBIOIN\Project14-T2PW\docs\pwml_recovery_sprint\evidence\g11\REV-067\02-anchor.json
ok   C:\Users\Angad\Desktop\SummerBIOIN\Project14-T2PW\docs\pwml_recovery_sprint\evidence\g11\REV-067\03-g9base.json
ok   C:\Users\Angad\Desktop\SummerBIOIN\Project14-T2PW\docs\pwml_recovery_sprint\evidence\g11\REV-067\04-countbase.json
ok   C:\Users\Angad\Desktop\SummerBIOIN\Project14-T2PW\docs\pwml_recovery_sprint\evidence\g11\REV-067\05-countbase2.json
ok   C:\Users\Angad\Desktop\SummerBIOIN\Project14-T2PW\docs\pwml_recovery_sprint\evidence\g11\REV-067\06-countbase3.json
ok   C:\Users\Angad\Desktop\SummerBIOIN\Project14-T2PW\docs\pwml_recovery_sprint\evidence\g11\REV-067\07-basefile.json
ok   C:\Users\Angad\Desktop\SummerBIOIN\Project14-T2PW\docs\pwml_recovery_sprint\evidence\g11\REV-067\08-tipfocus.json
ok   C:\Users\Angad\Desktop\SummerBIOIN\Project14-T2PW\docs\pwml_recovery_sprint\evidence\g11\REV-067\09-astests.json
ok   C:\Users\Angad\Desktop\SummerBIOIN\Project14-T2PW\docs\pwml_recovery_sprint\evidence\g11\REV-067\10-anchor2.json
ok   C:\Users\Angad\Desktop\SummerBIOIN\Project14-T2PW\docs\pwml_recovery_sprint\evidence\g11\REV-067\11-tipcount.json
ok   C:\Users\Angad\Desktop\SummerBIOIN\Project14-T2PW\docs\pwml_recovery_sprint\evidence\g11\REV-067\12-tipcount2.json
ok   C:\Users\Angad\Desktop\SummerBIOIN\Project14-T2PW\docs\pwml_recovery_sprint\evidence\g11\REV-067\13-ceb.json
ok   C:\Users\Angad\Desktop\SummerBIOIN\Project14-T2PW\docs\pwml_recovery_sprint\evidence\g11\REV-067\14-cet.json
ok   C:\Users\Angad\Desktop\SummerBIOIN\Project14-T2PW\docs\pwml_recovery_sprint\evidence\g11\REV-067\15-cediff.json
ok   C:\Users\Angad\Desktop\SummerBIOIN\Project14-T2PW\docs\pwml_recovery_sprint\evidence\g11\REV-067\16-chunke-confirm.json
ok   C:\Users\Angad\Desktop\SummerBIOIN\Project14-T2PW\docs\pwml_recovery_sprint\evidence\g11\REV-067\17-chunke-integration-base.json
ok   C:\Users\Angad\Desktop\SummerBIOIN\Project14-T2PW\docs\pwml_recovery_sprint\evidence\g11\REV-067\18-chunke-round2.json
ok   C:\Users\Angad\Desktop\SummerBIOIN\Project14-T2PW\docs\pwml_recovery_sprint\evidence\g11\REV-067\19-smoke-round2.json
ok   C:\Users\Angad\Desktop\SummerBIOIN\Project14-T2PW\docs\pwml_recovery_sprint\evidence\g11\REV-067\20-astdelta.json
ok   C:\Users\Angad\Desktop\SummerBIOIN\Project14-T2PW\docs\pwml_recovery_sprint\evidence\g11\REV-067\21-f083.json
ok   C:\Users\Angad\Desktop\SummerBIOIN\Project14-T2PW\docs\pwml_recovery_sprint\evidence\g11\REV-067\22-treeorig.json
ok   C:\Users\Angad\Desktop\SummerBIOIN\Project14-T2PW\docs\pwml_recovery_sprint\evidence\g11\REV-067\23-treeprev.json
ok   C:\Users\Angad\Desktop\SummerBIOIN\Project14-T2PW\docs\pwml_recovery_sprint\evidence\g11\REV-067\24-treenew.json
ok   C:\Users\Angad\Desktop\SummerBIOIN\Project14-T2PW\docs\pwml_recovery_sprint\evidence\g11\REV-067\25-treediff.json
ok   C:\Users\Angad\Desktop\SummerBIOIN\Project14-T2PW\docs\pwml_recovery_sprint\evidence\g11\REV-067\26-mutant.json
ok   C:\Users\Angad\Desktop\SummerBIOIN\Project14-T2PW\docs\pwml_recovery_sprint\evidence\g11\REV-067\27-tipfocus2.json
ok   C:\Users\Angad\Desktop\SummerBIOIN\Project14-T2PW\docs\pwml_recovery_sprint\evidence\g11\REV-068\01-tip-focused-both-files.json
ok   C:\Users\Angad\Desktop\SummerBIOIN\Project14-T2PW\docs\pwml_recovery_sprint\evidence\g11\REV-068\04-digest-and-stops-under-pytest.json
ok   C:\Users\Angad\Desktop\SummerBIOIN\Project14-T2PW\docs\pwml_recovery_sprint\evidence\g11\REV-068\05-base-sha-tripwires-red.json
ok   C:\Users\Angad\Desktop\SummerBIOIN\Project14-T2PW\docs\pwml_recovery_sprint\evidence\g11\REV-068\06-census-remeasure-under-pytest.json
ok   C:\Users\Angad\Desktop\SummerBIOIN\Project14-T2PW\docs\pwml_recovery_sprint\evidence\g11\REV-068\07-excluded-import-time-refusal.json
ok   C:\Users\Angad\Desktop\SummerBIOIN\Project14-T2PW\docs\pwml_recovery_sprint\evidence\g11\REV-068\08-ondi-nonvacuity-control-green.json
ok   C:\Users\Angad\Desktop\SummerBIOIN\Project14-T2PW\docs\pwml_recovery_sprint\evidence\g11\REV-068\09-ondi-nonvacuity-new-leg-red.json
ok   C:\Users\Angad\Desktop\SummerBIOIN\Project14-T2PW\docs\pwml_recovery_sprint\evidence\g11\REV-069\01-tip-focused.json
ok   C:\Users\Angad\Desktop\SummerBIOIN\Project14-T2PW\docs\pwml_recovery_sprint\evidence\g11\REV-069\02-base-red.json
ok   C:\Users\Angad\Desktop\SummerBIOIN\Project14-T2PW\docs\pwml_recovery_sprint\evidence\g11\REV-069\03-base-plus-newtest.json
ok   C:\Users\Angad\Desktop\SummerBIOIN\Project14-T2PW\docs\pwml_recovery_sprint\evidence\g11\REV-069\04-classifier-probe-tip.json
ok   C:\Users\Angad\Desktop\SummerBIOIN\Project14-T2PW\docs\pwml_recovery_sprint\evidence\g11\REV-069\05-classifier-probe-tip2.json
ok   C:\Users\Angad\Desktop\SummerBIOIN\Project14-T2PW\docs\pwml_recovery_sprint\evidence\g11\REV-069\06-mut-submodule-neutralized.json
ok   C:\Users\Angad\Desktop\SummerBIOIN\Project14-T2PW\docs\pwml_recovery_sprint\evidence\g11\REV-069\07-mock-probe.json
ok   C:\Users\Angad\Desktop\SummerBIOIN\Project14-T2PW\docs\pwml_recovery_sprint\evidence\g11\REV-069\08-probe-tip.json
ok   C:\Users\Angad\Desktop\SummerBIOIN\Project14-T2PW\docs\pwml_recovery_sprint\evidence\g11\REV-069\09-probe-base-blind.json
ok   C:\Users\Angad\Desktop\SummerBIOIN\Project14-T2PW\docs\pwml_recovery_sprint\evidence\g11\REV-069\10-probe-commit1-deadline.json
ok   C:\Users\Angad\Desktop\SummerBIOIN\Project14-T2PW\docs\pwml_recovery_sprint\evidence\g11\REV-069\11-nonvac-tip-floor.json
ok   C:\Users\Angad\Desktop\SummerBIOIN\Project14-T2PW\docs\pwml_recovery_sprint\evidence\g11\REV-069\12-nonvac-base-vacuous.json
ok   C:\Users\Angad\Desktop\SummerBIOIN\Project14-T2PW\docs\pwml_recovery_sprint\evidence\g11\REV-069\13-history.json
ok   C:\Users\Angad\Desktop\SummerBIOIN\Project14-T2PW\docs\pwml_recovery_sprint\evidence\g11\REV-069\14-blast-radius.json
ok   C:\Users\Angad\Desktop\SummerBIOIN\Project14-T2PW\docs\pwml_recovery_sprint\evidence\g11\REV-069\15-skips.json
ok   C:\Users\Angad\Desktop\SummerBIOIN\Project14-T2PW\docs\pwml_recovery_sprint\evidence\g11\REV-069\16-tipequiv-with-venv.json
ok   C:\Users\Angad\Desktop\SummerBIOIN\Project14-T2PW\docs\pwml_recovery_sprint\evidence\g11\REV-069\17-crosscontam-tip.json
ok   C:\Users\Angad\Desktop\SummerBIOIN\Project14-T2PW\docs\pwml_recovery_sprint\evidence\g11\REV-069\18-crosscontam-base.json
ok   C:\Users\Angad\Desktop\SummerBIOIN\Project14-T2PW\docs\pwml_recovery_sprint\evidence\g11\REV-069\19-reason-probe.json
ok   C:\Users\Angad\Desktop\SummerBIOIN\Project14-T2PW\docs\pwml_recovery_sprint\evidence\g11\REV-069\20-tip3-focused.json
ok   C:\Users\Angad\Desktop\SummerBIOIN\Project14-T2PW\docs\pwml_recovery_sprint\evidence\g11\REV-069\21-probe-tip3.json
ok   C:\Users\Angad\Desktop\SummerBIOIN\Project14-T2PW\docs\pwml_recovery_sprint\evidence\g11\REV-069\22-child-reality.json
ok   C:\Users\Angad\Desktop\SummerBIOIN\Project14-T2PW\docs\pwml_recovery_sprint\evidence\g11\REV-070\01-tip-routine.json
ok   C:\Users\Angad\Desktop\SummerBIOIN\Project14-T2PW\docs\pwml_recovery_sprint\evidence\g11\REV-070\02-g9-base-real.json
ok   C:\Users\Angad\Desktop\SummerBIOIN\Project14-T2PW\docs\pwml_recovery_sprint\evidence\g11\REV-070\03-pin-wrongtree.json
ok   C:\Users\Angad\Desktop\SummerBIOIN\Project14-T2PW\docs\pwml_recovery_sprint\evidence\g11\REV-070\04-pin-nopythonpath.json
ok   C:\Users\Angad\Desktop\SummerBIOIN\Project14-T2PW\docs\pwml_recovery_sprint\evidence\g11\REV-070\05-pin-selection-outside.json
ok   C:\Users\Angad\Desktop\SummerBIOIN\Project14-T2PW\docs\pwml_recovery_sprint\evidence\g11\REV-070\06-plainpytest-order.json
ok   C:\Users\Angad\Desktop\SummerBIOIN\Project14-T2PW\docs\pwml_recovery_sprint\evidence\g11\REV-070\07-plainpytest-order-inioff.json
ok   C:\Users\Angad\Desktop\SummerBIOIN\Project14-T2PW\docs\pwml_recovery_sprint\evidence\g11\REV-070\08-chunkc-inion.json
ok   C:\Users\Angad\Desktop\SummerBIOIN\Project14-T2PW\docs\pwml_recovery_sprint\evidence\g11\REV-070\09-chunkc-inioff.json
ok   C:\Users\Angad\Desktop\SummerBIOIN\Project14-T2PW\docs\pwml_recovery_sprint\evidence\g11\REV-070\10-dcore-inion.json
ok   C:\Users\Angad\Desktop\SummerBIOIN\Project14-T2PW\docs\pwml_recovery_sprint\evidence\g11\REV-070\11-dcore-inioff.json
ok   C:\Users\Angad\Desktop\SummerBIOIN\Project14-T2PW\docs\pwml_recovery_sprint\evidence\g11\REV-070\12-tip-sweep.json
ok   C:\Users\Angad\Desktop\SummerBIOIN\Project14-T2PW\docs\pwml_recovery_sprint\evidence\g11\REV-070\13-base-sweep.json
ok   C:\Users\Angad\Desktop\SummerBIOIN\Project14-T2PW\docs\pwml_recovery_sprint\evidence\g11\REV-070\14-nonvacuity.json
ok   C:\Users\Angad\Desktop\SummerBIOIN\Project14-T2PW\docs\pwml_recovery_sprint\evidence\g11\REV-070\15-collect-pinned-inion.json
ok   C:\Users\Angad\Desktop\SummerBIOIN\Project14-T2PW\docs\pwml_recovery_sprint\evidence\g11\REV-070\16-collect-pinned-inioff.json
ok   C:\Users\Angad\Desktop\SummerBIOIN\Project14-T2PW\docs\pwml_recovery_sprint\evidence\g11\REV-071\01-basetree.json
ok   C:\Users\Angad\Desktop\SummerBIOIN\Project14-T2PW\docs\pwml_recovery_sprint\evidence\g11\REV-071\02-g9base.json
ok   C:\Users\Angad\Desktop\SummerBIOIN\Project14-T2PW\docs\pwml_recovery_sprint\evidence\g11\REV-071\03-g9tip.json
ok   C:\Users\Angad\Desktop\SummerBIOIN\Project14-T2PW\docs\pwml_recovery_sprint\evidence\g11\REV-071\04-census.json
ok   C:\Users\Angad\Desktop\SummerBIOIN\Project14-T2PW\docs\pwml_recovery_sprint\evidence\g11\REV-071\05-census2.json
ok   C:\Users\Angad\Desktop\SummerBIOIN\Project14-T2PW\docs\pwml_recovery_sprint\evidence\g11\REV-071\06-census3.json
ok   C:\Users\Angad\Desktop\SummerBIOIN\Project14-T2PW\docs\pwml_recovery_sprint\evidence\g11\REV-071\07-focused-core.json
ok   C:\Users\Angad\Desktop\SummerBIOIN\Project14-T2PW\docs\pwml_recovery_sprint\evidence\g11\REV-071\08-focused-consumers.json
ok   C:\Users\Angad\Desktop\SummerBIOIN\Project14-T2PW\docs\pwml_recovery_sprint\evidence\g11\REV-071\09-replay-tip.json
ok   C:\Users\Angad\Desktop\SummerBIOIN\Project14-T2PW\docs\pwml_recovery_sprint\evidence\g11\REV-071\10-g9-regression-on-base.json
ok   C:\Users\Angad\Desktop\SummerBIOIN\Project14-T2PW\docs\pwml_recovery_sprint\evidence\g11\REV-071\11-g9-correction-only-base.json
ok   C:\Users\Angad\Desktop\SummerBIOIN\Project14-T2PW\docs\pwml_recovery_sprint\evidence\g11\REV-071\12-base-red-and-pins.json
ok   C:\Users\Angad\Desktop\SummerBIOIN\Project14-T2PW\docs\pwml_recovery_sprint\evidence\g11\REV-071\13-hole.json
ok   C:\Users\Angad\Desktop\SummerBIOIN\Project14-T2PW\docs\pwml_recovery_sprint\evidence\g11\REV-071\14-perfile.json
ok   C:\Users\Angad\Desktop\SummerBIOIN\Project14-T2PW\docs\pwml_recovery_sprint\evidence\g11\REV-071\15-mutate.json
ok   C:\Users\Angad\Desktop\SummerBIOIN\Project14-T2PW\docs\pwml_recovery_sprint\evidence\g11\REV-071\16-prose.json
ok   C:\Users\Angad\Desktop\SummerBIOIN\Project14-T2PW\docs\pwml_recovery_sprint\evidence\g11\REV-081\01-rev081-actor-probe.json
ok   C:\Users\Angad\Desktop\SummerBIOIN\Project14-T2PW\docs\pwml_recovery_sprint\evidence\g11\REV-081\02-rev081-status-census.json
ok   C:\Users\Angad\Desktop\SummerBIOIN\Project14-T2PW\docs\pwml_recovery_sprint\evidence\g11\REV-081\03-rev081-ente-rename.json
ok   C:\Users\Angad\Desktop\SummerBIOIN\Project14-T2PW\docs\pwml_recovery_sprint\evidence\g11\REV-081\04-rev081-wrapper-census.json
ok   C:\Users\Angad\Desktop\SummerBIOIN\Project14-T2PW\docs\pwml_recovery_sprint\evidence\g11\REV-081\05-rev081-wrapper-census-b.json
ok   C:\Users\Angad\Desktop\SummerBIOIN\Project14-T2PW\docs\pwml_recovery_sprint\evidence\g11\REV-081\06-rev081-retrieval-check.json
ok   C:\Users\Angad\Desktop\SummerBIOIN\Project14-T2PW\docs\pwml_recovery_sprint\evidence\g11\REV-081\07-rev081-counterfactual.json
ok   C:\Users\Angad\Desktop\SummerBIOIN\Project14-T2PW\docs\pwml_recovery_sprint\evidence\g11\REV-081\08-rev081-complex-components.json
ok   C:\Users\Angad\Desktop\SummerBIOIN\Project14-T2PW\docs\pwml_recovery_sprint\evidence\g11\REV-081\09-smoke-base.json
ok   C:\Users\Angad\Desktop\SummerBIOIN\Project14-T2PW\docs\pwml_recovery_sprint\evidence\g11\REV-081\10-smoke-tip.json
ok   C:\Users\Angad\Desktop\SummerBIOIN\Project14-T2PW\docs\pwml_recovery_sprint\evidence\g11\REV-081\11-g9-base.json
ok   C:\Users\Angad\Desktop\SummerBIOIN\Project14-T2PW\docs\pwml_recovery_sprint\evidence\g11\REV-081\12-g9-base-tail.json
ok   C:\Users\Angad\Desktop\SummerBIOIN\Project14-T2PW\docs\pwml_recovery_sprint\evidence\g11\REV-081\13-g9-base-sum.json
ok   C:\Users\Angad\Desktop\SummerBIOIN\Project14-T2PW\docs\pwml_recovery_sprint\evidence\g11\REV-081\14-g9-tip.json
ok   C:\Users\Angad\Desktop\SummerBIOIN\Project14-T2PW\docs\pwml_recovery_sprint\evidence\g11\REV-081\15-c073-base.json
ok   C:\Users\Angad\Desktop\SummerBIOIN\Project14-T2PW\docs\pwml_recovery_sprint\evidence\g11\REV-081\16-blast-tip.json
ok   C:\Users\Angad\Desktop\SummerBIOIN\Project14-T2PW\docs\pwml_recovery_sprint\evidence\g11\REV-081\17-order-mutant.json
ok   C:\Users\Angad\Desktop\SummerBIOIN\Project14-T2PW\docs\pwml_recovery_sprint\evidence\g11\REV-081\18-affected-tip.json
ok   C:\Users\Angad\Desktop\SummerBIOIN\Project14-T2PW\docs\pwml_recovery_sprint\evidence\g11\REV-081\19-affected-base.json
ok   C:\Users\Angad\Desktop\SummerBIOIN\Project14-T2PW\docs\pwml_recovery_sprint\evidence\g11\REV-081\20-affbase2.json
ok   C:\Users\Angad\Desktop\SummerBIOIN\Project14-T2PW\docs\pwml_recovery_sprint\evidence\g11\REV-081\21-chunke-tip.json
ok   C:\Users\Angad\Desktop\SummerBIOIN\Project14-T2PW\docs\pwml_recovery_sprint\evidence\g11\REV-082\01-probe-tip.json
ok   C:\Users\Angad\Desktop\SummerBIOIN\Project14-T2PW\docs\pwml_recovery_sprint\evidence\g11\REV-082\02-smoke-base.json
ok   C:\Users\Angad\Desktop\SummerBIOIN\Project14-T2PW\docs\pwml_recovery_sprint\evidence\g11\REV-082\03-smoke-tip.json
ok   C:\Users\Angad\Desktop\SummerBIOIN\Project14-T2PW\docs\pwml_recovery_sprint\evidence\g11\REV-082\04-unit-base.json
ok   C:\Users\Angad\Desktop\SummerBIOIN\Project14-T2PW\docs\pwml_recovery_sprint\evidence\g11\REV-082\05-unit-tip.json
ok   C:\Users\Angad\Desktop\SummerBIOIN\Project14-T2PW\docs\pwml_recovery_sprint\evidence\g11\REV-082\06-seam-base.json
ok   C:\Users\Angad\Desktop\SummerBIOIN\Project14-T2PW\docs\pwml_recovery_sprint\evidence\g11\REV-082\07-seam-tip.json
ok   C:\Users\Angad\Desktop\SummerBIOIN\Project14-T2PW\docs\pwml_recovery_sprint\evidence\g11\REV-082\08-chunkd-tip.json
ok   C:\Users\Angad\Desktop\SummerBIOIN\Project14-T2PW\docs\pwml_recovery_sprint\evidence\g11\REV-082\09-affected-tip.json
ok   C:\Users\Angad\Desktop\SummerBIOIN\Project14-T2PW\docs\pwml_recovery_sprint\evidence\g11\REV-082\10-affected-base.json
ok   C:\Users\Angad\Desktop\SummerBIOIN\Project14-T2PW\docs\pwml_recovery_sprint\evidence\g11\REV-082\11-smoke-merged.json
ok   C:\Users\Angad\Desktop\SummerBIOIN\Project14-T2PW\docs\pwml_recovery_sprint\evidence\g11\REV-082\12-merged-focus.json
ok   C:\Users\Angad\Desktop\SummerBIOIN\Project14-T2PW\docs\pwml_recovery_sprint\evidence\g11\REV-082\13-probe2.json
ok   C:\Users\Angad\Desktop\SummerBIOIN\Project14-T2PW\docs\pwml_recovery_sprint\evidence\g11\REV-084\01-attribution-probe.json
ok   C:\Users\Angad\Desktop\SummerBIOIN\Project14-T2PW\docs\pwml_recovery_sprint\evidence\g11\REV-084\02-collateral-estimate.json
ok   C:\Users\Angad\Desktop\SummerBIOIN\Project14-T2PW\docs\pwml_recovery_sprint\evidence\g11\REV-084\03-refine-rule.json
ok   C:\Users\Angad\Desktop\SummerBIOIN\Project14-T2PW\docs\pwml_recovery_sprint\evidence\g11\REV-084\04-conjunction.json
ok   C:\Users\Angad\Desktop\SummerBIOIN\Project14-T2PW\docs\pwml_recovery_sprint\evidence\g11\REV-084\05-history.json
ok   C:\Users\Angad\Desktop\SummerBIOIN\Project14-T2PW\docs\pwml_recovery_sprint\evidence\g11\REV-085\01-rescore-base.json
ok   C:\Users\Angad\Desktop\SummerBIOIN\Project14-T2PW\docs\pwml_recovery_sprint\evidence\g11\REV-085\02-rescore-base2.json
ok   C:\Users\Angad\Desktop\SummerBIOIN\Project14-T2PW\docs\pwml_recovery_sprint\evidence\g11\REV-085\03-rescore-tip.json
ok   C:\Users\Angad\Desktop\SummerBIOIN\Project14-T2PW\docs\pwml_recovery_sprint\evidence\g11\REV-085\04-probe-tip.json
ok   C:\Users\Angad\Desktop\SummerBIOIN\Project14-T2PW\docs\pwml_recovery_sprint\evidence\g11\REV-085\05-probe-tip2.json
ok   C:\Users\Angad\Desktop\SummerBIOIN\Project14-T2PW\docs\pwml_recovery_sprint\evidence\g11\REV-085\06-smoke-base.json
ok   C:\Users\Angad\Desktop\SummerBIOIN\Project14-T2PW\docs\pwml_recovery_sprint\evidence\g11\REV-085\07-smoke-tip.json
ok   C:\Users\Angad\Desktop\SummerBIOIN\Project14-T2PW\docs\pwml_recovery_sprint\evidence\g11\REV-085\08-g9-base.json
ok   C:\Users\Angad\Desktop\SummerBIOIN\Project14-T2PW\docs\pwml_recovery_sprint\evidence\g11\REV-085\09-g9-tip.json
ok   C:\Users\Angad\Desktop\SummerBIOIN\Project14-T2PW\docs\pwml_recovery_sprint\evidence\g11\REV-085\10-mutant.json
ok   C:\Users\Angad\Desktop\SummerBIOIN\Project14-T2PW\docs\pwml_recovery_sprint\evidence\g11\REV-085\11-p3scope.json
ok   C:\Users\Angad\Desktop\SummerBIOIN\Project14-T2PW\docs\pwml_recovery_sprint\evidence\g11\REV-085\12-p3scope2.json
ok   C:\Users\Angad\Desktop\SummerBIOIN\Project14-T2PW\docs\pwml_recovery_sprint\evidence\g11\REV-085\13-smoke-merged.json
ok   C:\Users\Angad\Desktop\SummerBIOIN\Project14-T2PW\docs\pwml_recovery_sprint\evidence\g11\REV-086\01-d069-refusal-classification.json
ok   C:\Users\Angad\Desktop\SummerBIOIN\Project14-T2PW\docs\pwml_recovery_sprint\evidence\g11\REV-086\02-d069-source-support.json
ok   C:\Users\Angad\Desktop\SummerBIOIN\Project14-T2PW\docs\pwml_recovery_sprint\evidence\g11\REV-086\03-d069-source-support-2.json
ok   C:\Users\Angad\Desktop\SummerBIOIN\Project14-T2PW\docs\pwml_recovery_sprint\evidence\g11\REV-086\04-f125-f119-exposure.json
ok   C:\Users\Angad\Desktop\SummerBIOIN\Project14-T2PW\docs\pwml_recovery_sprint\evidence\g11\REV-086\05-participant-shape-census.json
ok   C:\Users\Angad\Desktop\SummerBIOIN\Project14-T2PW\docs\pwml_recovery_sprint\evidence\g11\REV-086\06-f119-g9-shape-probe.json
ok   C:\Users\Angad\Desktop\SummerBIOIN\Project14-T2PW\docs\pwml_recovery_sprint\evidence\g11\REV-086\07-withheld-by-rule-census.json
ok   C:\Users\Angad\Desktop\SummerBIOIN\Project14-T2PW\docs\pwml_recovery_sprint\evidence\g11\REV-087\01-c086-focused-tip.json
ok   C:\Users\Angad\Desktop\SummerBIOIN\Project14-T2PW\docs\pwml_recovery_sprint\evidence\g11\REV-087\02-c086-base-g9.json
ok   C:\Users\Angad\Desktop\SummerBIOIN\Project14-T2PW\docs\pwml_recovery_sprint\evidence\g11\REV-087\03-c086-base-g9-retry.json
ok   C:\Users\Angad\Desktop\SummerBIOIN\Project14-T2PW\docs\pwml_recovery_sprint\evidence\g11\REV-087\04-c086-affected.json
ok   C:\Users\Angad\Desktop\SummerBIOIN\Project14-T2PW\docs\pwml_recovery_sprint\evidence\g11\REV-087\05-c087-focused-tip.json
ok   C:\Users\Angad\Desktop\SummerBIOIN\Project14-T2PW\docs\pwml_recovery_sprint\evidence\g11\REV-087\06-c087-base-g9.json
ok   C:\Users\Angad\Desktop\SummerBIOIN\Project14-T2PW\docs\pwml_recovery_sprint\evidence\g11\REV-087\07-c087-base-g9only.json
ok   C:\Users\Angad\Desktop\SummerBIOIN\Project14-T2PW\docs\pwml_recovery_sprint\evidence\g11\REV-087\10-c087-affected-core.json
ok   C:\Users\Angad\Desktop\SummerBIOIN\Project14-T2PW\docs\pwml_recovery_sprint\evidence\g11\REV-087\11-c087-c074-base.json
ok   C:\Users\Angad\Desktop\SummerBIOIN\Project14-T2PW\docs\pwml_recovery_sprint\evidence\g11\REV-087\12-c087-affected-b.json
ok   C:\Users\Angad\Desktop\SummerBIOIN\Project14-T2PW\docs\pwml_recovery_sprint\evidence\g11\REV-087\13-c087-affected-b-base.json
ok   C:\Users\Angad\Desktop\SummerBIOIN\Project14-T2PW\docs\pwml_recovery_sprint\evidence\g11\REV-087\14-c086-blast-radius.json
ok   C:\Users\Angad\Desktop\SummerBIOIN\Project14-T2PW\docs\pwml_recovery_sprint\evidence\g11\REV-087\15-c086-blast-summary.json
ok   C:\Users\Angad\Desktop\SummerBIOIN\Project14-T2PW\docs\pwml_recovery_sprint\evidence\g11\REV-087\16-c087-monotone.json
ok   C:\Users\Angad\Desktop\SummerBIOIN\Project14-T2PW\docs\pwml_recovery_sprint\evidence\g11\REV-089\02-c056b-tip.json
ok   C:\Users\Angad\Desktop\SummerBIOIN\Project14-T2PW\docs\pwml_recovery_sprint\evidence\g11\REV-089\03-c056b-pre-gold.json
ok   C:\Users\Angad\Desktop\SummerBIOIN\Project14-T2PW\docs\pwml_recovery_sprint\evidence\g11\REV-089\04-c056b-post-gold.json
ok   C:\Users\Angad\Desktop\SummerBIOIN\Project14-T2PW\docs\pwml_recovery_sprint\evidence\g11\REV-089\05-c056b-vacuity-probe.json
ok   C:\Users\Angad\Desktop\SummerBIOIN\Project14-T2PW\docs\pwml_recovery_sprint\evidence\g11\REV-089\06-c056b-vacuity-probe2.json
ok   C:\Users\Angad\Desktop\SummerBIOIN\Project14-T2PW\docs\pwml_recovery_sprint\evidence\g11\REV-089\07-c089-tip.json
ok   C:\Users\Angad\Desktop\SummerBIOIN\Project14-T2PW\docs\pwml_recovery_sprint\evidence\g11\REV-089\08-c089-base-g9.json
ok   C:\Users\Angad\Desktop\SummerBIOIN\Project14-T2PW\docs\pwml_recovery_sprint\evidence\g11\REV-089\09-c089-base-split.json
ok   C:\Users\Angad\Desktop\SummerBIOIN\Project14-T2PW\docs\pwml_recovery_sprint\evidence\g11\REV-089\10-c089-base-split2.json
ok   C:\Users\Angad\Desktop\SummerBIOIN\Project14-T2PW\docs\pwml_recovery_sprint\evidence\g11\REV-089\11-c089-base-split3.json
ok   C:\Users\Angad\Desktop\SummerBIOIN\Project14-T2PW\docs\pwml_recovery_sprint\evidence\g11\REV-089\12-c089-census-base.json
ok   C:\Users\Angad\Desktop\SummerBIOIN\Project14-T2PW\docs\pwml_recovery_sprint\evidence\g11\REV-089\13-c089-census-tip.json
ok   C:\Users\Angad\Desktop\SummerBIOIN\Project14-T2PW\docs\pwml_recovery_sprint\evidence\g11\REV-089\14-t106-score-base.json
ok   C:\Users\Angad\Desktop\SummerBIOIN\Project14-T2PW\docs\pwml_recovery_sprint\evidence\g11\REV-089\15-t106-score-base2.json
ok   C:\Users\Angad\Desktop\SummerBIOIN\Project14-T2PW\docs\pwml_recovery_sprint\evidence\g11\REV-089\16-t106-score-tip.json
ok   C:\Users\Angad\Desktop\SummerBIOIN\Project14-T2PW\docs\pwml_recovery_sprint\evidence\g11\REV-089\17-smoke-c089-tip.json
ok   C:\Users\Angad\Desktop\SummerBIOIN\Project14-T2PW\docs\pwml_recovery_sprint\evidence\g11\REV-089\18-affected-c089-tip.json
ok   C:\Users\Angad\Desktop\SummerBIOIN\Project14-T2PW\docs\pwml_recovery_sprint\evidence\g11\REV-089\21-c090-tip.json
ok   C:\Users\Angad\Desktop\SummerBIOIN\Project14-T2PW\docs\pwml_recovery_sprint\evidence\g11\REV-089\22-c090-base-g9.json
ok   C:\Users\Angad\Desktop\SummerBIOIN\Project14-T2PW\docs\pwml_recovery_sprint\evidence\g11\REV-089\23-c090-base-names.json
ok   C:\Users\Angad\Desktop\SummerBIOIN\Project14-T2PW\docs\pwml_recovery_sprint\evidence\g11\REV-089\24-actorcensus-base.json
ok   C:\Users\Angad\Desktop\SummerBIOIN\Project14-T2PW\docs\pwml_recovery_sprint\evidence\g11\REV-089\25-actorcensus-tip.json
ok   C:\Users\Angad\Desktop\SummerBIOIN\Project14-T2PW\docs\pwml_recovery_sprint\evidence\g11\REV-089\26-release1216-base.json
ok   C:\Users\Angad\Desktop\SummerBIOIN\Project14-T2PW\docs\pwml_recovery_sprint\evidence\g11\REV-089\27-release1216-tip.json
ok   C:\Users\Angad\Desktop\SummerBIOIN\Project14-T2PW\docs\pwml_recovery_sprint\evidence\g11\REV-089\28-release2028-base.json
ok   C:\Users\Angad\Desktop\SummerBIOIN\Project14-T2PW\docs\pwml_recovery_sprint\evidence\g11\REV-089\29-release2028-tip.json
ok   C:\Users\Angad\Desktop\SummerBIOIN\Project14-T2PW\docs\pwml_recovery_sprint\evidence\g11\REV-089\30-t106-c090-base.json
ok   C:\Users\Angad\Desktop\SummerBIOIN\Project14-T2PW\docs\pwml_recovery_sprint\evidence\g11\REV-089\31-t106-c090-tip.json
ok   C:\Users\Angad\Desktop\SummerBIOIN\Project14-T2PW\docs\pwml_recovery_sprint\evidence\g11\REV-089\33-smoke-c090-tip2.json
ok   C:\Users\Angad\Desktop\SummerBIOIN\Project14-T2PW\docs\pwml_recovery_sprint\evidence\g11\REV-089\34-aff-c090-tip.json
ok   C:\Users\Angad\Desktop\SummerBIOIN\Project14-T2PW\docs\pwml_recovery_sprint\evidence\g11\REV-089\35-aff-c090-base.json
ok   C:\Users\Angad\Desktop\SummerBIOIN\Project14-T2PW\docs\pwml_recovery_sprint\evidence\g11\REV-089\36-aff-c089-base3.json
ok   C:\Users\Angad\Desktop\SummerBIOIN\Project14-T2PW\docs\pwml_recovery_sprint\evidence\g11\REV-089\37-semcensus-base.json
ok   C:\Users\Angad\Desktop\SummerBIOIN\Project14-T2PW\docs\pwml_recovery_sprint\evidence\g11\REV-089\38-semcensus-tip.json
ok   C:\Users\Angad\Desktop\SummerBIOIN\Project14-T2PW\docs\pwml_recovery_sprint\evidence\g11\REV-089\39-c074-integration.json
ok   C:\Users\Angad\Desktop\SummerBIOIN\Project14-T2PW\docs\pwml_recovery_sprint\evidence\g11\REV-089\40-verifyplan-c089.json
ok   C:\Users\Angad\Desktop\SummerBIOIN\Project14-T2PW\docs\pwml_recovery_sprint\evidence\g11\REV-089\41-verifyplan-c090.json
ok   C:\Users\Angad\Desktop\SummerBIOIN\Project14-T2PW\docs\pwml_recovery_sprint\evidence\g11\REV-089\42-orph180156-base.json
ok   C:\Users\Angad\Desktop\SummerBIOIN\Project14-T2PW\docs\pwml_recovery_sprint\evidence\g11\REV-089\43-orph180156-tip.json
ok   C:\Users\Angad\Desktop\SummerBIOIN\Project14-T2PW\docs\pwml_recovery_sprint\evidence\g11\REV-090\01-c083-tip-focused.json
ok   C:\Users\Angad\Desktop\SummerBIOIN\Project14-T2PW\docs\pwml_recovery_sprint\evidence\g11\REV-090\02-c083-golden-err.json
ok   C:\Users\Angad\Desktop\SummerBIOIN\Project14-T2PW\docs\pwml_recovery_sprint\evidence\g11\REV-090\03-c083-tip-focused2.json
ok   C:\Users\Angad\Desktop\SummerBIOIN\Project14-T2PW\docs\pwml_recovery_sprint\evidence\g11\REV-090\04-c083-base-g9.json
ok   C:\Users\Angad\Desktop\SummerBIOIN\Project14-T2PW\docs\pwml_recovery_sprint\evidence\g11\REV-090\05-prefreeze-tip.json
ok   C:\Users\Angad\Desktop\SummerBIOIN\Project14-T2PW\docs\pwml_recovery_sprint\evidence\g11\REV-090\06-prefreeze-base.json
ok   C:\Users\Angad\Desktop\SummerBIOIN\Project14-T2PW\docs\pwml_recovery_sprint\evidence\g11\REV-090\07-prefreeze-base2.json
ok   C:\Users\Angad\Desktop\SummerBIOIN\Project14-T2PW\docs\pwml_recovery_sprint\evidence\g11\REV-090\08-prefreeze-nodb.json
ok   C:\Users\Angad\Desktop\SummerBIOIN\Project14-T2PW\docs\pwml_recovery_sprint\evidence\g11\REV-090\09-probe-db.json
ok   C:\Users\Angad\Desktop\SummerBIOIN\Project14-T2PW\docs\pwml_recovery_sprint\evidence\g11\REV-090\10-c083-smoke.json
ok   C:\Users\Angad\Desktop\SummerBIOIN\Project14-T2PW\docs\pwml_recovery_sprint\evidence\g11\REV-090\11-c083-smoke2.json
ok   C:\Users\Angad\Desktop\SummerBIOIN\Project14-T2PW\docs\pwml_recovery_sprint\evidence\g11\REV-090\12-c088-focused.json
ok   C:\Users\Angad\Desktop\SummerBIOIN\Project14-T2PW\docs\pwml_recovery_sprint\evidence\g11\REV-090\13-c088-affected.json
ok   C:\Users\Angad\Desktop\SummerBIOIN\Project14-T2PW\docs\pwml_recovery_sprint\evidence\g11\REV-090\14-c088-affected-base.json
ok   C:\Users\Angad\Desktop\SummerBIOIN\Project14-T2PW\docs\pwml_recovery_sprint\evidence\g11\REV-090\15-c088-base-label.json
ok   C:\Users\Angad\Desktop\SummerBIOIN\Project14-T2PW\docs\pwml_recovery_sprint\evidence\g11\REV-090\16-c088-score-tip.json
ok   C:\Users\Angad\Desktop\SummerBIOIN\Project14-T2PW\docs\pwml_recovery_sprint\evidence\g11\REV-090\17-c088-score-base.json
ok   C:\Users\Angad\Desktop\SummerBIOIN\Project14-T2PW\docs\pwml_recovery_sprint\evidence\g11\REV-090\18-c088-verifyplan.json
ok   C:\Users\Angad\Desktop\SummerBIOIN\Project14-T2PW\docs\pwml_recovery_sprint\evidence\g11\REV-090\19-c088-smoke.json
ok   C:\Users\Angad\Desktop\SummerBIOIN\Project14-T2PW\docs\pwml_recovery_sprint\evidence\g11\REV-090\20-c083-extra.json
ok   C:\Users\Angad\Desktop\SummerBIOIN\Project14-T2PW\docs\pwml_recovery_sprint\evidence\g11\REV-090\21-c083-extra-base.json
ok   C:\Users\Angad\Desktop\SummerBIOIN\Project14-T2PW\docs\pwml_recovery_sprint\evidence\g11\REV-094\01-tip-new.json
ok   C:\Users\Angad\Desktop\SummerBIOIN\Project14-T2PW\docs\pwml_recovery_sprint\evidence\g11\REV-094\02-base-g9.json
ok   C:\Users\Angad\Desktop\SummerBIOIN\Project14-T2PW\docs\pwml_recovery_sprint\evidence\g11\REV-094\03-baseline-tip.json
ok   C:\Users\Angad\Desktop\SummerBIOIN\Project14-T2PW\docs\pwml_recovery_sprint\evidence\g11\REV-094\04-probe-tip.json
ok   C:\Users\Angad\Desktop\SummerBIOIN\Project14-T2PW\docs\pwml_recovery_sprint\evidence\g11\REV-094\05-cohort-tip.json
ok   C:\Users\Angad\Desktop\SummerBIOIN\Project14-T2PW\docs\pwml_recovery_sprint\evidence\g11\REV-094\06-cohort-base.json
ok   C:\Users\Angad\Desktop\SummerBIOIN\Project14-T2PW\docs\pwml_recovery_sprint\evidence\g11\REV-094\07-smoke.json
ok   C:\Users\Angad\Desktop\SummerBIOIN\Project14-T2PW\docs\pwml_recovery_sprint\evidence\g11\REV-094\08-sweep-tip.json
ok   C:\Users\Angad\Desktop\SummerBIOIN\Project14-T2PW\docs\pwml_recovery_sprint\evidence\g11\REV-094\09-sweep-base.json
ok   C:\Users\Angad\Desktop\SummerBIOIN\Project14-T2PW\docs\pwml_recovery_sprint\evidence\g11\REV-094\10-sweep-base2.json
ok   C:\Users\Angad\Desktop\SummerBIOIN\Project14-T2PW\docs\pwml_recovery_sprint\evidence\g11\REV-094\11-chunkd-core.json
ok   C:\Users\Angad\Desktop\SummerBIOIN\Project14-T2PW\docs\pwml_recovery_sprint\evidence\g11\REV-094\12-mono.json
ok   C:\Users\Angad\Desktop\SummerBIOIN\Project14-T2PW\docs\pwml_recovery_sprint\evidence\g11\REV-094\13-core.json
ok   C:\Users\Angad\Desktop\SummerBIOIN\Project14-T2PW\docs\pwml_recovery_sprint\evidence\g11\REV-094\14-s8.json
ok   C:\Users\Angad\Desktop\SummerBIOIN\Project14-T2PW\docs\pwml_recovery_sprint\evidence\g11\REV-094\15-qb.json
ok   C:\Users\Angad\Desktop\SummerBIOIN\Project14-T2PW\docs\pwml_recovery_sprint\evidence\g11\REV-094\16-run-core.json
ok   C:\Users\Angad\Desktop\SummerBIOIN\Project14-T2PW\docs\pwml_recovery_sprint\evidence\g11\REV-095\01-rev-tip-focused.json
ok   C:\Users\Angad\Desktop\SummerBIOIN\Project14-T2PW\docs\pwml_recovery_sprint\evidence\g11\REV-095\02-rev-base-g9.json
ok   C:\Users\Angad\Desktop\SummerBIOIN\Project14-T2PW\docs\pwml_recovery_sprint\evidence\g11\REV-095\03-dbprobe.json
ok   C:\Users\Angad\Desktop\SummerBIOIN\Project14-T2PW\docs\pwml_recovery_sprint\evidence\g11\REV-095\04-alias-probe-tip.json
ok   C:\Users\Angad\Desktop\SummerBIOIN\Project14-T2PW\docs\pwml_recovery_sprint\evidence\g11\REV-095\05-alias-probe-base.json
ok   C:\Users\Angad\Desktop\SummerBIOIN\Project14-T2PW\docs\pwml_recovery_sprint\evidence\g11\REV-095\06-e2e-probe-tip.json
ok   C:\Users\Angad\Desktop\SummerBIOIN\Project14-T2PW\docs\pwml_recovery_sprint\evidence\g11\REV-095\07-ente-probe-tip.json
ok   C:\Users\Angad\Desktop\SummerBIOIN\Project14-T2PW\docs\pwml_recovery_sprint\evidence\g11\REV-095\08-ente-probe-base.json
ok   C:\Users\Angad\Desktop\SummerBIOIN\Project14-T2PW\docs\pwml_recovery_sprint\evidence\g11\REV-095\09-blast-tip.json
ok   C:\Users\Angad\Desktop\SummerBIOIN\Project14-T2PW\docs\pwml_recovery_sprint\evidence\g11\REV-095\10-blast-base.json
ok   C:\Users\Angad\Desktop\SummerBIOIN\Project14-T2PW\docs\pwml_recovery_sprint\evidence\g11\REV-095\11-affected-tip.json
ok   C:\Users\Angad\Desktop\SummerBIOIN\Project14-T2PW\docs\pwml_recovery_sprint\evidence\g11\REV-095\12-smoke-tip.json
ok   C:\Users\Angad\Desktop\SummerBIOIN\Project14-T2PW\docs\pwml_recovery_sprint\evidence\g11\REV-095\13-lost-probe-tip.json
ok   C:\Users\Angad\Desktop\SummerBIOIN\Project14-T2PW\docs\pwml_recovery_sprint\evidence\g11\REV-095\14-lost-probe-base.json
ok   C:\Users\Angad\Desktop\SummerBIOIN\Project14-T2PW\docs\pwml_recovery_sprint\evidence\g11\REV-095\15-d-tip-focused.json
ok   C:\Users\Angad\Desktop\SummerBIOIN\Project14-T2PW\docs\pwml_recovery_sprint\evidence\g11\REV-095\16-d-nonvacuity-194d6cd.json
ok   C:\Users\Angad\Desktop\SummerBIOIN\Project14-T2PW\docs\pwml_recovery_sprint\evidence\g11\REV-095\17-d-g9-base.json
ok   C:\Users\Angad\Desktop\SummerBIOIN\Project14-T2PW\docs\pwml_recovery_sprint\evidence\g11\REV-095\18-d-affected.json
ok   C:\Users\Angad\Desktop\SummerBIOIN\Project14-T2PW\docs\pwml_recovery_sprint\evidence\g11\REV-095\19-d-blast.json
ok   C:\Users\Angad\Desktop\SummerBIOIN\Project14-T2PW\docs\pwml_recovery_sprint\evidence\g11\REV-095\20-d-smoke.json
ok   C:\Users\Angad\Desktop\SummerBIOIN\Project14-T2PW\docs\pwml_recovery_sprint\evidence\g11\REV-095\21-d-carveout-tip.json
ok   C:\Users\Angad\Desktop\SummerBIOIN\Project14-T2PW\docs\pwml_recovery_sprint\evidence\g11\REV-095\22-d-alias-tip.json
ok   C:\Users\Angad\Desktop\SummerBIOIN\Project14-T2PW\docs\pwml_recovery_sprint\evidence\g11\REV-096\01-db-probe-tip.json
ok   C:\Users\Angad\Desktop\SummerBIOIN\Project14-T2PW\docs\pwml_recovery_sprint\evidence\g11\REV-096\02-base-db-probe.json
ok   C:\Users\Angad\Desktop\SummerBIOIN\Project14-T2PW\docs\pwml_recovery_sprint\evidence\g11\REV-096\03-base-seam-live.json
ok   C:\Users\Angad\Desktop\SummerBIOIN\Project14-T2PW\docs\pwml_recovery_sprint\evidence\g11\REV-096\04-tip-seam-live.json
ok   C:\Users\Angad\Desktop\SummerBIOIN\Project14-T2PW\docs\pwml_recovery_sprint\evidence\g11\REV-096\08-tip-c096-new-livedb.json
ok   C:\Users\Angad\Desktop\SummerBIOIN\Project14-T2PW\docs\pwml_recovery_sprint\evidence\g11\REV-096\10-tip-seam-nodb.json
ok   C:\Users\Angad\Desktop\SummerBIOIN\Project14-T2PW\docs\pwml_recovery_sprint\evidence\g11\REV-096\11-nodb-probe.json
ok   C:\Users\Angad\Desktop\SummerBIOIN\Project14-T2PW\docs\pwml_recovery_sprint\evidence\g11\REV-096\12-none-preserved-baseform-on-tip.json
ok   C:\Users\Angad\Desktop\SummerBIOIN\Project14-T2PW\docs\pwml_recovery_sprint\evidence\g11\REV-096\13-none-diff-base.json
ok   C:\Users\Angad\Desktop\SummerBIOIN\Project14-T2PW\docs\pwml_recovery_sprint\evidence\g11\REV-096\14-none-diff-tip.json
ok   C:\Users\Angad\Desktop\SummerBIOIN\Project14-T2PW\docs\pwml_recovery_sprint\evidence\g11\REV-096\15-tip-affected-livedb.json
ok   C:\Users\Angad\Desktop\SummerBIOIN\Project14-T2PW\docs\pwml_recovery_sprint\evidence\g11\REV-096\16-base-affected-livedb.json
ok   C:\Users\Angad\Desktop\SummerBIOIN\Project14-T2PW\docs\pwml_recovery_sprint\evidence\g11\REV-096\17-base-affected-nodb.json
ok   C:\Users\Angad\Desktop\SummerBIOIN\Project14-T2PW\docs\pwml_recovery_sprint\evidence\g11\REV-096\19-base-affected-envremoved.json
ok   C:\Users\Angad\Desktop\SummerBIOIN\Project14-T2PW\docs\pwml_recovery_sprint\evidence\g11\REV-096\20-tip-affected-envremoved.json
ok   C:\Users\Angad\Desktop\SummerBIOIN\Project14-T2PW\docs\pwml_recovery_sprint\evidence\g11\REV-096\21-verdict-class-probe.json
ok   C:\Users\Angad\Desktop\SummerBIOIN\Project14-T2PW\docs\pwml_recovery_sprint\evidence\g11\REV-096\22-smoke-tip.json
ok   C:\Users\Angad\Desktop\SummerBIOIN\Project14-T2PW\docs\pwml_recovery_sprint\evidence\g11\REV-096\23-chunkd-mono-residue.json
ok   C:\Users\Angad\Desktop\SummerBIOIN\Project14-T2PW\docs\pwml_recovery_sprint\evidence\g11\REV-096\24-chunkd-qb-tip.json
ok   C:\Users\Angad\Desktop\SummerBIOIN\Project14-T2PW\docs\pwml_recovery_sprint\evidence\g11\REV-096\25-mono.json
ok   C:\Users\Angad\Desktop\SummerBIOIN\Project14-T2PW\docs\pwml_recovery_sprint\evidence\g11\REV-096\26-core.json
ok   C:\Users\Angad\Desktop\SummerBIOIN\Project14-T2PW\docs\pwml_recovery_sprint\evidence\g11\REV-096\27-s8.json
ok   C:\Users\Angad\Desktop\SummerBIOIN\Project14-T2PW\docs\pwml_recovery_sprint\evidence\g11\REV-096\28-qb.json
ok   C:\Users\Angad\Desktop\SummerBIOIN\Project14-T2PW\docs\pwml_recovery_sprint\evidence\g11\REV-096\29-node04.json
ok   C:\Users\Angad\Desktop\SummerBIOIN\Project14-T2PW\docs\pwml_recovery_sprint\evidence\g11\REV-096\30-node05.json
ok   C:\Users\Angad\Desktop\SummerBIOIN\Project14-T2PW\docs\pwml_recovery_sprint\evidence\g11\REV-096\31-node06.json
ok   C:\Users\Angad\Desktop\SummerBIOIN\Project14-T2PW\docs\pwml_recovery_sprint\evidence\g11\REV-096\32-node07.json
ok   C:\Users\Angad\Desktop\SummerBIOIN\Project14-T2PW\docs\pwml_recovery_sprint\evidence\g11\REV-096\33-node08.json
ok   C:\Users\Angad\Desktop\SummerBIOIN\Project14-T2PW\docs\pwml_recovery_sprint\evidence\g11\REV-096\34-node09.json
ok   C:\Users\Angad\Desktop\SummerBIOIN\Project14-T2PW\docs\pwml_recovery_sprint\evidence\g11\REV-096\35-node10.json
ok   C:\Users\Angad\Desktop\SummerBIOIN\Project14-T2PW\docs\pwml_recovery_sprint\evidence\g11\REV-096\36-node11.json
ok   C:\Users\Angad\Desktop\SummerBIOIN\Project14-T2PW\docs\pwml_recovery_sprint\evidence\g11\REV-096\37-node12.json
ok   C:\Users\Angad\Desktop\SummerBIOIN\Project14-T2PW\docs\pwml_recovery_sprint\evidence\g11\REV-096\38-node13.json
ok   C:\Users\Angad\Desktop\SummerBIOIN\Project14-T2PW\docs\pwml_recovery_sprint\evidence\g11\REV-096\39-node14.json
ok   C:\Users\Angad\Desktop\SummerBIOIN\Project14-T2PW\docs\pwml_recovery_sprint\evidence\g11\REV-096\40-node15.json
ok   C:\Users\Angad\Desktop\SummerBIOIN\Project14-T2PW\docs\pwml_recovery_sprint\evidence\g11\REV-096\41-node16.json
ok   C:\Users\Angad\Desktop\SummerBIOIN\Project14-T2PW\docs\pwml_recovery_sprint\evidence\g11\REV-096\42-node17.json
ok   C:\Users\Angad\Desktop\SummerBIOIN\Project14-T2PW\docs\pwml_recovery_sprint\evidence\g11\REV-096\43-node18.json
ok   C:\Users\Angad\Desktop\SummerBIOIN\Project14-T2PW\docs\pwml_recovery_sprint\evidence\g11\REV-096\44-node19.json
ok   C:\Users\Angad\Desktop\SummerBIOIN\Project14-T2PW\docs\pwml_recovery_sprint\evidence\g11\REV-096\45-node20.json
ok   C:\Users\Angad\Desktop\SummerBIOIN\Project14-T2PW\docs\pwml_recovery_sprint\evidence\g11\REV-096\46-node21.json
ok   C:\Users\Angad\Desktop\SummerBIOIN\Project14-T2PW\docs\pwml_recovery_sprint\evidence\g11\REV-096\47-node22.json
ok   C:\Users\Angad\Desktop\SummerBIOIN\Project14-T2PW\docs\pwml_recovery_sprint\evidence\g11\REV-096\48-node23.json
ok   C:\Users\Angad\Desktop\SummerBIOIN\Project14-T2PW\docs\pwml_recovery_sprint\evidence\g11\REV-096\49-node24.json
ok   C:\Users\Angad\Desktop\SummerBIOIN\Project14-T2PW\docs\pwml_recovery_sprint\evidence\g11\REV-096\50-node25.json
ok   C:\Users\Angad\Desktop\SummerBIOIN\Project14-T2PW\docs\pwml_recovery_sprint\evidence\g11\REV-096\51-node26.json
ok   C:\Users\Angad\Desktop\SummerBIOIN\Project14-T2PW\docs\pwml_recovery_sprint\evidence\g11\REV-096\52-base-node15.json
ok   C:\Users\Angad\Desktop\SummerBIOIN\Project14-T2PW\docs\pwml_recovery_sprint\evidence\g11\REV-096\53-base-node15-envremoved.json
ok   C:\Users\Angad\Desktop\SummerBIOIN\Project14-T2PW\docs\pwml_recovery_sprint\evidence\g11\REV-096\54-tip-node15-envremoved.json
ok   C:\Users\Angad\Desktop\SummerBIOIN\Project14-T2PW\docs\pwml_recovery_sprint\evidence\g11\REV-096\55-mutation-probe.json
ok   C:\Users\Angad\Desktop\SummerBIOIN\Project14-T2PW\docs\pwml_recovery_sprint\evidence\g11\REV-097\01-rev097-tip-newtests.json
ok   C:\Users\Angad\Desktop\SummerBIOIN\Project14-T2PW\docs\pwml_recovery_sprint\evidence\g11\REV-097\02-rev097-g9-base.json
ok   C:\Users\Angad\Desktop\SummerBIOIN\Project14-T2PW\docs\pwml_recovery_sprint\evidence\g11\REV-097\03-rev097-independent-census.json
ok   C:\Users\Angad\Desktop\SummerBIOIN\Project14-T2PW\docs\pwml_recovery_sprint\evidence\g11\REV-097\04-rev097-ab-tip-plain.json
ok   C:\Users\Angad\Desktop\SummerBIOIN\Project14-T2PW\docs\pwml_recovery_sprint\evidence\g11\REV-097\05-rev097-ab-base-plain.json
ok   C:\Users\Angad\Desktop\SummerBIOIN\Project14-T2PW\docs\pwml_recovery_sprint\evidence\g11\REV-097\06-rev097-ab-tip-inject.json
ok   C:\Users\Angad\Desktop\SummerBIOIN\Project14-T2PW\docs\pwml_recovery_sprint\evidence\g11\REV-097\07-rev097-ab-base-inject.json
ok   C:\Users\Angad\Desktop\SummerBIOIN\Project14-T2PW\docs\pwml_recovery_sprint\evidence\g11\REV-097\08-rev097-hardcoded-impostor.json
ok   C:\Users\Angad\Desktop\SummerBIOIN\Project14-T2PW\docs\pwml_recovery_sprint\evidence\g11\REV-097\09-rev097-rerun-author-census.json
ok   C:\Users\Angad\Desktop\SummerBIOIN\Project14-T2PW\docs\pwml_recovery_sprint\evidence\g11\REV-097\10-rev097-affected.json
ok   C:\Users\Angad\Desktop\SummerBIOIN\Project14-T2PW\docs\pwml_recovery_sprint\evidence\g11\REV-097\11-rev097-c074-on-base.json
ok   C:\Users\Angad\Desktop\SummerBIOIN\Project14-T2PW\docs\pwml_recovery_sprint\evidence\g11\REV-097\13-rev097-smoke2.json
ok   C:\Users\Angad\Desktop\SummerBIOIN\Project14-T2PW\docs\pwml_recovery_sprint\evidence\g11\REV-097\14-rev097-preservation-control.json
ok   C:\Users\Angad\Desktop\SummerBIOIN\Project14-T2PW\docs\pwml_recovery_sprint\evidence\g11\REV-101\02-census-base.json
ok   C:\Users\Angad\Desktop\SummerBIOIN\Project14-T2PW\docs\pwml_recovery_sprint\evidence\g11\REV-101\03-census-base2.json
ok   C:\Users\Angad\Desktop\SummerBIOIN\Project14-T2PW\docs\pwml_recovery_sprint\evidence\g11\REV-101\04-census-tip.json
ok   C:\Users\Angad\Desktop\SummerBIOIN\Project14-T2PW\docs\pwml_recovery_sprint\evidence\g11\REV-101\05-adversarial-tip.json
ok   C:\Users\Angad\Desktop\SummerBIOIN\Project14-T2PW\docs\pwml_recovery_sprint\evidence\g11\REV-101\06-bandc-tip.json
ok   C:\Users\Angad\Desktop\SummerBIOIN\Project14-T2PW\docs\pwml_recovery_sprint\evidence\g11\REV-101\07-band-tip.json
ok   C:\Users\Angad\Desktop\SummerBIOIN\Project14-T2PW\docs\pwml_recovery_sprint\evidence\g11\REV-101\08-g9-base.json
ok   C:\Users\Angad\Desktop\SummerBIOIN\Project14-T2PW\docs\pwml_recovery_sprint\evidence\g11\REV-101\09-g9-base-verbose.json
ok   C:\Users\Angad\Desktop\SummerBIOIN\Project14-T2PW\docs\pwml_recovery_sprint\evidence\g11\REV-101\10-focused-tip.json
ok   C:\Users\Angad\Desktop\SummerBIOIN\Project14-T2PW\docs\pwml_recovery_sprint\evidence\g11\REV-101\11-goldreaders-base.json
ok   C:\Users\Angad\Desktop\SummerBIOIN\Project14-T2PW\docs\pwml_recovery_sprint\evidence\g11\REV-101\12-diag-errors.json
ok   C:\Users\Angad\Desktop\SummerBIOIN\Project14-T2PW\docs\pwml_recovery_sprint\evidence\g11\REV-101\13-goldreaders-tip.json
ok   C:\Users\Angad\Desktop\SummerBIOIN\Project14-T2PW\docs\pwml_recovery_sprint\evidence\g11\REV-101\14-goldreaders-comb-base.json
ok   C:\Users\Angad\Desktop\SummerBIOIN\Project14-T2PW\docs\pwml_recovery_sprint\evidence\g11\REV-101\15-diag2.json
ok   C:\Users\Angad\Desktop\SummerBIOIN\Project14-T2PW\docs\pwml_recovery_sprint\evidence\g11\REV-101\16-gr-venv-base.json
ok   C:\Users\Angad\Desktop\SummerBIOIN\Project14-T2PW\docs\pwml_recovery_sprint\evidence\g11\REV-101\17-gr-venv-tip.json
ok   C:\Users\Angad\Desktop\SummerBIOIN\Project14-T2PW\docs\pwml_recovery_sprint\evidence\g11\REV-101\18-gr-split-base.json
ok   C:\Users\Angad\Desktop\SummerBIOIN\Project14-T2PW\docs\pwml_recovery_sprint\evidence\g11\REV-101\19-gr-split-tip.json
ok   C:\Users\Angad\Desktop\SummerBIOIN\Project14-T2PW\docs\pwml_recovery_sprint\evidence\g11\REV-101\20-smoke-base.json
ok   C:\Users\Angad\Desktop\SummerBIOIN\Project14-T2PW\docs\pwml_recovery_sprint\evidence\g11\REV-101\21-smoke-tip.json
ok   C:\Users\Angad\Desktop\SummerBIOIN\Project14-T2PW\docs\pwml_recovery_sprint\evidence\g11\REV-101\22-census-venv-base.json
ok   C:\Users\Angad\Desktop\SummerBIOIN\Project14-T2PW\docs\pwml_recovery_sprint\evidence\g11\REV-101\23-census-venv-tip.json
ok   C:\Users\Angad\Desktop\SummerBIOIN\Project14-T2PW\docs\pwml_recovery_sprint\evidence\g11\REV-101\24-r1-delta-tip.json
ok   C:\Users\Angad\Desktop\SummerBIOIN\Project14-T2PW\docs\pwml_recovery_sprint\evidence\g11\REV-101\25-r1-delta-r1.json
ok   C:\Users\Angad\Desktop\SummerBIOIN\Project14-T2PW\docs\pwml_recovery_sprint\evidence\g11\REV-101\26-r1-render.json
ok   C:\Users\Angad\Desktop\SummerBIOIN\Project14-T2PW\docs\pwml_recovery_sprint\evidence\g11\REV-101\27-r1-focused.json
ok   C:\Users\Angad\Desktop\SummerBIOIN\Project14-T2PW\docs\pwml_recovery_sprint\evidence\g11\REV-101\28-r1-baselines-tip.json
ok   C:\Users\Angad\Desktop\SummerBIOIN\Project14-T2PW\docs\pwml_recovery_sprint\evidence\g11\REV-101\29-r1-baselines-r1.json
ok   C:\Users\Angad\Desktop\SummerBIOIN\Project14-T2PW\docs\pwml_recovery_sprint\evidence\g11\REV-101\30-r1-focused2.json
ok   C:\Users\Angad\Desktop\SummerBIOIN\Project14-T2PW\docs\pwml_recovery_sprint\evidence\g11\REV-101\31-r1-smoke.json
ok   C:\Users\Angad\Desktop\SummerBIOIN\Project14-T2PW\docs\pwml_recovery_sprint\evidence\g11\REV-101\32-r1-gr-comb.json
ok   C:\Users\Angad\Desktop\SummerBIOIN\Project14-T2PW\docs\pwml_recovery_sprint\evidence\g11\REV-101\33-r1-gr-split.json
ok   C:\Users\Angad\Desktop\SummerBIOIN\Project14-T2PW\docs\pwml_recovery_sprint\evidence\g11\REV-101\34-r2-vacuity.json
ok   C:\Users\Angad\Desktop\SummerBIOIN\Project14-T2PW\docs\pwml_recovery_sprint\evidence\g11\REV-101\35-r2-focused.json
ok   C:\Users\Angad\Desktop\SummerBIOIN\Project14-T2PW\docs\pwml_recovery_sprint\evidence\g11\REV-101\36-r2-smoke.json
ok   C:\Users\Angad\Desktop\SummerBIOIN\Project14-T2PW\docs\pwml_recovery_sprint\evidence\g11\REV-101\37-r2-gr-comb.json
ok   C:\Users\Angad\Desktop\SummerBIOIN\Project14-T2PW\docs\pwml_recovery_sprint\evidence\g11\REV-101\38-r2-gr-split.json
ok   C:\Users\Angad\Desktop\SummerBIOIN\Project14-T2PW\docs\pwml_recovery_sprint\evidence\g11\REV-101\39-r2-invariants.json
ok   C:\Users\Angad\Desktop\SummerBIOIN\Project14-T2PW\docs\pwml_recovery_sprint\evidence\g11\REV-101\40-r3-mutation-a.json
ok   C:\Users\Angad\Desktop\SummerBIOIN\Project14-T2PW\docs\pwml_recovery_sprint\evidence\g11\REV-101\41-r3-mutation-b.json
ok   C:\Users\Angad\Desktop\SummerBIOIN\Project14-T2PW\docs\pwml_recovery_sprint\evidence\g11\REV-101\42-r3-exercised.json
ok   C:\Users\Angad\Desktop\SummerBIOIN\Project14-T2PW\docs\pwml_recovery_sprint\evidence\g11\REV-101\43-r3-focused.json
ok   C:\Users\Angad\Desktop\SummerBIOIN\Project14-T2PW\docs\pwml_recovery_sprint\evidence\g11\REV-101\44-r3-smoke.json
ok   C:\Users\Angad\Desktop\SummerBIOIN\Project14-T2PW\docs\pwml_recovery_sprint\evidence\g11\REV-101\45-r3-goldreaders.json
ok   C:\Users\Angad\Desktop\SummerBIOIN\Project14-T2PW\docs\pwml_recovery_sprint\evidence\g11\REV-101\46-r3-goldreaders-split.json
ok   C:\Users\Angad\Desktop\SummerBIOIN\Project14-T2PW\docs\pwml_recovery_sprint\evidence\g11\REV-101\47-r3-invariants.json
ok   C:\Users\Angad\Desktop\SummerBIOIN\Project14-T2PW\docs\pwml_recovery_sprint\evidence\g11\REV-102\01-focused-tip.json
ok   C:\Users\Angad\Desktop\SummerBIOIN\Project14-T2PW\docs\pwml_recovery_sprint\evidence\g11\REV-102\01-g9-proof-base.json
ok   C:\Users\Angad\Desktop\SummerBIOIN\Project14-T2PW\docs\pwml_recovery_sprint\evidence\g11\REV-102\02-g9-proof-tip.json
ok   C:\Users\Angad\Desktop\SummerBIOIN\Project14-T2PW\docs\pwml_recovery_sprint\evidence\g11\REV-102\02-orch702-replay-base.json
ok   C:\Users\Angad\Desktop\SummerBIOIN\Project14-T2PW\docs\pwml_recovery_sprint\evidence\g11\REV-102\03-goldreaders-base.json
ok   C:\Users\Angad\Desktop\SummerBIOIN\Project14-T2PW\docs\pwml_recovery_sprint\evidence\g11\REV-102\03-regimes-tip.json
ok   C:\Users\Angad\Desktop\SummerBIOIN\Project14-T2PW\docs\pwml_recovery_sprint\evidence\g11\REV-102\04-gaming-probe.json
ok   C:\Users\Angad\Desktop\SummerBIOIN\Project14-T2PW\docs\pwml_recovery_sprint\evidence\g11\REV-102\04-shape-base.json
ok   C:\Users\Angad\Desktop\SummerBIOIN\Project14-T2PW\docs\pwml_recovery_sprint\evidence\g11\REV-102\05-focused-base.json
ok   C:\Users\Angad\Desktop\SummerBIOIN\Project14-T2PW\docs\pwml_recovery_sprint\evidence\g11\REV-102\05-gaming-probe-2.json
ok   C:\Users\Angad\Desktop\SummerBIOIN\Project14-T2PW\docs\pwml_recovery_sprint\evidence\g11\REV-102\06-mutation-rerun.json
ok   C:\Users\Angad\Desktop\SummerBIOIN\Project14-T2PW\docs\pwml_recovery_sprint\evidence\g11\REV-102\07-rev-own-mutations.json
ok   C:\Users\Angad\Desktop\SummerBIOIN\Project14-T2PW\docs\pwml_recovery_sprint\evidence\g11\REV-102\08-goldreaders-tip.json
ok   C:\Users\Angad\Desktop\SummerBIOIN\Project14-T2PW\docs\pwml_recovery_sprint\evidence\g11\REV-102\09-smoke-tip.json
ok   C:\Users\Angad\Desktop\SummerBIOIN\Project14-T2PW\docs\pwml_recovery_sprint\evidence\g11\REV-102\10-guards-probe.json
ok   C:\Users\Angad\Desktop\SummerBIOIN\Project14-T2PW\docs\pwml_recovery_sprint\evidence\g11\REV-102\11-guards-probe-2.json
ok   C:\Users\Angad\Desktop\SummerBIOIN\Project14-T2PW\docs\pwml_recovery_sprint\evidence\g11\REV-102\12-shape-tip.json
ok   C:\Users\Angad\Desktop\SummerBIOIN\Project14-T2PW\docs\pwml_recovery_sprint\evidence\g11\REV-102\13-ab-verify.json
ok   C:\Users\Angad\Desktop\SummerBIOIN\Project14-T2PW\docs\pwml_recovery_sprint\evidence\g11\REV-102\14-below-detail.json
ok   C:\Users\Angad\Desktop\SummerBIOIN\Project14-T2PW\docs\pwml_recovery_sprint\evidence\g11\REV-102\15-final-checks.json
ok   C:\Users\Angad\Desktop\SummerBIOIN\Project14-T2PW\docs\pwml_recovery_sprint\evidence\g11\REV-103\01-focused-base.json
ok   C:\Users\Angad\Desktop\SummerBIOIN\Project14-T2PW\docs\pwml_recovery_sprint\evidence\g11\REV-103\01-mutations-abcd-plus-controls.json
ok   C:\Users\Angad\Desktop\SummerBIOIN\Project14-T2PW\docs\pwml_recovery_sprint\evidence\g11\REV-103\02-goldreaders-base.json
ok   C:\Users\Angad\Desktop\SummerBIOIN\Project14-T2PW\docs\pwml_recovery_sprint\evidence\g11\REV-103\02-mutations-run2.json
ok   C:\Users\Angad\Desktop\SummerBIOIN\Project14-T2PW\docs\pwml_recovery_sprint\evidence\g11\REV-103\03-mutations-run3.json
ok   C:\Users\Angad\Desktop\SummerBIOIN\Project14-T2PW\docs\pwml_recovery_sprint\evidence\g11\REV-103\04-x2-diagnostic.json
ok   C:\Users\Angad\Desktop\SummerBIOIN\Project14-T2PW\docs\pwml_recovery_sprint\evidence\g11\REV-103\05-focused-tip.json
ok   C:\Users\Angad\Desktop\SummerBIOIN\Project14-T2PW\docs\pwml_recovery_sprint\evidence\g11\REV-103\06-goldreaders-tip.json
ok   C:\Users\Angad\Desktop\SummerBIOIN\Project14-T2PW\docs\pwml_recovery_sprint\evidence\g11\REV-103\07-smoke-tip.json
ok   C:\Users\Angad\Desktop\SummerBIOIN\Project14-T2PW\docs\pwml_recovery_sprint\evidence\g11\REV-103\08-fixture-audit.json
ok   C:\Users\Angad\Desktop\SummerBIOIN\Project14-T2PW\docs\pwml_recovery_sprint\evidence\g11\REV-103\09-b2-faithful.json
ok   C:\Users\Angad\Desktop\SummerBIOIN\Project14-T2PW\docs\pwml_recovery_sprint\evidence\g11\REV-104\01-r1-tip-baseline.json
ok   C:\Users\Angad\Desktop\SummerBIOIN\Project14-T2PW\docs\pwml_recovery_sprint\evidence\g11\REV-104\02-r2-base-focused.json
ok   C:\Users\Angad\Desktop\SummerBIOIN\Project14-T2PW\docs\pwml_recovery_sprint\evidence\g11\REV-104\03-r3-r5-mutation.json
ok   C:\Users\Angad\Desktop\SummerBIOIN\Project14-T2PW\docs\pwml_recovery_sprint\evidence\g11\REV-104\04-r4-r5-restored.json
ok   C:\Users\Angad\Desktop\SummerBIOIN\Project14-T2PW\docs\pwml_recovery_sprint\evidence\g11\REV-104\05-r5-v1-empty-forbidden.json
ok   C:\Users\Angad\Desktop\SummerBIOIN\Project14-T2PW\docs\pwml_recovery_sprint\evidence\g11\REV-104\06-r6-v2-vacuity-isolated.json
ok   C:\Users\Angad\Desktop\SummerBIOIN\Project14-T2PW\docs\pwml_recovery_sprint\evidence\g11\REV-104\07-r7-v4-equality-is-vacuous.json
ok   C:\Users\Angad\Desktop\SummerBIOIN\Project14-T2PW\docs\pwml_recovery_sprint\evidence\g11\REV-104\08-r8-v5-consequence-alone.json
ok   C:\Users\Angad\Desktop\SummerBIOIN\Project14-T2PW\docs\pwml_recovery_sprint\evidence\g11\REV-104\09-r9-v7-guardline-deleted.json
ok   C:\Users\Angad\Desktop\SummerBIOIN\Project14-T2PW\docs\pwml_recovery_sprint\evidence\g11\REV-104\10-r10-v6-r5-at-base.json
ok   C:\Users\Angad\Desktop\SummerBIOIN\Project14-T2PW\docs\pwml_recovery_sprint\evidence\g11\REV-104\11-r11-goldreaders-split-clean.json
ok   C:\Users\Angad\Desktop\SummerBIOIN\Project14-T2PW\docs\pwml_recovery_sprint\evidence\g11\REV-104\12-r12-real-f114-pytest-state.json
ok   C:\Users\Angad\Desktop\SummerBIOIN\Project14-T2PW\docs\pwml_recovery_sprint\evidence\g11\REV-104\13-r13-guard-probe.json
ok   C:\Users\Angad\Desktop\SummerBIOIN\Project14-T2PW\docs\pwml_recovery_sprint\evidence\g11\REV-104\14-r14-smoke.json
ok   C:\Users\Angad\Desktop\SummerBIOIN\Project14-T2PW\docs\pwml_recovery_sprint\evidence\g11\REV-104\15-r15-goldreaders-combined.json
ok   C:\Users\Angad\Desktop\SummerBIOIN\Project14-T2PW\docs\pwml_recovery_sprint\evidence\g11\REV-105\02-rev105-tip-focused-2.json
ok   C:\Users\Angad\Desktop\SummerBIOIN\Project14-T2PW\docs\pwml_recovery_sprint\evidence\g11\REV-105\03-rev105-base-focused.json
ok   C:\Users\Angad\Desktop\SummerBIOIN\Project14-T2PW\docs\pwml_recovery_sprint\evidence\g11\REV-105\04-rev105-blast-radius.json
ok   C:\Users\Angad\Desktop\SummerBIOIN\Project14-T2PW\docs\pwml_recovery_sprint\evidence\g11\REV-105\05-rev105-b1-battery.json
ok   C:\Users\Angad\Desktop\SummerBIOIN\Project14-T2PW\docs\pwml_recovery_sprint\evidence\g11\REV-105\06-rev105-refusal-decompose.json
ok   C:\Users\Angad\Desktop\SummerBIOIN\Project14-T2PW\docs\pwml_recovery_sprint\evidence\g11\REV-105\07-rev105-mutation-m1.json
ok   C:\Users\Angad\Desktop\SummerBIOIN\Project14-T2PW\docs\pwml_recovery_sprint\evidence\g11\REV-105\08-rev105-mutation-m2.json
ok   C:\Users\Angad\Desktop\SummerBIOIN\Project14-T2PW\docs\pwml_recovery_sprint\evidence\g11\REV-105\09-rev105-smoke.json
ok   C:\Users\Angad\Desktop\SummerBIOIN\Project14-T2PW\docs\pwml_recovery_sprint\evidence\g11\REV-105\10-rev105-gold-readers.json
ok   C:\Users\Angad\Desktop\SummerBIOIN\Project14-T2PW\docs\pwml_recovery_sprint\evidence\g11\REV-105\11-rev105-goldreaders-split.json
ok   C:\Users\Angad\Desktop\SummerBIOIN\Project14-T2PW\docs\pwml_recovery_sprint\evidence\g11\REV-105\12-rev105-affected-seam-tests.json
ok   C:\Users\Angad\Desktop\SummerBIOIN\Project14-T2PW\docs\pwml_recovery_sprint\evidence\g11\REV-105\13-rev105-affected-seam-tests-2.json
ok   C:\Users\Angad\Desktop\SummerBIOIN\Project14-T2PW\docs\pwml_recovery_sprint\evidence\g11\REV-105\14-rev105-b9-rescore-tip.json
ok   C:\Users\Angad\Desktop\SummerBIOIN\Project14-T2PW\docs\pwml_recovery_sprint\evidence\g11\REV-105\15-rev105-b9-rescore-base.json
ok   C:\Users\Angad\Desktop\SummerBIOIN\Project14-T2PW\docs\pwml_recovery_sprint\evidence\g11\REV-105\16-rev105-b2-b5-b6-edges.json
ok   C:\Users\Angad\Desktop\SummerBIOIN\Project14-T2PW\docs\pwml_recovery_sprint\evidence\g11\REV-105\17-rev105-smoke-split.json
ok   C:\Users\Angad\Desktop\SummerBIOIN\Project14-T2PW\docs\pwml_recovery_sprint\evidence\g11\REV-105\18-rev105-r2-b1-battery.json
ok   C:\Users\Angad\Desktop\SummerBIOIN\Project14-T2PW\docs\pwml_recovery_sprint\evidence\g11\REV-105\19-rev105-r2-refusal-decompose.json
ok   C:\Users\Angad\Desktop\SummerBIOIN\Project14-T2PW\docs\pwml_recovery_sprint\evidence\g11\REV-105\20-rev105-r2-attacks.json
ok   C:\Users\Angad\Desktop\SummerBIOIN\Project14-T2PW\docs\pwml_recovery_sprint\evidence\g11\REV-105\21-rev105-r2-attacks-2.json
ok   C:\Users\Angad\Desktop\SummerBIOIN\Project14-T2PW\docs\pwml_recovery_sprint\evidence\g11\REV-105\22-rev105-r2-pin-attack.json
ok   C:\Users\Angad\Desktop\SummerBIOIN\Project14-T2PW\docs\pwml_recovery_sprint\evidence\g11\REV-105\23-rev105-r2-m7-detail.json
ok   C:\Users\Angad\Desktop\SummerBIOIN\Project14-T2PW\docs\pwml_recovery_sprint\evidence\g11\REV-105\24-rev105-r2-b2-b5-b6-edges.json
ok   C:\Users\Angad\Desktop\SummerBIOIN\Project14-T2PW\docs\pwml_recovery_sprint\evidence\g11\REV-105\25-rev105-r2-b9-rescore.json
ok   C:\Users\Angad\Desktop\SummerBIOIN\Project14-T2PW\docs\pwml_recovery_sprint\evidence\g11\REV-105\26-rev105-r2-focused-tip.json
ok   C:\Users\Angad\Desktop\SummerBIOIN\Project14-T2PW\docs\pwml_recovery_sprint\evidence\g11\REV-105\27-rev105-r2-focused-base.json
ok   C:\Users\Angad\Desktop\SummerBIOIN\Project14-T2PW\docs\pwml_recovery_sprint\evidence\g11\REV-105\28-rev105-r2-mutation-m8.json
ok   C:\Users\Angad\Desktop\SummerBIOIN\Project14-T2PW\docs\pwml_recovery_sprint\evidence\g11\REV-105\29-rev105-r2-affected-seam.json
ok   C:\Users\Angad\Desktop\SummerBIOIN\Project14-T2PW\docs\pwml_recovery_sprint\evidence\g11\REV-105\30-rev105-r2-smoke.json
ok   C:\Users\Angad\Desktop\SummerBIOIN\Project14-T2PW\docs\pwml_recovery_sprint\evidence\g11\REV-105\31-rev105-r2-gold-readers.json
ok   C:\Users\Angad\Desktop\SummerBIOIN\Project14-T2PW\docs\pwml_recovery_sprint\evidence\g11\REV-105\32-rev105-r2-goldreaders-split.json
ok   C:\Users\Angad\Desktop\SummerBIOIN\Project14-T2PW\docs\pwml_recovery_sprint\evidence\g11\REV-105\33-rev105-r2-smoke-split.json
ok   C:\Users\Angad\Desktop\SummerBIOIN\Project14-T2PW\docs\pwml_recovery_sprint\evidence\g11\REV-105\34-rev105-r2-lyase-gap.json
ok   C:\Users\Angad\Desktop\SummerBIOIN\Project14-T2PW\docs\pwml_recovery_sprint\evidence\g11\REV-105\35-rev105-r3-confirm.json
ok   C:\Users\Angad\Desktop\SummerBIOIN\Project14-T2PW\docs\pwml_recovery_sprint\evidence\g11\REV-105\36-rev105-r3-corpus-r2.json
ok   C:\Users\Angad\Desktop\SummerBIOIN\Project14-T2PW\docs\pwml_recovery_sprint\evidence\g11\REV-105\37-rev105-r3-corpus-r3.json
ok   C:\Users\Angad\Desktop\SummerBIOIN\Project14-T2PW\docs\pwml_recovery_sprint\evidence\g11\REV-105\38-rev105-r3-pgp-diagnosis.json
ok   C:\Users\Angad\Desktop\SummerBIOIN\Project14-T2PW\docs\pwml_recovery_sprint\evidence\g11\REV-105\39-rev105-r3-pgp-diagnosis-2.json
ok   C:\Users\Angad\Desktop\SummerBIOIN\Project14-T2PW\docs\pwml_recovery_sprint\evidence\g11\REV-105\40-rev105-r3-focused-tip.json
ok   C:\Users\Angad\Desktop\SummerBIOIN\Project14-T2PW\docs\pwml_recovery_sprint\evidence\g11\REV-105\41-rev105-r3-focused-base.json
ok   C:\Users\Angad\Desktop\SummerBIOIN\Project14-T2PW\docs\pwml_recovery_sprint\evidence\g11\REV-105\42-rev105-r3-affected-seam.json
ok   C:\Users\Angad\Desktop\SummerBIOIN\Project14-T2PW\docs\pwml_recovery_sprint\evidence\g11\REV-105\43-rev105-r3-smoke.json
ok   C:\Users\Angad\Desktop\SummerBIOIN\Project14-T2PW\docs\pwml_recovery_sprint\evidence\g11\REV-105\44-rev105-r3-gold-readers.json
ok   C:\Users\Angad\Desktop\SummerBIOIN\Project14-T2PW\docs\pwml_recovery_sprint\evidence\g11\REV-105\45-rev105-r3-mutation-m9.json
ok   C:\Users\Angad\Desktop\SummerBIOIN\Project14-T2PW\docs\pwml_recovery_sprint\evidence\g11\REV-105\46-rev105-r3-b2-b6.json
ok   C:\Users\Angad\Desktop\SummerBIOIN\Project14-T2PW\docs\pwml_recovery_sprint\evidence\g11\REV-105\47-rev105-r3-routed-untouched.json
ok   C:\Users\Angad\Desktop\SummerBIOIN\Project14-T2PW\docs\pwml_recovery_sprint\evidence\g11\REV-105\48-rev105-r3-final-checks.json
ok   C:\Users\Angad\Desktop\SummerBIOIN\Project14-T2PW\docs\pwml_recovery_sprint\evidence\g11\REVC-051\01-a9-tip.json
ok   C:\Users\Angad\Desktop\SummerBIOIN\Project14-T2PW\docs\pwml_recovery_sprint\evidence\g11\REVC-051\02-smoke460.json
ok   C:\Users\Angad\Desktop\SummerBIOIN\Project14-T2PW\docs\pwml_recovery_sprint\evidence\g11\REVC-051\03-smoke460b.json
ok   C:\Users\Angad\Desktop\SummerBIOIN\Project14-T2PW\docs\pwml_recovery_sprint\evidence\g11\REVC-051\04-focused.json
ok   C:\Users\Angad\Desktop\SummerBIOIN\Project14-T2PW\docs\pwml_recovery_sprint\evidence\g11\REVC-051\05-treeproof.json
ok   C:\Users\Angad\Desktop\SummerBIOIN\Project14-T2PW\docs\pwml_recovery_sprint\evidence\g11\REVC-051\06-focused2.json
ok   C:\Users\Angad\Desktop\SummerBIOIN\Project14-T2PW\docs\pwml_recovery_sprint\evidence\g11\REVC-051\07-smoke460c.json
ok   C:\Users\Angad\Desktop\SummerBIOIN\Project14-T2PW\docs\pwml_recovery_sprint\evidence\g11\REVC-051\08-test_research_mode_keeps_the_unmapped_candidate_and_does_not_block.json
ok   C:\Users\Angad\Desktop\SummerBIOIN\Project14-T2PW\docs\pwml_recovery_sprint\evidence\g11\REVC-051\09-test_a_refinement_that_deletes_the_core_is_not_authorized_by_the_stale_decision.json
ok   C:\Users\Angad\Desktop\SummerBIOIN\Project14-T2PW\docs\pwml_recovery_sprint\evidence\g11\REVC-051\10-test_all_four_artifacts_are_written_and_retained.json
ok   C:\Users\Angad\Desktop\SummerBIOIN\Project14-T2PW\docs\pwml_recovery_sprint\evidence\g11\T-100\01-validate-gold.json
ok   C:\Users\Angad\Desktop\SummerBIOIN\Project14-T2PW\docs\pwml_recovery_sprint\evidence\g11\T-100\02-score-verify-1754.json
ok   C:\Users\Angad\Desktop\SummerBIOIN\Project14-T2PW\docs\pwml_recovery_sprint\evidence\g11\T-100\03-waveb-fresh-legs.json
ok   C:\Users\Angad\Desktop\SummerBIOIN\Project14-T2PW\docs\pwml_recovery_sprint\evidence\g11\T-100\04-score-waveb-1328.json
ok   C:\Users\Angad\Desktop\SummerBIOIN\Project14-T2PW\docs\pwml_recovery_sprint\evidence\g11\T-101\01-keycheck.json
ok   C:\Users\Angad\Desktop\SummerBIOIN\Project14-T2PW\docs\pwml_recovery_sprint\evidence\g11\T-101\02-modelcheck.json
ok   C:\Users\Angad\Desktop\SummerBIOIN\Project14-T2PW\docs\pwml_recovery_sprint\evidence\g11\T-101\03-stage-only-preflight.json
ok   C:\Users\Angad\Desktop\SummerBIOIN\Project14-T2PW\docs\pwml_recovery_sprint\evidence\g11\T-101\05-t101-m2-legs-deepseek.json
ok   C:\Users\Angad\Desktop\SummerBIOIN\Project14-T2PW\docs\pwml_recovery_sprint\evidence\g11\T-101\06-t101-rerun-pmc12312563.json
ok   C:\Users\Angad\Desktop\SummerBIOIN\Project14-T2PW\docs\pwml_recovery_sprint\evidence\g11\T-102\01-canonical-axis.json
ok   C:\Users\Angad\Desktop\SummerBIOIN\Project14-T2PW\docs\pwml_recovery_sprint\evidence\g11\T-102\02-canonical-axis-pythonpath.json
ok   C:\Users\Angad\Desktop\SummerBIOIN\Project14-T2PW\docs\pwml_recovery_sprint\evidence\g11\T-103\01-stage-only-preflight.json
ok   C:\Users\Angad\Desktop\SummerBIOIN\Project14-T2PW\docs\pwml_recovery_sprint\evidence\g11\T-103\02-t103-rag-legs.json
ok   C:\Users\Angad\Desktop\SummerBIOIN\Project14-T2PW\docs\pwml_recovery_sprint\evidence\g11\T-104\01-stage-only-preflight.json
ok   C:\Users\Angad\Desktop\SummerBIOIN\Project14-T2PW\docs\pwml_recovery_sprint\evidence\g11\T-104\02-verify-plan.json
ok   C:\Users\Angad\Desktop\SummerBIOIN\Project14-T2PW\docs\pwml_recovery_sprint\evidence\g11\T-104\03-t104-rc1-20legs.json
ok   C:\Users\Angad\Desktop\SummerBIOIN\Project14-T2PW\docs\pwml_recovery_sprint\evidence\g11\T-104\04-acceptance-score.json
ok   C:\Users\Angad\Desktop\SummerBIOIN\Project14-T2PW\docs\pwml_recovery_sprint\evidence\g11\T-105\01-smoke-baseline.json
ok   C:\Users\Angad\Desktop\SummerBIOIN\Project14-T2PW\docs\pwml_recovery_sprint\evidence\g11\T-105\02-smoke-collect.json
ok   C:\Users\Angad\Desktop\SummerBIOIN\Project14-T2PW\docs\pwml_recovery_sprint\evidence\g11\T-105\03-smoke-count.json
ok   C:\Users\Angad\Desktop\SummerBIOIN\Project14-T2PW\docs\pwml_recovery_sprint\evidence\g11\T-105\04-gold-offline.json
ok   C:\Users\Angad\Desktop\SummerBIOIN\Project14-T2PW\docs\pwml_recovery_sprint\evidence\g11\T-105\05-gold-validate.json
ok   C:\Users\Angad\Desktop\SummerBIOIN\Project14-T2PW\docs\pwml_recovery_sprint\evidence\g11\T-105\06-verify-topics.json
ok   C:\Users\Angad\Desktop\SummerBIOIN\Project14-T2PW\docs\pwml_recovery_sprint\evidence\g11\T-105\07-smoke-post-c072.json
ok   C:\Users\Angad\Desktop\SummerBIOIN\Project14-T2PW\docs\pwml_recovery_sprint\evidence\g11\T-105\08-smoke-post-c073.json
ok   C:\Users\Angad\Desktop\SummerBIOIN\Project14-T2PW\docs\pwml_recovery_sprint\evidence\g11\T-105\10-postmerge-validate-resume.json
ok   C:\Users\Angad\Desktop\SummerBIOIN\Project14-T2PW\docs\pwml_recovery_sprint\evidence\g11\T-105\11-t105-preflight.json
ok   C:\Users\Angad\Desktop\SummerBIOIN\Project14-T2PW\docs\pwml_recovery_sprint\evidence\g11\T-105\12-verify-plan.json
ok   C:\Users\Angad\Desktop\SummerBIOIN\Project14-T2PW\docs\pwml_recovery_sprint\evidence\g11\T-105\13-t105-rc2.json
ok   C:\Users\Angad\Desktop\SummerBIOIN\Project14-T2PW\docs\pwml_recovery_sprint\evidence\g11\T-105\14-acceptance-score.json
ok   C:\Users\Angad\Desktop\SummerBIOIN\Project14-T2PW\docs\pwml_recovery_sprint\evidence\g11\T-106\01-smoke-drift.json
ok   C:\Users\Angad\Desktop\SummerBIOIN\Project14-T2PW\docs\pwml_recovery_sprint\evidence\g11\T-106\01-t105-defect-probe.json
ok   C:\Users\Angad\Desktop\SummerBIOIN\Project14-T2PW\docs\pwml_recovery_sprint\evidence\g11\T-106\02-orphan-probe.json
ok   C:\Users\Angad\Desktop\SummerBIOIN\Project14-T2PW\docs\pwml_recovery_sprint\evidence\g11\T-106\02-smoke-collect.json
ok   C:\Users\Angad\Desktop\SummerBIOIN\Project14-T2PW\docs\pwml_recovery_sprint\evidence\g11\T-106\03-core-floor.json
ok   C:\Users\Angad\Desktop\SummerBIOIN\Project14-T2PW\docs\pwml_recovery_sprint\evidence\g11\T-106\03-smoke-baseline-931c065.json
ok   C:\Users\Angad\Desktop\SummerBIOIN\Project14-T2PW\docs\pwml_recovery_sprint\evidence\g11\T-106\04-smoke-baseline-counted.json
ok   C:\Users\Angad\Desktop\SummerBIOIN\Project14-T2PW\docs\pwml_recovery_sprint\evidence\g11\T-106\04-smoke-post-c074.json
ok   C:\Users\Angad\Desktop\SummerBIOIN\Project14-T2PW\docs\pwml_recovery_sprint\evidence\g11\T-106\05-wiring-verify.json
ok   C:\Users\Angad\Desktop\SummerBIOIN\Project14-T2PW\docs\pwml_recovery_sprint\evidence\g11\T-106\06-smoke-post-c075.json
ok   C:\Users\Angad\Desktop\SummerBIOIN\Project14-T2PW\docs\pwml_recovery_sprint\evidence\g11\T-106\11-cohort-both.json
ok   C:\Users\Angad\Desktop\SummerBIOIN\Project14-T2PW\docs\pwml_recovery_sprint\evidence\g11\T-106\12-cohort-research.json
ok   C:\Users\Angad\Desktop\SummerBIOIN\Project14-T2PW\docs\pwml_recovery_sprint\evidence\g11\T-106\13-cohort-score.json
ok   C:\Users\Angad\Desktop\SummerBIOIN\Project14-T2PW\docs\pwml_recovery_sprint\evidence\g11\T-106\14-preflight-stage.json
ok   C:\Users\Angad\Desktop\SummerBIOIN\Project14-T2PW\docs\pwml_recovery_sprint\evidence\g11\T-106\15-verify-plan.json
ok   C:\Users\Angad\Desktop\SummerBIOIN\Project14-T2PW\docs\pwml_recovery_sprint\evidence\g11\T-106\16-t106-run.json
ok   C:\Users\Angad\Desktop\SummerBIOIN\Project14-T2PW\docs\pwml_recovery_sprint\evidence\g11\T-106\17-t106-score.json
ok   C:\Users\Angad\Desktop\SummerBIOIN\Project14-T2PW\docs\pwml_recovery_sprint\evidence\g11\T-107\01-preflight-model-availability.json
ok   C:\Users\Angad\Desktop\SummerBIOIN\Project14-T2PW\docs\pwml_recovery_sprint\evidence\g11\T-107\02-smoke-baseline-e648287.json
ok   C:\Users\Angad\Desktop\SummerBIOIN\Project14-T2PW\docs\pwml_recovery_sprint\evidence\g11\T-107\03-smoke-post-c081.json
ok   C:\Users\Angad\Desktop\SummerBIOIN\Project14-T2PW\docs\pwml_recovery_sprint\evidence\g11\T-107\04-smoke-count-post-c081.json
ok   C:\Users\Angad\Desktop\SummerBIOIN\Project14-T2PW\docs\pwml_recovery_sprint\evidence\g11\T-107\05-smoke-post-c082.json
ok   C:\Users\Angad\Desktop\SummerBIOIN\Project14-T2PW\docs\pwml_recovery_sprint\evidence\g11\T-107\06-smoke-post-c085.json
ok   C:\Users\Angad\Desktop\SummerBIOIN\Project14-T2PW\docs\pwml_recovery_sprint\evidence\g11\T-107\07-cohort-c081-c082.json
ok   C:\Users\Angad\Desktop\SummerBIOIN\Project14-T2PW\docs\pwml_recovery_sprint\evidence\g11\T-107\08-cohort-score.json
ok   C:\Users\Angad\Desktop\SummerBIOIN\Project14-T2PW\docs\pwml_recovery_sprint\evidence\g11\T-107\09-verify-plan-post-d065.json
ok   C:\Users\Angad\Desktop\SummerBIOIN\Project14-T2PW\docs\pwml_recovery_sprint\evidence\g11\T-107\10-verify-plan-d065.json
ok   C:\Users\Angad\Desktop\SummerBIOIN\Project14-T2PW\docs\pwml_recovery_sprint\evidence\g11\T-107\11-smoke-post-d065-gold.json
ok   C:\Users\Angad\Desktop\SummerBIOIN\Project14-T2PW\docs\pwml_recovery_sprint\evidence\g11\T-107\12-f096-provenance-probe.json
ok   C:\Users\Angad\Desktop\SummerBIOIN\Project14-T2PW\docs\pwml_recovery_sprint\evidence\g11\T-107\13-f096-provenance-probe2.json
ok   C:\Users\Angad\Desktop\SummerBIOIN\Project14-T2PW\docs\pwml_recovery_sprint\evidence\g11\T-107\14-f096-provenance-probe3.json
ok   C:\Users\Angad\Desktop\SummerBIOIN\Project14-T2PW\docs\pwml_recovery_sprint\evidence\g11\T-107\15-f096-corpus-carrier-census.json
ok   C:\Users\Angad\Desktop\SummerBIOIN\Project14-T2PW\docs\pwml_recovery_sprint\evidence\g11\T-107\16-f096-class2-probe.json
ok   C:\Users\Angad\Desktop\SummerBIOIN\Project14-T2PW\docs\pwml_recovery_sprint\evidence\g11\T-107\17-f096-orphan-census.json
ok   C:\Users\Angad\Desktop\SummerBIOIN\Project14-T2PW\docs\pwml_recovery_sprint\evidence\g11\T-107\18-f096-entity-fields.json
ok   C:\Users\Angad\Desktop\SummerBIOIN\Project14-T2PW\docs\pwml_recovery_sprint\evidence\g11\T-107\19-f096-stage1-evidence.json
ok   C:\Users\Angad\Desktop\SummerBIOIN\Project14-T2PW\docs\pwml_recovery_sprint\evidence\g11\T-107\20-f117-blast-radius.json
ok   C:\Users\Angad\Desktop\SummerBIOIN\Project14-T2PW\docs\pwml_recovery_sprint\evidence\g11\T-107\21-d067-seedonly-probe.json
ok   C:\Users\Angad\Desktop\SummerBIOIN\Project14-T2PW\docs\pwml_recovery_sprint\evidence\g11\T-107\22-verify-d069-violation.json
ok   C:\Users\Angad\Desktop\SummerBIOIN\Project14-T2PW\docs\pwml_recovery_sprint\evidence\g11\T-107\23-rescore-post-d065-gold.json
ok   C:\Users\Angad\Desktop\SummerBIOIN\Project14-T2PW\docs\pwml_recovery_sprint\evidence\g11\T-107\24-c056b-pre-gold-edit.json
ok   C:\Users\Angad\Desktop\SummerBIOIN\Project14-T2PW\docs\pwml_recovery_sprint\evidence\g11\T-107\25-c056b-pre-gold-edit-2.json
ok   C:\Users\Angad\Desktop\SummerBIOIN\Project14-T2PW\docs\pwml_recovery_sprint\evidence\g11\T-107\26-c056b-post-gold-edit.json
ok   C:\Users\Angad\Desktop\SummerBIOIN\Project14-T2PW\docs\pwml_recovery_sprint\evidence\g11\T-107\27-c056b-repaired.json
ok   C:\Users\Angad\Desktop\SummerBIOIN\Project14-T2PW\docs\pwml_recovery_sprint\evidence\g11\T-107\28-smoke-post-c086-c087.json
ok   C:\Users\Angad\Desktop\SummerBIOIN\Project14-T2PW\docs\pwml_recovery_sprint\evidence\g11\T-107\29-c088-population-check.json
ok   C:\Users\Angad\Desktop\SummerBIOIN\Project14-T2PW\docs\pwml_recovery_sprint\evidence\g11\T-107\30-smoke-post-c083-c088.json
ok   C:\Users\Angad\Desktop\SummerBIOIN\Project14-T2PW\docs\pwml_recovery_sprint\evidence\g11\T-107\31-f129-db-probe.json
ok   C:\Users\Angad\Desktop\SummerBIOIN\Project14-T2PW\docs\pwml_recovery_sprint\evidence\g11\T-107\32-f129-db-probe2.json
ok   C:\Users\Angad\Desktop\SummerBIOIN\Project14-T2PW\docs\pwml_recovery_sprint\evidence\g11\T-107\33-c056b-d065pin-tip.json
ok   C:\Users\Angad\Desktop\SummerBIOIN\Project14-T2PW\docs\pwml_recovery_sprint\evidence\g11\T-107\34-c056b-d065pin-base.json
ok   C:\Users\Angad\Desktop\SummerBIOIN\Project14-T2PW\docs\pwml_recovery_sprint\evidence\g11\T-107\35-smoke-post-c089-c090.json
ok   C:\Users\Angad\Desktop\SummerBIOIN\Project14-T2PW\docs\pwml_recovery_sprint\evidence\g11\T-107\36-stage-only-preflight.json
ok   C:\Users\Angad\Desktop\SummerBIOIN\Project14-T2PW\docs\pwml_recovery_sprint\evidence\g11\T-107\37-verify-plan.json
ok   C:\Users\Angad\Desktop\SummerBIOIN\Project14-T2PW\docs\pwml_recovery_sprint\evidence\g11\T-107\38-continuity-check.json
ok   C:\Users\Angad\Desktop\SummerBIOIN\Project14-T2PW\docs\pwml_recovery_sprint\evidence\g11\T-107\40-continuity-recheck.json
ok   C:\Users\Angad\Desktop\SummerBIOIN\Project14-T2PW\docs\pwml_recovery_sprint\evidence\g11\T-107\41-official-run-resumed.json
ok   C:\Users\Angad\Desktop\SummerBIOIN\Project14-T2PW\docs\pwml_recovery_sprint\evidence\g11\T-107\42-score-priorities.json
ok   C:\Users\Angad\Desktop\SummerBIOIN\Project14-T2PW\docs\pwml_recovery_sprint\evidence\g11\T-107\43-p1-composition.json

G11 evidence: 4582 artifact(s), 0 non-compliant (spec v1)

================ CLEANUP REPORT ================
report schema version   : 1
wrapper build           : sha256:83d139543d4c01b33984b6ca9fb0943db461d0ee5f85091623089a548b8abed0
wrapper path (executed) : C:\Users\Angad\Desktop\SummerBIOIN\Project14-T2PW\docs\pwml_recovery_sprint\evidence\bounded_run.py
wrapper vs HEAD         : clean  @ a532990339d527cfbbb405edcae4e9a16f1f5d2b  [git, worktree dirty=True]
label                   : wholetree-final
command                 : c:\Users\Angad\Desktop\SummerBIOIN\Project14-T2PW\.venv\Scripts\python.exe -u docs/pwml_recovery_sprint/evidence/g11/g11_evidence.py check
cwd                     : C:\Users\Angad\Desktop\SummerBIOIN\Project14-T2PW
root PID / process group: 496392 / None
isolation               : windows_job_object(KILL_ON_JOB_CLOSE)
timeout                 : 600 s
duration                : 2.20 s
exit reason             : completed
exit code (real)        : 0
returned code           : 0
descendants observed    : 1  496352:python.exe
descendants terminated  : 1  496352
graceful attempted      : False
forced                  : False
FINAL SURVIVING COUNT   : 0
cleanup                 : success
json report             : C:\Users\Angad\Desktop\SummerBIOIN\Project14-T2PW\docs\pwml_recovery_sprint\evidence\g11\ORCH-716\17-wholetree-final.json
json report written     : True
pre-existing (reported, NEVER killed): 4
================================================
