kind,pointer,name,tier,tier_label,equation,identifier,identifier_source,distinct_paper_count,is_review_only,rag_confidence,sources,quotes,flags,notes
reaction,/processes/reactions/0,conversion of chorismate to isochorismate,C,single-source (review),chorismate -> isochorismate,,,1,False,"0.8509 (heuristic, not a probability)",DHNA biosynthesis (menaquinone precursor) (seed_paper) -- results section,"results ( 11 ), largely due to limited understanding of the regulatory mechanisms governing quinone biosynthesis. MK biosynthesis starts from chorismate and proceeds through a seven-enzyme pathway consisting of MenF, MenD, MenH, MenC, MenE, MenB, and MenI to produce DHNA. Subsequently, MenA joins DHNA and prenyl diphosphate to produce demethylmenaquinone (DMK), and MenG demethylates DMK to generate MK ( Fig. 1A ). Strategies have attempted to enhance DHNA supply by overexpressing individual enzymes ( 13 – 17 ) or the entire DHNA biosynthesis operon ( 14 , 18 ). However, these efforts often lead to inconsistent and modest increases in DHNA/MK levels despite upregulated transcription of the respective genes ( 14 , 15 ). Conflicting outcomes have also been reported across different studies; for example, overexpressing MenF or MenD enhanced MK production in some cases but not others ( 13 , 15 – 17 ). These data suggest that a regulatory network might exist to control DHNA and MK levels and buffer against genetic perturbations. While these regulations are physiologically plausible, as microbes must resist quinone overproduction to avoid oxidative stress and growth inhibition ( 4 ), the molecular mechanisms remain elusive. Fig 1 A biosensing system for quantitative detection of DHNA at picomolar concentration. ( A ) Schematic showing the menaquinone biosynthesis pathway. DHNA is the precursor of menaquinone. ( B ) Workflow of the DHNA biosensing system. L. lactis was incubated for 2 hours to allow DHNA synthesis. The cell-free supernatant was collected and mixed with L. plantarum and iron reduction reagents, including iron(III) oxide and ferrozine (FZ). L. plantarum utilizes DHNA secreted by L. lactis to reduce Fe 3+ to Fe 2+ . The resulting Fe 2+ reacts with ferrozine, producing a magenta color product whose absorbance correlates with DHNA concentration. ( C ) Calibration curve of DHNA concentration versus absorbance at 562 nm. L. plantarum was incubated with varying concentrations of exogenous DHNA. The [DHNA]-OD 562 curve was fitted to a non-linear function. The top panel shows a scanned image of the assay plate. ( D ) L. plantarum can detect DHNA secreted from varying cell densities of quinone-producing L. lactis but not from the deficient mutant. Δ menC + menC represents menC gene complementation under a constitutive promoter on a plasmid in the Δ menC background. DHNA concentrations were calculated based on the calibration curve in panel C . The top panel shows a scanned image of the assay plate. All data represent mean ± 1 s.d. for three biological replicates. Bacterial biosensing system detecting DHNA in menaquinone biosynthesis through L. lactis-L. plantarum interaction and iron reduction colorimetry. Calibration shows picomolar sensitivity (R²=0.99) with validation using wild-type and menC mutant strains. Previous studies shed light on the quinone regulatory mechanism, but a system-level understanding has not been achieved. Studies have revealed that MenD can be allosterically inhibited by DHNA in Staphylococcus aureus ( 19 ) and Mycobacterium tuberculosis ( 20 ), suggesting an end-product feedback mechanism. In addition, MenF is also known to be capable of catalyzing both forward and reverse conversion of chorismate to isochorismate ( 21 ). However, it is unclear how these individual mechanisms interact to control DHNA production. Here, we study one of the major quinone producers, Lactococcus lactis, and reveal a multi-layer mechanism regulating DHNA biosynthesis. Leveraging a novel biosensing system, we quantified DHNA concentration at picomolar sensitivity. We then synthetically perturbed enzyme levels on genetic constructs and found that DHNA concentration can be modulated by both MenF and MenD, but to different degrees. A mathematical model uncovers a two-phase regulatory pattern resulting from the interplay of reversible flux and end-product feedback inhibition, where the regulatory roles of MenF and MenD shift based on their relative expression levels. The model also predicts limited availability of the substrate chorismate, which restrains DHNA from being overproduced. These mechanisms can collectively contribute to quinone homeostasis and imply new strategies to efficiently engineer quinone production. RESULTS A biosensing system allows sensitive and quantitative DHNA detection Since DHNA is the common precursor for all MK derivatives, we sought to interrogate the regulatory mechanism of quinone biosynthesis by focusing on DHNA. To precisely measure DHNA concentration, we constructed a L. lactis mutant lacking DHNA-utilizing pathways. We knocked out menA (encodes for DHNA prenyltransferase) to prevent DHNA from being utilized for DMK and MK biosynthesis ( Fig. 1A ). In addition, we knocked out noxAB (encodes for NADH:quinone oxidoreductases) to prevent DHNA from interacting with quinone reductases ( 22 ) , which may otherwise alter DHNA redox state and interfere with DHNA quantification. We next developed a high-throughput method for quantitative DHNA detection. While previous studies mainly measured DHNA concentration with high-performance liquid chromatography (HPLC) ( 23 – 26 ), this approach requires complex sample preparation and purification processes and has a limited detection of 1 µM",,
reaction,/processes/reactions/1,MenD reaction,C,single-source (review),isochorismate -> SEPHCHC,,,1,False,"0.7224 (heuristic, not a probability)",DHNA biosynthesis (menaquinone precursor) (seed_paper) -- methods section,"Materials and Methods). This calibration curve indicates our ability to reliably detect DHNA concentrations within a linear range of 100 pM to 1 µM. To evaluate the biosensor’s ability to detect DHNA secreted by L. lactis , we collected CFS from L. lactis strains with varying cell densities (OD 600 ). These include strains with a wild-type (WT) DHNA pathway, a deficient DHNA pathway (Δ menC ), or a complemented pathway with menC expressed under a constitutive promoter (Δ menC + menC ). The biosensor detected no DHNA from the Δ menC strain ( Fig. 1D ). In comparison, DHNA was detected from strains containing the WT or menC -complemented DHNA pathway, with DHNA concentrations (10–60 nM) proportional to L. lactis cell density (OD 600 = 0.03–2) ( Fig. 1D ). These DHNA concentrations fall in the middle of the linear range of the calibration curve, demonstrating reliable detection. These results confirmed that the biosensing system could specifically and reliably detect DHNA from CFS of L. lactis . We also noticed a trend of DHNA saturation at higher cell densities of L. lactis (OD 600 = 0.5–2.0). To avoid potential inhibition of DHNA biosynthesis at high cell densities, we decided to use L. lactis cultures with an OD 600 of 0.2 for subsequent experiments to explore the regulatory mechanism of DHNA biosynthesis. DHNA biosynthesis exhibits different degrees of sensitivity to MenF or MenD We next sought to use synthetic biology to alter the expression levels of the enzymes and explore their regulatory roles in DHNA biosynthesis. We focused on three enzymes in the DHNA biosynthesis pathway: MenC, MenF, and MenD. The o-succinylbenzoate synthase MenC catalyzes one of the intermediate reactions, whereas the isochorismate synthase MenF and the SEPHCHC synthase MenD catalyze the first and the second reactions, respectively ( Fig. 1A ). In bacteria such as Escherichia coli , MenF’s product isochorismate also participates in siderophore biosynthesis, and MenD is considered the first step solely committed to DHNA biosynthesis ( 30 ). However, L. lactis lacks the pathway for siderophore biosynthesis, and we consider MenF as the first step in L. lactis for DHNA biosynthesis. To perturb the enzyme levels, we used combined transcriptional and translational strategies. For transcriptional regulation, we deleted the respective genes from the L. lactis genome and controlled their expression on a plasmid from a promoter that can be induced by the antimicrobial peptide nisin ( 31 ) ( Fig. 2A ). For translational regulation, we used either strong or weak ribosome binding sites (RBSs) to control the translation initiation rate ( Fig. 2A ). In addition, we fused mCherry to the N-terminal of MenC, MenF, and MenD and measured fluorescent intensity to monitor enzyme expression levels. Notably, menF and menD knockouts were constructed in the Δ menC background. In these cases, menC was expressed on the plasmid under a constitutive promoter, which yielded a DHNA level similar to the wild-type pathway ( Fig. 1D ), ensuring the effects of MenF or MenD on DHNA could be studied without interference. Fig 2 Effects of enzyme level perturbation of MenC, MenF, MenD, and MenFD on DHNA biosynthesis. ( A ) The menC , menF , or menD genes were knocked out from the genome and reintroduced under the control of a nisin-inducible promoter (P nisA ) on a plasmid with either a strong or a weak ribosome-binding site (RBS). mCherry was fused to the N-terminal of each enzyme to monitor enzyme expression. ( B ) Enzyme expression levels with or without nisin induction (25 ng/mL) were quantified by the fluorescent intensity. RFU, relative fluorescent unit. ( C ) DHNA concentrations under varying enzyme expression levels. ( D ) DHNA concentrations from perturbations of mCherry-tagged MenC, MenF, or MenD were compared to those resulting from the untagged enzymes and the wild-type pathway. All genes were expressed under the weak RBS. Varying concentrations of nisin were used to induce different enzyme expression levels. Nisin was also added to the wild-type pathway as a control. ( E ) The menFD genes were knocked out from the genome, and the identical gene cassette was expressed under P nisA with a strong or weak RBS. ( F ) DHNA concentrations under varying MenFD expression levels, with or without nisin induction (25 ng/mL). ( G ) DHNA concentrations resulting from MenFD perturbations were compared to the wild-type pathway. All data represent mean ± 1 s.d. of n = 3 biological replicates. P -values were determined by one-way ANOVA with Tukey’s test. * P inhibition constant), MenF produces sufficient isochorismate, but the reaction flow is constrained by MenD, making MenD the rate-limiting step ( Fig. 3B , below the phase boundary). On the flip side, when MenF level is lower than MenD by the same folds, the insufficient isochorismate production makes MenF the rate-limiting",,
reaction,/processes/reactions/2,MenH reaction,C,single-source (review),SEPHCHC -> SHCHC,,,0,False,"0.6 (heuristic, not a probability)",DHNA biosynthesis (menaquinone precursor) (seed_paper) -- (section unknown),,,stated in the uploaded seed paper; no retrieved paper corroborates it
reaction,/processes/reactions/3,MenC reaction,C,single-source (review),SHCHC -> OSB,,,0,False,"0.6 (heuristic, not a probability)",DHNA biosynthesis (menaquinone precursor) (seed_paper) -- (section unknown),,,stated in the uploaded seed paper; no retrieved paper corroborates it
reaction,/processes/reactions/4,MenE reaction,C,single-source (review),OSB -> OSB-CoA,,,0,False,"0.6 (heuristic, not a probability)",DHNA biosynthesis (menaquinone precursor) (seed_paper) -- (section unknown),,,stated in the uploaded seed paper; no retrieved paper corroborates it
reaction,/processes/reactions/5,MenB reaction,C,single-source (review),OSB-CoA -> DHNA-CoA,,,0,False,"0.6 (heuristic, not a probability)",DHNA biosynthesis (menaquinone precursor) (seed_paper) -- (section unknown),,,stated in the uploaded seed paper; no retrieved paper corroborates it
reaction,/processes/reactions/6,MenI reaction,C,single-source (review),DHNA-CoA -> DHNA,,,0,False,"0.6 (heuristic, not a probability)",DHNA biosynthesis (menaquinone precursor) (seed_paper) -- (section unknown),,,stated in the uploaded seed paper; no retrieved paper corroborates it
reaction,/processes/reactions/7,chorismate (A) -> isochorismate (B),C,single-source (review),chorismate (A) -> isochorismate (B),,,1,False,"0.759 (heuristic, not a probability)",DHNA biosynthesis (menaquinone precursor) (seed_paper) -- discussion section,"mM17 + 2.5 µL AFC, or 90 µL mM17. The final concentrations of AFC were 2, 1, or 0 mM, with an initial cell OD 600 = 0.1. The plate was sealed with a transparent PCR plate seal (Axygen), and the OD 600 was monitored using a Byonoy Absorbance 96 plate reader in the anaerobic chamber. Steady-state chemical kinetics analysis Model 1 To elucidate the rate-limiting step in the biosynthesis of DHNA from chorismate in L. lactis , we employed a steady-state modeling approach using Michaelis-Menten kinetics. We simplified notation by assigning capital letters to intermediates in the pathway as follows: A for chorismate, B for isochorismate, C for SEPHCHC, D for SHCHC, E for OSB, F for OSB-CoA, and G for DHNA-CoA. The enzyme MenF catalyzes a reversible reaction converting chorismate (A) to isochorismate (B) ( 43 ), and the isochorismate (B) production rate can be expressed as follows: (2) v B = ( k 2 [ M e n F ] [ A ] K M , 1 F − k − 1 [ M e n F ] [ B ] K M , 2 F ) 1 + [ A ] K M , 1 F + [ B ] K M , 2 F where k 2 and k - 1 are the forward and reverse rate constants for the MenF-catalyzed step, and K M , 1 F , K M , 2 F are the Michaelis constants for chorismate (A) and isochorismate (B), respectively. Subsequently, MenD facilitates the conversion of isochorismate (B) to 2-succinyl-5-enolpyruvyl-6-hydroxy-3-cyclohexene-1-carboxylate (SEPHCHC, C), with DHNA acting as a non-competitive inhibitor ( 19 , 20 ), and the SEPHCHC (C) production rate can be expressed as follows: (3) v C = k c a t D [ M e n D ] [ B ] ( 1 + [ D H N A ] K i ) K M D + ( 1 + [ D H N A ] K i ) [ B ] where k c a t D is the catalytic turnover number for MenD, K M D is the Michaelis constant for isochorismate (B), and K i is the inhibition constant for DHNA. Other enzymes involved, namely, MenH, MenC, MenE, MenB, and MenI, are modeled using Michaelis-Menten kinetics, and their production rates can be expressed as follows: (4) v α = k c a t α [ E n z y m e ] [ S u b s t r a t e ] K M α + [ S u b s t r a t e ] where superscript α = H, C, E, B, and I stands for MenH, MenC, MenE, MenB, and MenI, respectively. For each enzyme, k c a t α [ E n z y m e ] = V m a x α . In the first model, we set the chorismate concentration as a constant. The DHNA diffusion through the membrane occurs at a rate k D H N A . The dynamic equations are as follows: (5) d [ B ] d t = ( k 2 [ M e n F ] [ A ] K M , 1 F − k − 1 [ M e n F ] [ B ] K M , 2 F ) 1 + [ A ] K M , 1 F + [ B ] K M , 2 F − k c a t D [ M e n D ] [ B ] ( 1 + [ D H N A ] K i ) K M D + ( 1 + [ D H N A ] K i ) [ B ] = 0 (6) d [ C ] d t = k c a t D [ M e n D ] [ B ] ( 1 + [ D H N A ] K i ) K M D + ( 1 + [ D H N A ] K i ) [ B ] − k c a t H [ M e n H ] [ C ] K M H + [ C ] = 0 (7) d [ D ] d t = k c a t H [ M e n H ] [ C ] K M H + [ C ] − k c a t C [ M e n C ] [ D ] K M C + [ D ] = 0 (8) d [ E ] d t = k c a t C [ M e n C ] [ D ] K M C + [ D ] − k c a t E [ M e n E ] [ E ] K M E + [ E",,
reaction,/processes/reactions/8,"isochorismate (B) -> 2-succinyl-5-enolpyruvyl-6-hydroxy-3-cyclohexene-1-carboxylate (SEPHCHC, C)",C,single-source (review),"isochorismate (B) -> 2-succinyl-5-enolpyruvyl-6-hydroxy-3-cyclohexene-1-carboxylate (SEPHCHC, C)",,,1,False,"0.759 (heuristic, not a probability)",DHNA biosynthesis (menaquinone precursor) (seed_paper) -- discussion section,"mM17 + 2.5 µL AFC, or 90 µL mM17. The final concentrations of AFC were 2, 1, or 0 mM, with an initial cell OD 600 = 0.1. The plate was sealed with a transparent PCR plate seal (Axygen), and the OD 600 was monitored using a Byonoy Absorbance 96 plate reader in the anaerobic chamber. Steady-state chemical kinetics analysis Model 1 To elucidate the rate-limiting step in the biosynthesis of DHNA from chorismate in L. lactis , we employed a steady-state modeling approach using Michaelis-Menten kinetics. We simplified notation by assigning capital letters to intermediates in the pathway as follows: A for chorismate, B for isochorismate, C for SEPHCHC, D for SHCHC, E for OSB, F for OSB-CoA, and G for DHNA-CoA. The enzyme MenF catalyzes a reversible reaction converting chorismate (A) to isochorismate (B) ( 43 ), and the isochorismate (B) production rate can be expressed as follows: (2) v B = ( k 2 [ M e n F ] [ A ] K M , 1 F − k − 1 [ M e n F ] [ B ] K M , 2 F ) 1 + [ A ] K M , 1 F + [ B ] K M , 2 F where k 2 and k - 1 are the forward and reverse rate constants for the MenF-catalyzed step, and K M , 1 F , K M , 2 F are the Michaelis constants for chorismate (A) and isochorismate (B), respectively. Subsequently, MenD facilitates the conversion of isochorismate (B) to 2-succinyl-5-enolpyruvyl-6-hydroxy-3-cyclohexene-1-carboxylate (SEPHCHC, C), with DHNA acting as a non-competitive inhibitor ( 19 , 20 ), and the SEPHCHC (C) production rate can be expressed as follows: (3) v C = k c a t D [ M e n D ] [ B ] ( 1 + [ D H N A ] K i ) K M D + ( 1 + [ D H N A ] K i ) [ B ] where k c a t D is the catalytic turnover number for MenD, K M D is the Michaelis constant for isochorismate (B), and K i is the inhibition constant for DHNA. Other enzymes involved, namely, MenH, MenC, MenE, MenB, and MenI, are modeled using Michaelis-Menten kinetics, and their production rates can be expressed as follows: (4) v α = k c a t α [ E n z y m e ] [ S u b s t r a t e ] K M α + [ S u b s t r a t e ] where superscript α = H, C, E, B, and I stands for MenH, MenC, MenE, MenB, and MenI, respectively. For each enzyme, k c a t α [ E n z y m e ] = V m a x α . In the first model, we set the chorismate concentration as a constant. The DHNA diffusion through the membrane occurs at a rate k D H N A . The dynamic equations are as follows: (5) d [ B ] d t = ( k 2 [ M e n F ] [ A ] K M , 1 F − k − 1 [ M e n F ] [ B ] K M , 2 F ) 1 + [ A ] K M , 1 F + [ B ] K M , 2 F − k c a t D [ M e n D ] [ B ] ( 1 + [ D H N A ] K i ) K M D + ( 1 + [ D H N A ] K i ) [ B ] = 0 (6) d [ C ] d t = k c a t D [ M e n D ] [ B ] ( 1 + [ D H N A ] K i ) K M D + ( 1 + [ D H N A ] K i ) [ B ] − k c a t H [ M e n H ] [ C ] K M H + [ C ] = 0 (7) d [ D ] d t = k c a t H [ M e n H ] [ C ] K M H + [ C ] − k c a t C [ M e n C ] [ D ] K M C + [ D ] = 0 (8) d [ E ] d t = k c a t C [ M e n C ] [ D ] K M C + [ D ] − k c a t E [ M e n E ] [ E ] K M E + [ E",,
reaction,/processes/reactions/9,SEPHCHC (C) -> D,C,single-source (review),SEPHCHC (C) -> D,,,1,False,"0.759 (heuristic, not a probability)",DHNA biosynthesis (menaquinone precursor) (seed_paper) -- discussion section,"mM17 + 2.5 µL AFC, or 90 µL mM17. The final concentrations of AFC were 2, 1, or 0 mM, with an initial cell OD 600 = 0.1. The plate was sealed with a transparent PCR plate seal (Axygen), and the OD 600 was monitored using a Byonoy Absorbance 96 plate reader in the anaerobic chamber. Steady-state chemical kinetics analysis Model 1 To elucidate the rate-limiting step in the biosynthesis of DHNA from chorismate in L. lactis , we employed a steady-state modeling approach using Michaelis-Menten kinetics. We simplified notation by assigning capital letters to intermediates in the pathway as follows: A for chorismate, B for isochorismate, C for SEPHCHC, D for SHCHC, E for OSB, F for OSB-CoA, and G for DHNA-CoA. The enzyme MenF catalyzes a reversible reaction converting chorismate (A) to isochorismate (B) ( 43 ), and the isochorismate (B) production rate can be expressed as follows: (2) v B = ( k 2 [ M e n F ] [ A ] K M , 1 F − k − 1 [ M e n F ] [ B ] K M , 2 F ) 1 + [ A ] K M , 1 F + [ B ] K M , 2 F where k 2 and k - 1 are the forward and reverse rate constants for the MenF-catalyzed step, and K M , 1 F , K M , 2 F are the Michaelis constants for chorismate (A) and isochorismate (B), respectively. Subsequently, MenD facilitates the conversion of isochorismate (B) to 2-succinyl-5-enolpyruvyl-6-hydroxy-3-cyclohexene-1-carboxylate (SEPHCHC, C), with DHNA acting as a non-competitive inhibitor ( 19 , 20 ), and the SEPHCHC (C) production rate can be expressed as follows: (3) v C = k c a t D [ M e n D ] [ B ] ( 1 + [ D H N A ] K i ) K M D + ( 1 + [ D H N A ] K i ) [ B ] where k c a t D is the catalytic turnover number for MenD, K M D is the Michaelis constant for isochorismate (B), and K i is the inhibition constant for DHNA. Other enzymes involved, namely, MenH, MenC, MenE, MenB, and MenI, are modeled using Michaelis-Menten kinetics, and their production rates can be expressed as follows: (4) v α = k c a t α [ E n z y m e ] [ S u b s t r a t e ] K M α + [ S u b s t r a t e ] where superscript α = H, C, E, B, and I stands for MenH, MenC, MenE, MenB, and MenI, respectively. For each enzyme, k c a t α [ E n z y m e ] = V m a x α . In the first model, we set the chorismate concentration as a constant. The DHNA diffusion through the membrane occurs at a rate k D H N A . The dynamic equations are as follows: (5) d [ B ] d t = ( k 2 [ M e n F ] [ A ] K M , 1 F − k − 1 [ M e n F ] [ B ] K M , 2 F ) 1 + [ A ] K M , 1 F + [ B ] K M , 2 F − k c a t D [ M e n D ] [ B ] ( 1 + [ D H N A ] K i ) K M D + ( 1 + [ D H N A ] K i ) [ B ] = 0 (6) d [ C ] d t = k c a t D [ M e n D ] [ B ] ( 1 + [ D H N A ] K i ) K M D + ( 1 + [ D H N A ] K i ) [ B ] − k c a t H [ M e n H ] [ C ] K M H + [ C ] = 0 (7) d [ D ] d t = k c a t H [ M e n H ] [ C ] K M H + [ C ] − k c a t C [ M e n C ] [ D ] K M C + [ D ] = 0 (8) d [ E ] d t = k c a t C [ M e n C ] [ D ] K M C + [ D ] − k c a t E [ M e n E ] [ E ] K M E + [ E",,
reaction,/processes/reactions/10,D -> E,C,single-source (review),D -> E,,,1,False,"0.759 (heuristic, not a probability)",DHNA biosynthesis (menaquinone precursor) (seed_paper) -- discussion section,"mM17 + 2.5 µL AFC, or 90 µL mM17. The final concentrations of AFC were 2, 1, or 0 mM, with an initial cell OD 600 = 0.1. The plate was sealed with a transparent PCR plate seal (Axygen), and the OD 600 was monitored using a Byonoy Absorbance 96 plate reader in the anaerobic chamber. Steady-state chemical kinetics analysis Model 1 To elucidate the rate-limiting step in the biosynthesis of DHNA from chorismate in L. lactis , we employed a steady-state modeling approach using Michaelis-Menten kinetics. We simplified notation by assigning capital letters to intermediates in the pathway as follows: A for chorismate, B for isochorismate, C for SEPHCHC, D for SHCHC, E for OSB, F for OSB-CoA, and G for DHNA-CoA. The enzyme MenF catalyzes a reversible reaction converting chorismate (A) to isochorismate (B) ( 43 ), and the isochorismate (B) production rate can be expressed as follows: (2) v B = ( k 2 [ M e n F ] [ A ] K M , 1 F − k − 1 [ M e n F ] [ B ] K M , 2 F ) 1 + [ A ] K M , 1 F + [ B ] K M , 2 F where k 2 and k - 1 are the forward and reverse rate constants for the MenF-catalyzed step, and K M , 1 F , K M , 2 F are the Michaelis constants for chorismate (A) and isochorismate (B), respectively. Subsequently, MenD facilitates the conversion of isochorismate (B) to 2-succinyl-5-enolpyruvyl-6-hydroxy-3-cyclohexene-1-carboxylate (SEPHCHC, C), with DHNA acting as a non-competitive inhibitor ( 19 , 20 ), and the SEPHCHC (C) production rate can be expressed as follows: (3) v C = k c a t D [ M e n D ] [ B ] ( 1 + [ D H N A ] K i ) K M D + ( 1 + [ D H N A ] K i ) [ B ] where k c a t D is the catalytic turnover number for MenD, K M D is the Michaelis constant for isochorismate (B), and K i is the inhibition constant for DHNA. Other enzymes involved, namely, MenH, MenC, MenE, MenB, and MenI, are modeled using Michaelis-Menten kinetics, and their production rates can be expressed as follows: (4) v α = k c a t α [ E n z y m e ] [ S u b s t r a t e ] K M α + [ S u b s t r a t e ] where superscript α = H, C, E, B, and I stands for MenH, MenC, MenE, MenB, and MenI, respectively. For each enzyme, k c a t α [ E n z y m e ] = V m a x α . In the first model, we set the chorismate concentration as a constant. The DHNA diffusion through the membrane occurs at a rate k D H N A . The dynamic equations are as follows: (5) d [ B ] d t = ( k 2 [ M e n F ] [ A ] K M , 1 F − k − 1 [ M e n F ] [ B ] K M , 2 F ) 1 + [ A ] K M , 1 F + [ B ] K M , 2 F − k c a t D [ M e n D ] [ B ] ( 1 + [ D H N A ] K i ) K M D + ( 1 + [ D H N A ] K i ) [ B ] = 0 (6) d [ C ] d t = k c a t D [ M e n D ] [ B ] ( 1 + [ D H N A ] K i ) K M D + ( 1 + [ D H N A ] K i ) [ B ] − k c a t H [ M e n H ] [ C ] K M H + [ C ] = 0 (7) d [ D ] d t = k c a t H [ M e n H ] [ C ] K M H + [ C ] − k c a t C [ M e n C ] [ D ] K M C + [ D ] = 0 (8) d [ E ] d t = k c a t C [ M e n C ] [ D ] K M C + [ D ] − k c a t E [ M e n E ] [ E ] K M E + [ E",,
reaction,/processes/reactions/11,E -> F,C,single-source (review),E -> F,,,1,False,"0.759 (heuristic, not a probability)",DHNA biosynthesis (menaquinone precursor) (seed_paper) -- discussion section,"mM17 + 2.5 µL AFC, or 90 µL mM17. The final concentrations of AFC were 2, 1, or 0 mM, with an initial cell OD 600 = 0.1. The plate was sealed with a transparent PCR plate seal (Axygen), and the OD 600 was monitored using a Byonoy Absorbance 96 plate reader in the anaerobic chamber. Steady-state chemical kinetics analysis Model 1 To elucidate the rate-limiting step in the biosynthesis of DHNA from chorismate in L. lactis , we employed a steady-state modeling approach using Michaelis-Menten kinetics. We simplified notation by assigning capital letters to intermediates in the pathway as follows: A for chorismate, B for isochorismate, C for SEPHCHC, D for SHCHC, E for OSB, F for OSB-CoA, and G for DHNA-CoA. The enzyme MenF catalyzes a reversible reaction converting chorismate (A) to isochorismate (B) ( 43 ), and the isochorismate (B) production rate can be expressed as follows: (2) v B = ( k 2 [ M e n F ] [ A ] K M , 1 F − k − 1 [ M e n F ] [ B ] K M , 2 F ) 1 + [ A ] K M , 1 F + [ B ] K M , 2 F where k 2 and k - 1 are the forward and reverse rate constants for the MenF-catalyzed step, and K M , 1 F , K M , 2 F are the Michaelis constants for chorismate (A) and isochorismate (B), respectively. Subsequently, MenD facilitates the conversion of isochorismate (B) to 2-succinyl-5-enolpyruvyl-6-hydroxy-3-cyclohexene-1-carboxylate (SEPHCHC, C), with DHNA acting as a non-competitive inhibitor ( 19 , 20 ), and the SEPHCHC (C) production rate can be expressed as follows: (3) v C = k c a t D [ M e n D ] [ B ] ( 1 + [ D H N A ] K i ) K M D + ( 1 + [ D H N A ] K i ) [ B ] where k c a t D is the catalytic turnover number for MenD, K M D is the Michaelis constant for isochorismate (B), and K i is the inhibition constant for DHNA. Other enzymes involved, namely, MenH, MenC, MenE, MenB, and MenI, are modeled using Michaelis-Menten kinetics, and their production rates can be expressed as follows: (4) v α = k c a t α [ E n z y m e ] [ S u b s t r a t e ] K M α + [ S u b s t r a t e ] where superscript α = H, C, E, B, and I stands for MenH, MenC, MenE, MenB, and MenI, respectively. For each enzyme, k c a t α [ E n z y m e ] = V m a x α . In the first model, we set the chorismate concentration as a constant. The DHNA diffusion through the membrane occurs at a rate k D H N A . The dynamic equations are as follows: (5) d [ B ] d t = ( k 2 [ M e n F ] [ A ] K M , 1 F − k − 1 [ M e n F ] [ B ] K M , 2 F ) 1 + [ A ] K M , 1 F + [ B ] K M , 2 F − k c a t D [ M e n D ] [ B ] ( 1 + [ D H N A ] K i ) K M D + ( 1 + [ D H N A ] K i ) [ B ] = 0 (6) d [ C ] d t = k c a t D [ M e n D ] [ B ] ( 1 + [ D H N A ] K i ) K M D + ( 1 + [ D H N A ] K i ) [ B ] − k c a t H [ M e n H ] [ C ] K M H + [ C ] = 0 (7) d [ D ] d t = k c a t H [ M e n H ] [ C ] K M H + [ C ] − k c a t C [ M e n C ] [ D ] K M C + [ D ] = 0 (8) d [ E ] d t = k c a t C [ M e n C ] [ D ] K M C + [ D ] − k c a t E [ M e n E ] [ E ] K M E + [ E",,
reaction,/processes/reactions/12,"isochorismate -> 1,4-dihydroxy-2-naphthoate",C,single-source (review),"isochorismate -> 1,4-dihydroxy-2-naphthoate",,,1,False,"0.7265 (heuristic, not a probability)",New aspects of microbial vitamin K2 production by expanding the product spectrum. (PMC8042841) -- figure section,"Fig. 1 a) [ 33 , 34 ]. In the first step of the classical MK pathway, MenF converts chorismate into isochorismate, which is further converted by six enzymes encoded by the menDHCEB operon to form 1,4-dihydroxy-2-naphthoate (Fig. 1 b) [ 17 , 26 ]. In the first step of the futalosine pathway, MqnA cat",,
reaction,/processes/reactions/13,DHNA biosynthesis,C,single-source (review),A + B -> DHNA,,,1,False,"0.6798 (heuristic, not a probability)",DHNA biosynthesis (menaquinone precursor) (seed_paper) -- discussion section,"K M D K m , 1 F ) 2 When [ B ] ≪ K M , 2 F , DHNA concentration becomes regulated solely by MenF, (22) [ D H N A ] i n = k 2 [ A ] k D H N A K M , 1 F ( 1 + [ A ] K M , 1 F ) [ M e n F ] and the critical ratio of [MenD] to [MenF] 2 that depicts the dominance of MenF in the reaction flux can be described by the following boundary condition: (23) [ M e n D ] [ M e n F ] 2 ≫ k 2 2 [ A ] 2 2 k D H N A k c a t D K i ( K M , 1 F ) 2 Although this model could explain the conditions where MenD or MenF become saturated and cannot regulate the DHNA biosynthesis, it cannot explain why perturbation of MenFD does not affect DHNA production. The saturation in MenFD catalysis suggests that the DHNA biosynthesis is also limited by a bottleneck at the chorismate production. Model 2 Assuming a constant chorismate production rate J 0 and a cumulative chorismate consumption rate k A by other pathways, the differential equation for chorismate becomes the following: (24) d [ A ] d t = J 0 − k A [ A ] − ( k 2 [ M e n F ] [ A ] K M , 1 F − k − 1 [ M e n F ] [ B ] K M , 2 F ) 1 + [ A ] K M , 1 2 + [ B ] K M , 2 F ≡ J 0 − J o t h e r − J D H N A = 0 where J D H N A = ( k 2 [ M e n F ] [ A ] K M , 1 F − k − 1 [ M e n F ] [ B ] K M , 2 F ) 1 + [ A ] K M , 1 2 + [ B ] K M , 2 F is the DHNA pathway flux, and J o t h e r = k A [ A ] is the flux for the other pathways. The model becomes the following: (25) ( J 0 [ A ] − k A ) [ A ] = ( k 2 [ M e n F ] [ A ] K M , 1 F − k − 1 [ M e n F ] [ B ] K M , 2 F ) 1 + [ A ] K M , 1 F + [ B ] K M , 2 F = k cat D [ M e n D ] [ B ] ( 1 + [ D H N A ] K i ) K M D + ( 1 + [ D H N A ] K i ) [ B ] = k D H N A [ D H N A ] i n Substrate-limited condition When the pathway for DHNA biosynthesis is dominant, such that the initial rate of substrate conversion ( J 0 A ) significantly exceeds the reaction rate of the other pathways ( k A ), the DHNA concentration reaches a maximum, calculated as the following: (26) [ D H N A ] i n m a x = J 0 k D H N A which is the maximum DHNA concentration we can get. Regulation under low substrate utilization By contrast, when the pathway utilizes a minimal amount of chorismate compared to other pathways, chorismate concentration is described by the following: (27) [ A ] = J 0 k A Under this condition, Model 2 can be unified with Model 1 by replacing [ A ] with J 0 k A in equation 13 . Model 1 is a special case of Model 2 when J 0 ≫ J D H N A , i.e., when DHNA biosynthesis does not significantly affect [ A ] . Numerical simulation To simulate the steady-state concentration of DHNA with given MenF and MenD concentrations, we use the parameters from the literature outlined in Table 1 , as well as our experimental parameters outlined in Table 2 . TABLE 1 Parameters from the literature Parameter Value Organism Condition Reference K M , 1 F 166.9 µM Escherichia coli pH = 7.5, 37°C ( 43 ) K M , 2 F 119 µM k 2 144.9 min −1 k - 1 3.8 min −1 K M D 53 nM Escherichia coli pH = 7.8, 22.5°C ( 47 ) k c a t D",,
reaction,/processes/reactions/14,MK biosynthesis,B,corroborated by a second paper (no identifier),chorismate -> DHNA,,,2,False,"0.8509 (heuristic, not a probability)",Engineering <i>Lactococcus lactis</i> for Increased Vitamin K2 Production. (PMC7093718) -- introduction section | DHNA biosynthesis (menaquinone precursor) (seed_paper) -- results section,"value of fermented food, but until very recently there were no reports on optimization of dairy production or metabolic engineering of LAB strains to achieve higher menaquinone levels. Several genomes of the dominating vitamin K2 producing LAB, L. lactis have been sequenced, and putative genes encoding the enzymes for the individual steps of menaquinone biosynthesis annotated (Wegmann et al., 2007 ). In L. lactis menaquinones are synthesized from acetyl-CoA, phosphoenolpyruvate and D-erythrose-4-phosphate. The precursors are converted step by step to a hydrophobic polyprenyl diphosphate (PP) chain (mevalonate and polyprenyl pathways) and a hydrophilic naphtoquinone ring; 1,4-dihydroxy-2-napthoate (DHNA) (shikimate and menaquinone pathways). Finally, MenA, a DHNA polyprenyltransferase, joins the prenyl diphosphate and DHNA to form demethylmenaquinone ( Figure 1 ). The product of the shikimate pathway, chorismate, is also a substrate for synthesis of the essential aromatic amino acids (AAA) and folate and its production and further conversion is highly regulated (Dosselaere and Vanderleyden, 2001 ). For instance, the first enzyme of the shikimate pathway, 3-Deoxy-D-arabinoheptulosonate 7-phosphate synthase (DAHPS), is known to be feedback inhibited by AAA in diverse microorganisms (Mir et al., 2015 ) and similar regulatory events are likely to exist in lactococci. Chorismate is converted to DHNA through 7 enzymatic steps starting with isochorismate synthase (encoded by menF ). The polyprenyl diphosphate chain is synthesized from isopentenyl pyrophosphate (IPP) units formed through the mevalonate pathway. Six enzymatic steps, catalyzed by 3-ketoacyl-CoA thiolase ( thiL ), hydroxymethylglutaryl-CoA synthase ( hmcM ), hydroxymethylglutaryl-CoA reductase ( mvaA ), mevalonate kinase ( mvk ), phosphomevalonate kinase ( pmk ), and diphosphomevalonate decarboxylase ( mvaD ) are required to convert acetyl-CoA into IPP (C5). These reactions constitute the most energy- and substrate-consuming part of menaquinone synthesis as they require 3 acetyl-CoA, 3 ATP, and 1 NADPH per IPP formed. The geranyltranstransferase ( ispA ) and isopentenyl-diphosphate delta-isomerase ( fni ) then combine IPP units into FPP (farnesyl diphosphate, C15). FPP is a scaffold for further lengthening of the prenyl diphosphate chain by consecutive addition of IPP units to make the all-trans polyprenyl diphosphate (for MK-n production) or di-trans, poly-cis-undecaprenyl pyrophosphate (UPP, C55). UPP is essential for lactococci as it is a substrate for synthesis of peptidoglycan (Bouhss et al., 2008 ). In L. lactis 2 genomic loci encode possible prenyl diphosphate synthases. The gerCA ( llmg_1111 ) and ispB ( llmg_1110 ) locus encodes proteins with homology to 2-component heptaprenyl diphosphate synthases. The gene llmg_0196 is in an operon with menA (DHNA polyprenyltransferase) and encodes a putative geranylgeranyl pyrophosphate synthase. In L. lactis ssp. lactis the gene and gene product of llmg_0196 are called preA and PreA and we will hereafter employ these names also for L. lactis ssp. cremoris MG1363. Figure 1 The lactococcal biosynthetic pathways for menaquinone(s). Intermediates that are substrates for competing essential pathways are shown as branched points (chorismate and FPP). IPP, isopentenyl pyrophosphate; FPP, farnesyl pyrophosphate; UPP, undecaprenyl pyrophosphate. Menaquinones play an essential role in electron transport but are not essential for fermentative growth in L. lactis (Rezaiki et al., 2008 ). However, in the presence of heme L. lactis can produce cytochrome and a functional electron transport chain enabling respiratory growth resulting in improved growth and survival in stationary phase (Sijpesteijn, 1970 ; Duwat et al., 2001 ; Gaudu et al., 2002 ; Rezaiki et al., 2008 ; Brooijmans et al., 2009 ). In addition, menaquinones can reduce both Fe and Cu and might be important for assimilation of metals (Rezaiki et al., 2008 ). The levels of menaquinone found in L. lactis are strain-dependent and vary in response to aerobic vs. anaerobic conditions as well as culture medium, carbon source and temperature. In L. lactis MK-9 is produced as the dominating menaquinone species, but minor amounts of MK-3, MK-7, MK-8 and MK-10 are also formed (Morishita et al., 1999 ; Rezaiki et al., 2008 ; Brooijmans et al., 2009 ). One recent study show that adjusting fermentation parameters like preculture conditions, carbon source and temperature result in up to 50% increase of vitamin K2 in fermented milk (Liu et al., 2019 ). However, there are no other reports available describing how to increase strain performance or optimize conditions to elevate menaquinone content during food fermentations, neither is information on the contribution of each enzyme to the biosynthetic pathway of menaquinones in lactococci. Such knowledge could be helpful in selecting the optimal lactococci for fermentation of milk into a product with higher functional value regarding vitamin K2. Therefore, in the present study several genes of the biosynthetic pathway of menaquinones in L. lactis ssp. cremoris MG1363 were overexpressed singly or in combination to investigate their potential to raise menaquinone levels. We identify bottle-necks and key genes for biosynthesis of menaquinones in MG1363 and thereby provide a foundation for development of strains capable of higher K2-production during food | results ( 11 ), largely due to limited understanding of the regulatory mechanisms governing quinone biosynthesis. MK biosynthesis starts from chorismate and proceeds through a seven-enzyme pathway consisting of MenF, MenD, MenH, MenC, MenE, MenB, and MenI to produce DHNA. Subsequently, MenA joins DHNA and prenyl diphosphate to produce demethylmenaquinone (DMK), and MenG demethylates DMK to generate MK ( Fig. 1A ). Strategies have attempted to enhance DHNA supply by overexpressing individual enzymes ( 13 – 17 ) or the entire DHNA biosynthesis operon ( 14 , 18 ). However, these efforts often lead to inconsistent and modest increases in DHNA/MK levels despite upregulated transcription of the respective genes ( 14 , 15 ). Conflicting outcomes have also been reported across different studies; for example, overexpressing MenF or MenD enhanced MK production in some cases but not others ( 13 , 15 – 17 ). These data suggest that a regulatory network might exist to control DHNA and MK levels and buffer against genetic perturbations. While these regulations are physiologically plausible, as microbes must resist quinone overproduction to avoid oxidative stress and growth inhibition ( 4 ), the molecular mechanisms remain elusive. Fig 1 A biosensing system for quantitative detection of DHNA at picomolar concentration. ( A ) Schematic showing the menaquinone biosynthesis pathway. DHNA is the precursor of menaquinone. ( B ) Workflow of the DHNA biosensing system. L. lactis was incubated for 2 hours to allow DHNA synthesis. The cell-free supernatant was collected and mixed with L. plantarum and iron reduction reagents, including iron(III) oxide and ferrozine (FZ). L. plantarum utilizes DHNA secreted by L. lactis to reduce Fe 3+ to Fe 2+ . The resulting Fe 2+ reacts with ferrozine, producing a magenta color product whose absorbance correlates with DHNA concentration. ( C ) Calibration curve of DHNA concentration versus absorbance at 562 nm. L. plantarum was incubated with varying concentrations of exogenous DHNA. The [DHNA]-OD 562 curve was fitted to a non-linear function. The top panel shows a scanned image of the assay plate. ( D ) L. plantarum can detect DHNA secreted from varying cell densities of quinone-producing L. lactis but not from the deficient mutant. Δ menC + menC represents menC gene complementation under a constitutive promoter on a plasmid in the Δ menC background. DHNA concentrations were calculated based on the calibration curve in panel C . The top panel shows a scanned image of the assay plate. All data represent mean ± 1 s.d. for three biological replicates. Bacterial biosensing system detecting DHNA in menaquinone biosynthesis through L. lactis-L. plantarum interaction and iron reduction colorimetry. Calibration shows picomolar sensitivity (R²=0.99) with validation using wild-type and menC mutant strains. Previous studies shed light on the quinone regulatory mechanism, but a system-level understanding has not been achieved. Studies have revealed that MenD can be allosterically inhibited by DHNA in Staphylococcus aureus ( 19 ) and Mycobacterium tuberculosis ( 20 ), suggesting an end-product feedback mechanism. In addition, MenF is also known to be capable of catalyzing both forward and reverse conversion of chorismate to isochorismate ( 21 ). However, it is unclear how these individual mechanisms interact to control DHNA production. Here, we study one of the major quinone producers, Lactococcus lactis, and reveal a multi-layer mechanism regulating DHNA biosynthesis. Leveraging a novel biosensing system, we quantified DHNA concentration at picomolar sensitivity. We then synthetically perturbed enzyme levels on genetic constructs and found that DHNA concentration can be modulated by both MenF and MenD, but to different degrees. A mathematical model uncovers a two-phase regulatory pattern resulting from the interplay of reversible flux and end-product feedback inhibition, where the regulatory roles of MenF and MenD shift based on their relative expression levels. The model also predicts limited availability of the substrate chorismate, which restrains DHNA from being overproduced. These mechanisms can collectively contribute to quinone homeostasis and imply new strategies to efficiently engineer quinone production. RESULTS A biosensing system allows sensitive and quantitative DHNA detection Since DHNA is the common precursor for all MK derivatives, we sought to interrogate the regulatory mechanism of quinone biosynthesis by focusing on DHNA. To precisely measure DHNA concentration, we constructed a L. lactis mutant lacking DHNA-utilizing pathways. We knocked out menA (encodes for DHNA prenyltransferase) to prevent DHNA from being utilized for DMK and MK biosynthesis ( Fig. 1A ). In addition, we knocked out noxAB (encodes for NADH:quinone oxidoreductases) to prevent DHNA from interacting with quinone reductases ( 22 ) , which may otherwise alter DHNA redox state and interfere with DHNA quantification. We next developed a high-throughput method for quantitative DHNA detection. While previous studies mainly measured DHNA concentration with high-performance liquid chromatography (HPLC) ( 23 – 26 ), this approach requires complex sample preparation and purification processes and has a limited detection of 1 µM",,
reaction,/processes/reactions/15,production of demethylmenaquinone (DMK),B,corroborated by a second paper (no identifier),DHNA + prenyl diphosphate -> demethylmenaquinone (DMK),,,2,False,"0.8509 (heuristic, not a probability)",Engineering <i>Lactococcus lactis</i> for Increased Vitamin K2 Production. (PMC7093718) -- introduction section | DHNA biosynthesis (menaquinone precursor) (seed_paper) -- results section,"value of fermented food, but until very recently there were no reports on optimization of dairy production or metabolic engineering of LAB strains to achieve higher menaquinone levels. Several genomes of the dominating vitamin K2 producing LAB, L. lactis have been sequenced, and putative genes encoding the enzymes for the individual steps of menaquinone biosynthesis annotated (Wegmann et al., 2007 ). In L. lactis menaquinones are synthesized from acetyl-CoA, phosphoenolpyruvate and D-erythrose-4-phosphate. The precursors are converted step by step to a hydrophobic polyprenyl diphosphate (PP) chain (mevalonate and polyprenyl pathways) and a hydrophilic naphtoquinone ring; 1,4-dihydroxy-2-napthoate (DHNA) (shikimate and menaquinone pathways). Finally, MenA, a DHNA polyprenyltransferase, joins the prenyl diphosphate and DHNA to form demethylmenaquinone ( Figure 1 ). The product of the shikimate pathway, chorismate, is also a substrate for synthesis of the essential aromatic amino acids (AAA) and folate and its production and further conversion is highly regulated (Dosselaere and Vanderleyden, 2001 ). For instance, the first enzyme of the shikimate pathway, 3-Deoxy-D-arabinoheptulosonate 7-phosphate synthase (DAHPS), is known to be feedback inhibited by AAA in diverse microorganisms (Mir et al., 2015 ) and similar regulatory events are likely to exist in lactococci. Chorismate is converted to DHNA through 7 enzymatic steps starting with isochorismate synthase (encoded by menF ). The polyprenyl diphosphate chain is synthesized from isopentenyl pyrophosphate (IPP) units formed through the mevalonate pathway. Six enzymatic steps, catalyzed by 3-ketoacyl-CoA thiolase ( thiL ), hydroxymethylglutaryl-CoA synthase ( hmcM ), hydroxymethylglutaryl-CoA reductase ( mvaA ), mevalonate kinase ( mvk ), phosphomevalonate kinase ( pmk ), and diphosphomevalonate decarboxylase ( mvaD ) are required to convert acetyl-CoA into IPP (C5). These reactions constitute the most energy- and substrate-consuming part of menaquinone synthesis as they require 3 acetyl-CoA, 3 ATP, and 1 NADPH per IPP formed. The geranyltranstransferase ( ispA ) and isopentenyl-diphosphate delta-isomerase ( fni ) then combine IPP units into FPP (farnesyl diphosphate, C15). FPP is a scaffold for further lengthening of the prenyl diphosphate chain by consecutive addition of IPP units to make the all-trans polyprenyl diphosphate (for MK-n production) or di-trans, poly-cis-undecaprenyl pyrophosphate (UPP, C55). UPP is essential for lactococci as it is a substrate for synthesis of peptidoglycan (Bouhss et al., 2008 ). In L. lactis 2 genomic loci encode possible prenyl diphosphate synthases. The gerCA ( llmg_1111 ) and ispB ( llmg_1110 ) locus encodes proteins with homology to 2-component heptaprenyl diphosphate synthases. The gene llmg_0196 is in an operon with menA (DHNA polyprenyltransferase) and encodes a putative geranylgeranyl pyrophosphate synthase. In L. lactis ssp. lactis the gene and gene product of llmg_0196 are called preA and PreA and we will hereafter employ these names also for L. lactis ssp. cremoris MG1363. Figure 1 The lactococcal biosynthetic pathways for menaquinone(s). Intermediates that are substrates for competing essential pathways are shown as branched points (chorismate and FPP). IPP, isopentenyl pyrophosphate; FPP, farnesyl pyrophosphate; UPP, undecaprenyl pyrophosphate. Menaquinones play an essential role in electron transport but are not essential for fermentative growth in L. lactis (Rezaiki et al., 2008 ). However, in the presence of heme L. lactis can produce cytochrome and a functional electron transport chain enabling respiratory growth resulting in improved growth and survival in stationary phase (Sijpesteijn, 1970 ; Duwat et al., 2001 ; Gaudu et al., 2002 ; Rezaiki et al., 2008 ; Brooijmans et al., 2009 ). In addition, menaquinones can reduce both Fe and Cu and might be important for assimilation of metals (Rezaiki et al., 2008 ). The levels of menaquinone found in L. lactis are strain-dependent and vary in response to aerobic vs. anaerobic conditions as well as culture medium, carbon source and temperature. In L. lactis MK-9 is produced as the dominating menaquinone species, but minor amounts of MK-3, MK-7, MK-8 and MK-10 are also formed (Morishita et al., 1999 ; Rezaiki et al., 2008 ; Brooijmans et al., 2009 ). One recent study show that adjusting fermentation parameters like preculture conditions, carbon source and temperature result in up to 50% increase of vitamin K2 in fermented milk (Liu et al., 2019 ). However, there are no other reports available describing how to increase strain performance or optimize conditions to elevate menaquinone content during food fermentations, neither is information on the contribution of each enzyme to the biosynthetic pathway of menaquinones in lactococci. Such knowledge could be helpful in selecting the optimal lactococci for fermentation of milk into a product with higher functional value regarding vitamin K2. Therefore, in the present study several genes of the biosynthetic pathway of menaquinones in L. lactis ssp. cremoris MG1363 were overexpressed singly or in combination to investigate their potential to raise menaquinone levels. We identify bottle-necks and key genes for biosynthesis of menaquinones in MG1363 and thereby provide a foundation for development of strains capable of higher K2-production during food | results ( 11 ), largely due to limited understanding of the regulatory mechanisms governing quinone biosynthesis. MK biosynthesis starts from chorismate and proceeds through a seven-enzyme pathway consisting of MenF, MenD, MenH, MenC, MenE, MenB, and MenI to produce DHNA. Subsequently, MenA joins DHNA and prenyl diphosphate to produce demethylmenaquinone (DMK), and MenG demethylates DMK to generate MK ( Fig. 1A ). Strategies have attempted to enhance DHNA supply by overexpressing individual enzymes ( 13 – 17 ) or the entire DHNA biosynthesis operon ( 14 , 18 ). However, these efforts often lead to inconsistent and modest increases in DHNA/MK levels despite upregulated transcription of the respective genes ( 14 , 15 ). Conflicting outcomes have also been reported across different studies; for example, overexpressing MenF or MenD enhanced MK production in some cases but not others ( 13 , 15 – 17 ). These data suggest that a regulatory network might exist to control DHNA and MK levels and buffer against genetic perturbations. While these regulations are physiologically plausible, as microbes must resist quinone overproduction to avoid oxidative stress and growth inhibition ( 4 ), the molecular mechanisms remain elusive. Fig 1 A biosensing system for quantitative detection of DHNA at picomolar concentration. ( A ) Schematic showing the menaquinone biosynthesis pathway. DHNA is the precursor of menaquinone. ( B ) Workflow of the DHNA biosensing system. L. lactis was incubated for 2 hours to allow DHNA synthesis. The cell-free supernatant was collected and mixed with L. plantarum and iron reduction reagents, including iron(III) oxide and ferrozine (FZ). L. plantarum utilizes DHNA secreted by L. lactis to reduce Fe 3+ to Fe 2+ . The resulting Fe 2+ reacts with ferrozine, producing a magenta color product whose absorbance correlates with DHNA concentration. ( C ) Calibration curve of DHNA concentration versus absorbance at 562 nm. L. plantarum was incubated with varying concentrations of exogenous DHNA. The [DHNA]-OD 562 curve was fitted to a non-linear function. The top panel shows a scanned image of the assay plate. ( D ) L. plantarum can detect DHNA secreted from varying cell densities of quinone-producing L. lactis but not from the deficient mutant. Δ menC + menC represents menC gene complementation under a constitutive promoter on a plasmid in the Δ menC background. DHNA concentrations were calculated based on the calibration curve in panel C . The top panel shows a scanned image of the assay plate. All data represent mean ± 1 s.d. for three biological replicates. Bacterial biosensing system detecting DHNA in menaquinone biosynthesis through L. lactis-L. plantarum interaction and iron reduction colorimetry. Calibration shows picomolar sensitivity (R²=0.99) with validation using wild-type and menC mutant strains. Previous studies shed light on the quinone regulatory mechanism, but a system-level understanding has not been achieved. Studies have revealed that MenD can be allosterically inhibited by DHNA in Staphylococcus aureus ( 19 ) and Mycobacterium tuberculosis ( 20 ), suggesting an end-product feedback mechanism. In addition, MenF is also known to be capable of catalyzing both forward and reverse conversion of chorismate to isochorismate ( 21 ). However, it is unclear how these individual mechanisms interact to control DHNA production. Here, we study one of the major quinone producers, Lactococcus lactis, and reveal a multi-layer mechanism regulating DHNA biosynthesis. Leveraging a novel biosensing system, we quantified DHNA concentration at picomolar sensitivity. We then synthetically perturbed enzyme levels on genetic constructs and found that DHNA concentration can be modulated by both MenF and MenD, but to different degrees. A mathematical model uncovers a two-phase regulatory pattern resulting from the interplay of reversible flux and end-product feedback inhibition, where the regulatory roles of MenF and MenD shift based on their relative expression levels. The model also predicts limited availability of the substrate chorismate, which restrains DHNA from being overproduced. These mechanisms can collectively contribute to quinone homeostasis and imply new strategies to efficiently engineer quinone production. RESULTS A biosensing system allows sensitive and quantitative DHNA detection Since DHNA is the common precursor for all MK derivatives, we sought to interrogate the regulatory mechanism of quinone biosynthesis by focusing on DHNA. To precisely measure DHNA concentration, we constructed a L. lactis mutant lacking DHNA-utilizing pathways. We knocked out menA (encodes for DHNA prenyltransferase) to prevent DHNA from being utilized for DMK and MK biosynthesis ( Fig. 1A ). In addition, we knocked out noxAB (encodes for NADH:quinone oxidoreductases) to prevent DHNA from interacting with quinone reductases ( 22 ) , which may otherwise alter DHNA redox state and interfere with DHNA quantification. We next developed a high-throughput method for quantitative DHNA detection. While previous studies mainly measured DHNA concentration with high-performance liquid chromatography (HPLC) ( 23 – 26 ), this approach requires complex sample preparation and purification processes and has a limited detection of 1 µM",,
reaction,/processes/reactions/16,demethylation of DMK to generate MK,C,single-source (review),DMK -> MK,,,1,False,"0.8509 (heuristic, not a probability)",DHNA biosynthesis (menaquinone precursor) (seed_paper) -- results section,"results ( 11 ), largely due to limited understanding of the regulatory mechanisms governing quinone biosynthesis. MK biosynthesis starts from chorismate and proceeds through a seven-enzyme pathway consisting of MenF, MenD, MenH, MenC, MenE, MenB, and MenI to produce DHNA. Subsequently, MenA joins DHNA and prenyl diphosphate to produce demethylmenaquinone (DMK), and MenG demethylates DMK to generate MK ( Fig. 1A ). Strategies have attempted to enhance DHNA supply by overexpressing individual enzymes ( 13 – 17 ) or the entire DHNA biosynthesis operon ( 14 , 18 ). However, these efforts often lead to inconsistent and modest increases in DHNA/MK levels despite upregulated transcription of the respective genes ( 14 , 15 ). Conflicting outcomes have also been reported across different studies; for example, overexpressing MenF or MenD enhanced MK production in some cases but not others ( 13 , 15 – 17 ). These data suggest that a regulatory network might exist to control DHNA and MK levels and buffer against genetic perturbations. While these regulations are physiologically plausible, as microbes must resist quinone overproduction to avoid oxidative stress and growth inhibition ( 4 ), the molecular mechanisms remain elusive. Fig 1 A biosensing system for quantitative detection of DHNA at picomolar concentration. ( A ) Schematic showing the menaquinone biosynthesis pathway. DHNA is the precursor of menaquinone. ( B ) Workflow of the DHNA biosensing system. L. lactis was incubated for 2 hours to allow DHNA synthesis. The cell-free supernatant was collected and mixed with L. plantarum and iron reduction reagents, including iron(III) oxide and ferrozine (FZ). L. plantarum utilizes DHNA secreted by L. lactis to reduce Fe 3+ to Fe 2+ . The resulting Fe 2+ reacts with ferrozine, producing a magenta color product whose absorbance correlates with DHNA concentration. ( C ) Calibration curve of DHNA concentration versus absorbance at 562 nm. L. plantarum was incubated with varying concentrations of exogenous DHNA. The [DHNA]-OD 562 curve was fitted to a non-linear function. The top panel shows a scanned image of the assay plate. ( D ) L. plantarum can detect DHNA secreted from varying cell densities of quinone-producing L. lactis but not from the deficient mutant. Δ menC + menC represents menC gene complementation under a constitutive promoter on a plasmid in the Δ menC background. DHNA concentrations were calculated based on the calibration curve in panel C . The top panel shows a scanned image of the assay plate. All data represent mean ± 1 s.d. for three biological replicates. Bacterial biosensing system detecting DHNA in menaquinone biosynthesis through L. lactis-L. plantarum interaction and iron reduction colorimetry. Calibration shows picomolar sensitivity (R²=0.99) with validation using wild-type and menC mutant strains. Previous studies shed light on the quinone regulatory mechanism, but a system-level understanding has not been achieved. Studies have revealed that MenD can be allosterically inhibited by DHNA in Staphylococcus aureus ( 19 ) and Mycobacterium tuberculosis ( 20 ), suggesting an end-product feedback mechanism. In addition, MenF is also known to be capable of catalyzing both forward and reverse conversion of chorismate to isochorismate ( 21 ). However, it is unclear how these individual mechanisms interact to control DHNA production. Here, we study one of the major quinone producers, Lactococcus lactis, and reveal a multi-layer mechanism regulating DHNA biosynthesis. Leveraging a novel biosensing system, we quantified DHNA concentration at picomolar sensitivity. We then synthetically perturbed enzyme levels on genetic constructs and found that DHNA concentration can be modulated by both MenF and MenD, but to different degrees. A mathematical model uncovers a two-phase regulatory pattern resulting from the interplay of reversible flux and end-product feedback inhibition, where the regulatory roles of MenF and MenD shift based on their relative expression levels. The model also predicts limited availability of the substrate chorismate, which restrains DHNA from being overproduced. These mechanisms can collectively contribute to quinone homeostasis and imply new strategies to efficiently engineer quinone production. RESULTS A biosensing system allows sensitive and quantitative DHNA detection Since DHNA is the common precursor for all MK derivatives, we sought to interrogate the regulatory mechanism of quinone biosynthesis by focusing on DHNA. To precisely measure DHNA concentration, we constructed a L. lactis mutant lacking DHNA-utilizing pathways. We knocked out menA (encodes for DHNA prenyltransferase) to prevent DHNA from being utilized for DMK and MK biosynthesis ( Fig. 1A ). In addition, we knocked out noxAB (encodes for NADH:quinone oxidoreductases) to prevent DHNA from interacting with quinone reductases ( 22 ) , which may otherwise alter DHNA redox state and interfere with DHNA quantification. We next developed a high-throughput method for quantitative DHNA detection. While previous studies mainly measured DHNA concentration with high-performance liquid chromatography (HPLC) ( 23 – 26 ), this approach requires complex sample preparation and purification processes and has a limited detection of 1 µM",,
reaction,/processes/reactions/17,reduction of Fe 3+ to Fe 2+,C,single-source (review),DHNA + Fe 3+ -> Fe 2+,,,1,False,"0.8509 (heuristic, not a probability)",DHNA biosynthesis (menaquinone precursor) (seed_paper) -- results section,"results ( 11 ), largely due to limited understanding of the regulatory mechanisms governing quinone biosynthesis. MK biosynthesis starts from chorismate and proceeds through a seven-enzyme pathway consisting of MenF, MenD, MenH, MenC, MenE, MenB, and MenI to produce DHNA. Subsequently, MenA joins DHNA and prenyl diphosphate to produce demethylmenaquinone (DMK), and MenG demethylates DMK to generate MK ( Fig. 1A ). Strategies have attempted to enhance DHNA supply by overexpressing individual enzymes ( 13 – 17 ) or the entire DHNA biosynthesis operon ( 14 , 18 ). However, these efforts often lead to inconsistent and modest increases in DHNA/MK levels despite upregulated transcription of the respective genes ( 14 , 15 ). Conflicting outcomes have also been reported across different studies; for example, overexpressing MenF or MenD enhanced MK production in some cases but not others ( 13 , 15 – 17 ). These data suggest that a regulatory network might exist to control DHNA and MK levels and buffer against genetic perturbations. While these regulations are physiologically plausible, as microbes must resist quinone overproduction to avoid oxidative stress and growth inhibition ( 4 ), the molecular mechanisms remain elusive. Fig 1 A biosensing system for quantitative detection of DHNA at picomolar concentration. ( A ) Schematic showing the menaquinone biosynthesis pathway. DHNA is the precursor of menaquinone. ( B ) Workflow of the DHNA biosensing system. L. lactis was incubated for 2 hours to allow DHNA synthesis. The cell-free supernatant was collected and mixed with L. plantarum and iron reduction reagents, including iron(III) oxide and ferrozine (FZ). L. plantarum utilizes DHNA secreted by L. lactis to reduce Fe 3+ to Fe 2+ . The resulting Fe 2+ reacts with ferrozine, producing a magenta color product whose absorbance correlates with DHNA concentration. ( C ) Calibration curve of DHNA concentration versus absorbance at 562 nm. L. plantarum was incubated with varying concentrations of exogenous DHNA. The [DHNA]-OD 562 curve was fitted to a non-linear function. The top panel shows a scanned image of the assay plate. ( D ) L. plantarum can detect DHNA secreted from varying cell densities of quinone-producing L. lactis but not from the deficient mutant. Δ menC + menC represents menC gene complementation under a constitutive promoter on a plasmid in the Δ menC background. DHNA concentrations were calculated based on the calibration curve in panel C . The top panel shows a scanned image of the assay plate. All data represent mean ± 1 s.d. for three biological replicates. Bacterial biosensing system detecting DHNA in menaquinone biosynthesis through L. lactis-L. plantarum interaction and iron reduction colorimetry. Calibration shows picomolar sensitivity (R²=0.99) with validation using wild-type and menC mutant strains. Previous studies shed light on the quinone regulatory mechanism, but a system-level understanding has not been achieved. Studies have revealed that MenD can be allosterically inhibited by DHNA in Staphylococcus aureus ( 19 ) and Mycobacterium tuberculosis ( 20 ), suggesting an end-product feedback mechanism. In addition, MenF is also known to be capable of catalyzing both forward and reverse conversion of chorismate to isochorismate ( 21 ). However, it is unclear how these individual mechanisms interact to control DHNA production. Here, we study one of the major quinone producers, Lactococcus lactis, and reveal a multi-layer mechanism regulating DHNA biosynthesis. Leveraging a novel biosensing system, we quantified DHNA concentration at picomolar sensitivity. We then synthetically perturbed enzyme levels on genetic constructs and found that DHNA concentration can be modulated by both MenF and MenD, but to different degrees. A mathematical model uncovers a two-phase regulatory pattern resulting from the interplay of reversible flux and end-product feedback inhibition, where the regulatory roles of MenF and MenD shift based on their relative expression levels. The model also predicts limited availability of the substrate chorismate, which restrains DHNA from being overproduced. These mechanisms can collectively contribute to quinone homeostasis and imply new strategies to efficiently engineer quinone production. RESULTS A biosensing system allows sensitive and quantitative DHNA detection Since DHNA is the common precursor for all MK derivatives, we sought to interrogate the regulatory mechanism of quinone biosynthesis by focusing on DHNA. To precisely measure DHNA concentration, we constructed a L. lactis mutant lacking DHNA-utilizing pathways. We knocked out menA (encodes for DHNA prenyltransferase) to prevent DHNA from being utilized for DMK and MK biosynthesis ( Fig. 1A ). In addition, we knocked out noxAB (encodes for NADH:quinone oxidoreductases) to prevent DHNA from interacting with quinone reductases ( 22 ) , which may otherwise alter DHNA redox state and interfere with DHNA quantification. We next developed a high-throughput method for quantitative DHNA detection. While previous studies mainly measured DHNA concentration with high-performance liquid chromatography (HPLC) ( 23 – 26 ), this approach requires complex sample preparation and purification processes and has a limited detection of 1 µM",,
reaction,/processes/reactions/18,form farnesyl diphosphate (FPP),C,single-source (review),isopentenyl diphosphate (IPP) -> farnesyl diphosphate (FPP),,,1,False,"0.4631 (heuristic, not a probability)",Physiological Roles of Short-Chain and Long-Chain Menaquinones (Vitamin K2) in <i>Lactococcus cremoris</i>. (PMC8965153) -- introduction section,"cremoris strain MG1363 and mutants. MK biosynthesis in L. cremoris / L. lactis is predicted to follow a pathway consisting of three parts: (i) synthesis of the naphthoquinone structure (the head group), (ii) synthesis of the isoprenyl side chain (the tail group), and (iii) joining of the head and tail structures giving the MK. The head group synthesis starts with chorismate generated from the Shikimate pathway with the first step catalyzed by a menaquinone-specific isochorismate synthase (predicted encoding gene is menF ), and the tail group synthesis starts with isopentenyl diphosphate (IPP), containing a single isoprene unit, generated from mevalonate pathway. For building the side chain, first a geranyltranstransferase (predicted encoding gene is ispA ) is required to form farnesyl diphosphate (FPP) containing three isoprene units. More IPP is linked to FPP to form longer isoprene chains, and this step is catalyzed by a prenyl diphosphate synthase (predicted encoding gene is llmg_0196 ). The latter enzyme also is thought to play a role in determination of the length of the isoprene chain ( Nagel et al., 2018 ; Johnston and Bulloch, 2020 ). Finally, the naphthoquinone head group – 1.4-dihydroxy-2-naphthoic acid (DHNA), and the polyprenyl tail group are combined by isoprenyl diphosphate:1,4-dihydroxy-2-naphthoate isoprenyltransferase to form demethylmenaquinone (DMK), which is methylated to give MK. Mainly MK-9, MK-8, and MK-3 are formed in original L. cremoris strain MG1363 (green box). Mutants Δ menF ,Δ ispA , and Δ llmg_0196 are expected to produce no MK, only MK-1, and only MK-3, respectively. Genes targeted in this study are shown in green color. Predicted MK production route and profiles in respective gene deletion mutants are shown in red boxes.",,
reaction,/processes/reactions/19,form longer isoprene chains,C,single-source (review),IPP + FPP -> longer isoprene chains,,,1,False,"0.4631 (heuristic, not a probability)",Physiological Roles of Short-Chain and Long-Chain Menaquinones (Vitamin K2) in <i>Lactococcus cremoris</i>. (PMC8965153) -- introduction section,"cremoris strain MG1363 and mutants. MK biosynthesis in L. cremoris / L. lactis is predicted to follow a pathway consisting of three parts: (i) synthesis of the naphthoquinone structure (the head group), (ii) synthesis of the isoprenyl side chain (the tail group), and (iii) joining of the head and tail structures giving the MK. The head group synthesis starts with chorismate generated from the Shikimate pathway with the first step catalyzed by a menaquinone-specific isochorismate synthase (predicted encoding gene is menF ), and the tail group synthesis starts with isopentenyl diphosphate (IPP), containing a single isoprene unit, generated from mevalonate pathway. For building the side chain, first a geranyltranstransferase (predicted encoding gene is ispA ) is required to form farnesyl diphosphate (FPP) containing three isoprene units. More IPP is linked to FPP to form longer isoprene chains, and this step is catalyzed by a prenyl diphosphate synthase (predicted encoding gene is llmg_0196 ). The latter enzyme also is thought to play a role in determination of the length of the isoprene chain ( Nagel et al., 2018 ; Johnston and Bulloch, 2020 ). Finally, the naphthoquinone head group – 1.4-dihydroxy-2-naphthoic acid (DHNA), and the polyprenyl tail group are combined by isoprenyl diphosphate:1,4-dihydroxy-2-naphthoate isoprenyltransferase to form demethylmenaquinone (DMK), which is methylated to give MK. Mainly MK-9, MK-8, and MK-3 are formed in original L. cremoris strain MG1363 (green box). Mutants Δ menF ,Δ ispA , and Δ llmg_0196 are expected to produce no MK, only MK-1, and only MK-3, respectively. Genes targeted in this study are shown in green color. Predicted MK production route and profiles in respective gene deletion mutants are shown in red boxes.",,
reaction,/processes/reactions/20,combine naphthoquinone head group and polyprenyl tail group,C,single-source (review),"1,4-dihydroxy-2-naphthoic acid (DHNA) + polyprenyl tail group -> demethylmenaquinone (DMK)",,,1,False,"0.4631 (heuristic, not a probability)",Physiological Roles of Short-Chain and Long-Chain Menaquinones (Vitamin K2) in <i>Lactococcus cremoris</i>. (PMC8965153) -- introduction section,"cremoris strain MG1363 and mutants. MK biosynthesis in L. cremoris / L. lactis is predicted to follow a pathway consisting of three parts: (i) synthesis of the naphthoquinone structure (the head group), (ii) synthesis of the isoprenyl side chain (the tail group), and (iii) joining of the head and tail structures giving the MK. The head group synthesis starts with chorismate generated from the Shikimate pathway with the first step catalyzed by a menaquinone-specific isochorismate synthase (predicted encoding gene is menF ), and the tail group synthesis starts with isopentenyl diphosphate (IPP), containing a single isoprene unit, generated from mevalonate pathway. For building the side chain, first a geranyltranstransferase (predicted encoding gene is ispA ) is required to form farnesyl diphosphate (FPP) containing three isoprene units. More IPP is linked to FPP to form longer isoprene chains, and this step is catalyzed by a prenyl diphosphate synthase (predicted encoding gene is llmg_0196 ). The latter enzyme also is thought to play a role in determination of the length of the isoprene chain ( Nagel et al., 2018 ; Johnston and Bulloch, 2020 ). Finally, the naphthoquinone head group – 1.4-dihydroxy-2-naphthoic acid (DHNA), and the polyprenyl tail group are combined by isoprenyl diphosphate:1,4-dihydroxy-2-naphthoate isoprenyltransferase to form demethylmenaquinone (DMK), which is methylated to give MK. Mainly MK-9, MK-8, and MK-3 are formed in original L. cremoris strain MG1363 (green box). Mutants Δ menF ,Δ ispA , and Δ llmg_0196 are expected to produce no MK, only MK-1, and only MK-3, respectively. Genes targeted in this study are shown in green color. Predicted MK production route and profiles in respective gene deletion mutants are shown in red boxes.",,
reaction,/processes/reactions/21,methylation of DMK to give MK,C,single-source (review),demethylmenaquinone (DMK) -> MK,,,1,False,"0.4631 (heuristic, not a probability)",Physiological Roles of Short-Chain and Long-Chain Menaquinones (Vitamin K2) in <i>Lactococcus cremoris</i>. (PMC8965153) -- introduction section,"cremoris strain MG1363 and mutants. MK biosynthesis in L. cremoris / L. lactis is predicted to follow a pathway consisting of three parts: (i) synthesis of the naphthoquinone structure (the head group), (ii) synthesis of the isoprenyl side chain (the tail group), and (iii) joining of the head and tail structures giving the MK. The head group synthesis starts with chorismate generated from the Shikimate pathway with the first step catalyzed by a menaquinone-specific isochorismate synthase (predicted encoding gene is menF ), and the tail group synthesis starts with isopentenyl diphosphate (IPP), containing a single isoprene unit, generated from mevalonate pathway. For building the side chain, first a geranyltranstransferase (predicted encoding gene is ispA ) is required to form farnesyl diphosphate (FPP) containing three isoprene units. More IPP is linked to FPP to form longer isoprene chains, and this step is catalyzed by a prenyl diphosphate synthase (predicted encoding gene is llmg_0196 ). The latter enzyme also is thought to play a role in determination of the length of the isoprene chain ( Nagel et al., 2018 ; Johnston and Bulloch, 2020 ). Finally, the naphthoquinone head group – 1.4-dihydroxy-2-naphthoic acid (DHNA), and the polyprenyl tail group are combined by isoprenyl diphosphate:1,4-dihydroxy-2-naphthoate isoprenyltransferase to form demethylmenaquinone (DMK), which is methylated to give MK. Mainly MK-9, MK-8, and MK-3 are formed in original L. cremoris strain MG1363 (green box). Mutants Δ menF ,Δ ispA , and Δ llmg_0196 are expected to produce no MK, only MK-1, and only MK-3, respectively. Genes targeted in this study are shown in green color. Predicted MK production route and profiles in respective gene deletion mutants are shown in red boxes.",,
reaction,/processes/reactions/22,isopentenyl diphosphate (IPP) to dimethylallyl diphosphate (DMAPP),C,single-source (review),isopentenyl diphosphate (IPP) -> dimethylallyl diphosphate (DMAPP),,,1,False,"0.4368 (heuristic, not a probability)",Combination of SPH and SP80 prolongs the lifespan of &lt;i&gt;Bacillus subtilis&lt;/i&gt; natto to enhance industrial menaquinone-7 biosynthesis. (PMC12174048) -- results section,"+ reduced to 44% ( Equations 1–3 ) ( Figure 7D ). The ratio of NADH/NAD + has been proven to be inversely proportional to MK-7 content in B. subtilis ( Wang et al., 2019 ). 3.6 SPH+SP80 affected the pathway related to the biosynthesis of MK-7 Four modules named glycerol metabolism pathway (Module I), methylerythritol phosphate (MEP) pathway (Module II), shikimate (SA) pathway (Module III), and MK-7 pathway (Module IV) were involved in the biosynthesis pathway of MK-7 in B. subtilis natto ( Figure 3A ; Yang et al., 2019 ). The different expression changes of genes involved in four modules were detected ( Supplementary Table S1 ). In Module I, three enzymes, such as glycerol kinase (GlpK), Gly-3P dehydrogenase (GlpD), and glycerol facilitator (GlpF), played crucial roles in the SPH+SP80 group because the expression of glpK, glpD , and glpF was upregulated 1.78-, 1.62-, and 1.43-fold, respectively. The change of most of the enzymes in Module II was not significant in the SPH+SP80 group ( Figures 3A , B ). Except for membrane proteins like Fni and HepS, which catalyzed a reversible reaction of isopentenyl diphosphate (IPP) to form dimethylallyl diphosphate (DMAPP), the reaction of farnesyl diphosphate (FPP) to heptaprenyl diphosphate (HDP) was upregulated 1.42-fold, and 1.16-fold, respectively. As for Module III, the expression of aroA , aroB , aroC , aroD , aroK , and aroE was upregulated 1.47-, 0.75-, 0.64-, 0.77-, 2.30-, and 0.28-fold, respectively ( Figure 3B ), which verified a previous study showing that AroA and AroK played a crucial role in the SA pathway ( Cui et al., 2019 ). The genes encoding PabA, PabB, AroH, and TrpE, which were used to synthesize aromatic amino acids such as tryptophan (Trp), tyrosine (Tyr), and phenylalanine (Phe) from chorismate, were downregulated by 36, 26, 25, and 53%, respectively. Nine enzymes (MenA, B, C, D, E, F, G, H, and I) were involved in the synthesis of 1,4-dihydroxy-2-naphthoyl-CoA (DHNA-CoA) in Module IV. Interestingly, only genes encoding membrane proteins ( menA , menB , menD , menE , and menG ) were upregulated, especially menA , menG, and menD, whose expression levels were highly regulated by 1.43-, 1.12-, and 1.47-fold, respectively, in the SPH+SP80. These results provide clues for further modification of MK-7 biosynthesis at the transcriptional level. Taken together, an active electron transfer system stimulated the expression of related genes on the cell membrane, such as ispE , hepS , aroA , aroK , menA , menD , and menG , which were key enzyme-encoding genes for synthesizing MK-7, and finally promoted the synthesis of MK-7. 4",,
reaction,/processes/reactions/23,farnesyl diphosphate (FPP) to heptaprenyl diphosphate (HDP),C,single-source (review),farnesyl diphosphate (FPP) -> heptaprenyl diphosphate (HDP),,,1,False,"0.4368 (heuristic, not a probability)",Combination of SPH and SP80 prolongs the lifespan of &lt;i&gt;Bacillus subtilis&lt;/i&gt; natto to enhance industrial menaquinone-7 biosynthesis. (PMC12174048) -- results section,"+ reduced to 44% ( Equations 1–3 ) ( Figure 7D ). The ratio of NADH/NAD + has been proven to be inversely proportional to MK-7 content in B. subtilis ( Wang et al., 2019 ). 3.6 SPH+SP80 affected the pathway related to the biosynthesis of MK-7 Four modules named glycerol metabolism pathway (Module I), methylerythritol phosphate (MEP) pathway (Module II), shikimate (SA) pathway (Module III), and MK-7 pathway (Module IV) were involved in the biosynthesis pathway of MK-7 in B. subtilis natto ( Figure 3A ; Yang et al., 2019 ). The different expression changes of genes involved in four modules were detected ( Supplementary Table S1 ). In Module I, three enzymes, such as glycerol kinase (GlpK), Gly-3P dehydrogenase (GlpD), and glycerol facilitator (GlpF), played crucial roles in the SPH+SP80 group because the expression of glpK, glpD , and glpF was upregulated 1.78-, 1.62-, and 1.43-fold, respectively. The change of most of the enzymes in Module II was not significant in the SPH+SP80 group ( Figures 3A , B ). Except for membrane proteins like Fni and HepS, which catalyzed a reversible reaction of isopentenyl diphosphate (IPP) to form dimethylallyl diphosphate (DMAPP), the reaction of farnesyl diphosphate (FPP) to heptaprenyl diphosphate (HDP) was upregulated 1.42-fold, and 1.16-fold, respectively. As for Module III, the expression of aroA , aroB , aroC , aroD , aroK , and aroE was upregulated 1.47-, 0.75-, 0.64-, 0.77-, 2.30-, and 0.28-fold, respectively ( Figure 3B ), which verified a previous study showing that AroA and AroK played a crucial role in the SA pathway ( Cui et al., 2019 ). The genes encoding PabA, PabB, AroH, and TrpE, which were used to synthesize aromatic amino acids such as tryptophan (Trp), tyrosine (Tyr), and phenylalanine (Phe) from chorismate, were downregulated by 36, 26, 25, and 53%, respectively. Nine enzymes (MenA, B, C, D, E, F, G, H, and I) were involved in the synthesis of 1,4-dihydroxy-2-naphthoyl-CoA (DHNA-CoA) in Module IV. Interestingly, only genes encoding membrane proteins ( menA , menB , menD , menE , and menG ) were upregulated, especially menA , menG, and menD, whose expression levels were highly regulated by 1.43-, 1.12-, and 1.47-fold, respectively, in the SPH+SP80. These results provide clues for further modification of MK-7 biosynthesis at the transcriptional level. Taken together, an active electron transfer system stimulated the expression of related genes on the cell membrane, such as ispE , hepS , aroA , aroK , menA , menD , and menG , which were key enzyme-encoding genes for synthesizing MK-7, and finally promoted the synthesis of MK-7. 4",,
reaction,/processes/reactions/24,chorismate -> tryptophan (Trp),C,single-source (review),chorismate -> tryptophan (Trp) + tyrosine (Tyr) + phenylalanine (Phe),,,1,False,"0.4368 (heuristic, not a probability)",Combination of SPH and SP80 prolongs the lifespan of &lt;i&gt;Bacillus subtilis&lt;/i&gt; natto to enhance industrial menaquinone-7 biosynthesis. (PMC12174048) -- results section,"+ reduced to 44% ( Equations 1–3 ) ( Figure 7D ). The ratio of NADH/NAD + has been proven to be inversely proportional to MK-7 content in B. subtilis ( Wang et al., 2019 ). 3.6 SPH+SP80 affected the pathway related to the biosynthesis of MK-7 Four modules named glycerol metabolism pathway (Module I), methylerythritol phosphate (MEP) pathway (Module II), shikimate (SA) pathway (Module III), and MK-7 pathway (Module IV) were involved in the biosynthesis pathway of MK-7 in B. subtilis natto ( Figure 3A ; Yang et al., 2019 ). The different expression changes of genes involved in four modules were detected ( Supplementary Table S1 ). In Module I, three enzymes, such as glycerol kinase (GlpK), Gly-3P dehydrogenase (GlpD), and glycerol facilitator (GlpF), played crucial roles in the SPH+SP80 group because the expression of glpK, glpD , and glpF was upregulated 1.78-, 1.62-, and 1.43-fold, respectively. The change of most of the enzymes in Module II was not significant in the SPH+SP80 group ( Figures 3A , B ). Except for membrane proteins like Fni and HepS, which catalyzed a reversible reaction of isopentenyl diphosphate (IPP) to form dimethylallyl diphosphate (DMAPP), the reaction of farnesyl diphosphate (FPP) to heptaprenyl diphosphate (HDP) was upregulated 1.42-fold, and 1.16-fold, respectively. As for Module III, the expression of aroA , aroB , aroC , aroD , aroK , and aroE was upregulated 1.47-, 0.75-, 0.64-, 0.77-, 2.30-, and 0.28-fold, respectively ( Figure 3B ), which verified a previous study showing that AroA and AroK played a crucial role in the SA pathway ( Cui et al., 2019 ). The genes encoding PabA, PabB, AroH, and TrpE, which were used to synthesize aromatic amino acids such as tryptophan (Trp), tyrosine (Tyr), and phenylalanine (Phe) from chorismate, were downregulated by 36, 26, 25, and 53%, respectively. Nine enzymes (MenA, B, C, D, E, F, G, H, and I) were involved in the synthesis of 1,4-dihydroxy-2-naphthoyl-CoA (DHNA-CoA) in Module IV. Interestingly, only genes encoding membrane proteins ( menA , menB , menD , menE , and menG ) were upregulated, especially menA , menG, and menD, whose expression levels were highly regulated by 1.43-, 1.12-, and 1.47-fold, respectively, in the SPH+SP80. These results provide clues for further modification of MK-7 biosynthesis at the transcriptional level. Taken together, an active electron transfer system stimulated the expression of related genes on the cell membrane, such as ispE , hepS , aroA , aroK , menA , menD , and menG , which were key enzyme-encoding genes for synthesizing MK-7, and finally promoted the synthesis of MK-7. 4",,
reaction,/processes/reactions/25,prenylation of DHNA to DMK,C,single-source (review),DHNA -> DMK,,,1,False,"0.6389 (heuristic, not a probability)",New aspects of microbial vitamin K2 production by expanding the product spectrum. (PMC8042841) -- results section,"results revealed that only the step reaction by MenA, i.e. the prenylation of DHNA to DMK was a rate-limiting step in the MK-7 pathway. Cui et al. [ 64 ] boosted the synthesis of MK-7 precursors in B. subtilis by overexpressing menFBE , but the results indicated that the encoded enzymes do not catalyze a rate-limiting step of MK-7 biosynthesis, which was consistent with Yang’s study mentioned before. Increasing the copy number of menA at a different locus increased the titer of MK-7 by 42 mg/L compared with the original strain [ 64 ]. These results show that MenA is a critical enzyme that can determine the efficiency of the MK-7 synthesis pathway. Although the futalosine-dependent pathway is widely investigated as a target for the development of new herbicides and antibiotics, there have been no studies on the metabolic engineering of the futalosine pathway to increase the yield of menaquinone [ 26 , 29 ]. It may be a promising strategy for the biosynthesis of vitamin K2 to combine these two MK biosynthesis pathways. Vitamin K2 and membrane engineering The bilayer membrane is not only an interface between cell and the outside environment, but also contains intricate mechanism for signal transduction, transporters, cellular communication, adhesion, etc. [ 86 , 87 ]. MK isoforms are lipid-soluble molecules that insert themselves into the bacterial cell membrane and shuttle electrons between the membrane-bound protein complexes in the electron-transport chain in many bacteria [ 41 ]. Hence, the synthesis of vitamin K2 may also affect by the state of the cell membrane, which has inspired studies of membrane engineering as a new direction for enhancing vitamin K2 biosynthesis. Wang et al. [ 2 ] found that the stable surface tension and an optimized composition of the cell membrane are beneficial to the accumulation of MK-7. Furthermore, Cui et al. [ 88 ] showed that membrane components (GO:0006810, GO:0017000, GO:0008125, GO:0031224, GO:0051234) exhibited the most significantly changed expression levels in a comparative transcriptomic analysis of the intrinsic connections between biofilm formation and MK-7 production. Overexpression of cell-membrane-associated proteins such as signal receptors (BSU02010), transmembrane transporters (BSU29340, BSU03070), and tatAD - CD (BSU02630) could improve the synthesis of MK-7. These results directly indicate that the composition and homeostasis of the cell membrane can affect MK-7 synthesis. Co-expression of tatAD - CD (BSU02630) and menaquinol-cytochrome c reductase qcrA - C using the strong P43 promoter in the previously engineered strain BS20 increased the titer of MK-7 to 410 mg/L in shake-flask culture, which is the highest MK-7 titer reported to date [ 64 , 88 ]. Similar to MK, lycopene, and carotenoids are biosynthesized from isoprene units and are accumulated in the cell membrane or neutral lipid droplets. Accordingly, there are reports that the yield of lycopene or carotenoids can be successfully improved by increasing the cellular lipid content (Fig. 3 ) [ 89 , 90 ]. Coincidentally, Hu et al. [ 91 ] supplemented soybean oil to the medium, resulting in a maximal MK-7 yield of 40.96 mg/L. Therefore, expanding the product spectrum will be useful to promote the metabolic engineering design-build-test-learn cycle and possibly increase the economic viability of microbial cell factories.",,
reaction,/processes/reactions/26,"menaquinone synthesis from acetyl-CoA, phosphoenolpyruvate and D-erythrose-4-phosphate",C,single-source (review),Acetyl-CoA + phosphoenolpyruvate + D-erythrose-4-phosphate -> menaquinones,,,1,False,"0.6326 (heuristic, not a probability)",Engineering <i>Lactococcus lactis</i> for Increased Vitamin K2 Production. (PMC7093718) -- introduction section,"value of fermented food, but until very recently there were no reports on optimization of dairy production or metabolic engineering of LAB strains to achieve higher menaquinone levels. Several genomes of the dominating vitamin K2 producing LAB, L. lactis have been sequenced, and putative genes encoding the enzymes for the individual steps of menaquinone biosynthesis annotated (Wegmann et al., 2007 ). In L. lactis menaquinones are synthesized from acetyl-CoA, phosphoenolpyruvate and D-erythrose-4-phosphate. The precursors are converted step by step to a hydrophobic polyprenyl diphosphate (PP) chain (mevalonate and polyprenyl pathways) and a hydrophilic naphtoquinone ring; 1,4-dihydroxy-2-napthoate (DHNA) (shikimate and menaquinone pathways). Finally, MenA, a DHNA polyprenyltransferase, joins the prenyl diphosphate and DHNA to form demethylmenaquinone ( Figure 1 ). The product of the shikimate pathway, chorismate, is also a substrate for synthesis of the essential aromatic amino acids (AAA) and folate and its production and further conversion is highly regulated (Dosselaere and Vanderleyden, 2001 ). For instance, the first enzyme of the shikimate pathway, 3-Deoxy-D-arabinoheptulosonate 7-phosphate synthase (DAHPS), is known to be feedback inhibited by AAA in diverse microorganisms (Mir et al., 2015 ) and similar regulatory events are likely to exist in lactococci. Chorismate is converted to DHNA through 7 enzymatic steps starting with isochorismate synthase (encoded by menF ). The polyprenyl diphosphate chain is synthesized from isopentenyl pyrophosphate (IPP) units formed through the mevalonate pathway. Six enzymatic steps, catalyzed by 3-ketoacyl-CoA thiolase ( thiL ), hydroxymethylglutaryl-CoA synthase ( hmcM ), hydroxymethylglutaryl-CoA reductase ( mvaA ), mevalonate kinase ( mvk ), phosphomevalonate kinase ( pmk ), and diphosphomevalonate decarboxylase ( mvaD ) are required to convert acetyl-CoA into IPP (C5). These reactions constitute the most energy- and substrate-consuming part of menaquinone synthesis as they require 3 acetyl-CoA, 3 ATP, and 1 NADPH per IPP formed. The geranyltranstransferase ( ispA ) and isopentenyl-diphosphate delta-isomerase ( fni ) then combine IPP units into FPP (farnesyl diphosphate, C15). FPP is a scaffold for further lengthening of the prenyl diphosphate chain by consecutive addition of IPP units to make the all-trans polyprenyl diphosphate (for MK-n production) or di-trans, poly-cis-undecaprenyl pyrophosphate (UPP, C55). UPP is essential for lactococci as it is a substrate for synthesis of peptidoglycan (Bouhss et al., 2008 ). In L. lactis 2 genomic loci encode possible prenyl diphosphate synthases. The gerCA ( llmg_1111 ) and ispB ( llmg_1110 ) locus encodes proteins with homology to 2-component heptaprenyl diphosphate synthases. The gene llmg_0196 is in an operon with menA (DHNA polyprenyltransferase) and encodes a putative geranylgeranyl pyrophosphate synthase. In L. lactis ssp. lactis the gene and gene product of llmg_0196 are called preA and PreA and we will hereafter employ these names also for L. lactis ssp. cremoris MG1363. Figure 1 The lactococcal biosynthetic pathways for menaquinone(s). Intermediates that are substrates for competing essential pathways are shown as branched points (chorismate and FPP). IPP, isopentenyl pyrophosphate; FPP, farnesyl pyrophosphate; UPP, undecaprenyl pyrophosphate. Menaquinones play an essential role in electron transport but are not essential for fermentative growth in L. lactis (Rezaiki et al., 2008 ). However, in the presence of heme L. lactis can produce cytochrome and a functional electron transport chain enabling respiratory growth resulting in improved growth and survival in stationary phase (Sijpesteijn, 1970 ; Duwat et al., 2001 ; Gaudu et al., 2002 ; Rezaiki et al., 2008 ; Brooijmans et al., 2009 ). In addition, menaquinones can reduce both Fe and Cu and might be important for assimilation of metals (Rezaiki et al., 2008 ). The levels of menaquinone found in L. lactis are strain-dependent and vary in response to aerobic vs. anaerobic conditions as well as culture medium, carbon source and temperature. In L. lactis MK-9 is produced as the dominating menaquinone species, but minor amounts of MK-3, MK-7, MK-8 and MK-10 are also formed (Morishita et al., 1999 ; Rezaiki et al., 2008 ; Brooijmans et al., 2009 ). One recent study show that adjusting fermentation parameters like preculture conditions, carbon source and temperature result in up to 50% increase of vitamin K2 in fermented milk (Liu et al., 2019 ). However, there are no other reports available describing how to increase strain performance or optimize conditions to elevate menaquinone content during food fermentations, neither is information on the contribution of each enzyme to the biosynthetic pathway of menaquinones in lactococci. Such knowledge could be helpful in selecting the optimal lactococci for fermentation of milk into a product with higher functional value regarding vitamin K2. Therefore, in the present study several genes of the biosynthetic pathway of menaquinones in L. lactis ssp. cremoris MG1363 were overexpressed singly or in combination to investigate their potential to raise menaquinone levels. We identify bottle-necks and key genes for biosynthesis of menaquinones in MG1363 and thereby provide a foundation for development of strains capable of higher K2-production during food",,
reaction,/processes/reactions/27,conversion of acetyl-CoA into IPP,C,single-source (review),3.0 Acetyl-CoA + 3.0 ATP + NADPH -> IPP,,,1,False,"0.6326 (heuristic, not a probability)",Engineering <i>Lactococcus lactis</i> for Increased Vitamin K2 Production. (PMC7093718) -- introduction section,"value of fermented food, but until very recently there were no reports on optimization of dairy production or metabolic engineering of LAB strains to achieve higher menaquinone levels. Several genomes of the dominating vitamin K2 producing LAB, L. lactis have been sequenced, and putative genes encoding the enzymes for the individual steps of menaquinone biosynthesis annotated (Wegmann et al., 2007 ). In L. lactis menaquinones are synthesized from acetyl-CoA, phosphoenolpyruvate and D-erythrose-4-phosphate. The precursors are converted step by step to a hydrophobic polyprenyl diphosphate (PP) chain (mevalonate and polyprenyl pathways) and a hydrophilic naphtoquinone ring; 1,4-dihydroxy-2-napthoate (DHNA) (shikimate and menaquinone pathways). Finally, MenA, a DHNA polyprenyltransferase, joins the prenyl diphosphate and DHNA to form demethylmenaquinone ( Figure 1 ). The product of the shikimate pathway, chorismate, is also a substrate for synthesis of the essential aromatic amino acids (AAA) and folate and its production and further conversion is highly regulated (Dosselaere and Vanderleyden, 2001 ). For instance, the first enzyme of the shikimate pathway, 3-Deoxy-D-arabinoheptulosonate 7-phosphate synthase (DAHPS), is known to be feedback inhibited by AAA in diverse microorganisms (Mir et al., 2015 ) and similar regulatory events are likely to exist in lactococci. Chorismate is converted to DHNA through 7 enzymatic steps starting with isochorismate synthase (encoded by menF ). The polyprenyl diphosphate chain is synthesized from isopentenyl pyrophosphate (IPP) units formed through the mevalonate pathway. Six enzymatic steps, catalyzed by 3-ketoacyl-CoA thiolase ( thiL ), hydroxymethylglutaryl-CoA synthase ( hmcM ), hydroxymethylglutaryl-CoA reductase ( mvaA ), mevalonate kinase ( mvk ), phosphomevalonate kinase ( pmk ), and diphosphomevalonate decarboxylase ( mvaD ) are required to convert acetyl-CoA into IPP (C5). These reactions constitute the most energy- and substrate-consuming part of menaquinone synthesis as they require 3 acetyl-CoA, 3 ATP, and 1 NADPH per IPP formed. The geranyltranstransferase ( ispA ) and isopentenyl-diphosphate delta-isomerase ( fni ) then combine IPP units into FPP (farnesyl diphosphate, C15). FPP is a scaffold for further lengthening of the prenyl diphosphate chain by consecutive addition of IPP units to make the all-trans polyprenyl diphosphate (for MK-n production) or di-trans, poly-cis-undecaprenyl pyrophosphate (UPP, C55). UPP is essential for lactococci as it is a substrate for synthesis of peptidoglycan (Bouhss et al., 2008 ). In L. lactis 2 genomic loci encode possible prenyl diphosphate synthases. The gerCA ( llmg_1111 ) and ispB ( llmg_1110 ) locus encodes proteins with homology to 2-component heptaprenyl diphosphate synthases. The gene llmg_0196 is in an operon with menA (DHNA polyprenyltransferase) and encodes a putative geranylgeranyl pyrophosphate synthase. In L. lactis ssp. lactis the gene and gene product of llmg_0196 are called preA and PreA and we will hereafter employ these names also for L. lactis ssp. cremoris MG1363. Figure 1 The lactococcal biosynthetic pathways for menaquinone(s). Intermediates that are substrates for competing essential pathways are shown as branched points (chorismate and FPP). IPP, isopentenyl pyrophosphate; FPP, farnesyl pyrophosphate; UPP, undecaprenyl pyrophosphate. Menaquinones play an essential role in electron transport but are not essential for fermentative growth in L. lactis (Rezaiki et al., 2008 ). However, in the presence of heme L. lactis can produce cytochrome and a functional electron transport chain enabling respiratory growth resulting in improved growth and survival in stationary phase (Sijpesteijn, 1970 ; Duwat et al., 2001 ; Gaudu et al., 2002 ; Rezaiki et al., 2008 ; Brooijmans et al., 2009 ). In addition, menaquinones can reduce both Fe and Cu and might be important for assimilation of metals (Rezaiki et al., 2008 ). The levels of menaquinone found in L. lactis are strain-dependent and vary in response to aerobic vs. anaerobic conditions as well as culture medium, carbon source and temperature. In L. lactis MK-9 is produced as the dominating menaquinone species, but minor amounts of MK-3, MK-7, MK-8 and MK-10 are also formed (Morishita et al., 1999 ; Rezaiki et al., 2008 ; Brooijmans et al., 2009 ). One recent study show that adjusting fermentation parameters like preculture conditions, carbon source and temperature result in up to 50% increase of vitamin K2 in fermented milk (Liu et al., 2019 ). However, there are no other reports available describing how to increase strain performance or optimize conditions to elevate menaquinone content during food fermentations, neither is information on the contribution of each enzyme to the biosynthetic pathway of menaquinones in lactococci. Such knowledge could be helpful in selecting the optimal lactococci for fermentation of milk into a product with higher functional value regarding vitamin K2. Therefore, in the present study several genes of the biosynthetic pathway of menaquinones in L. lactis ssp. cremoris MG1363 were overexpressed singly or in combination to investigate their potential to raise menaquinone levels. We identify bottle-necks and key genes for biosynthesis of menaquinones in MG1363 and thereby provide a foundation for development of strains capable of higher K2-production during food",,
reaction,/processes/reactions/28,combination of IPP units into FPP,C,single-source (review),IPP -> FPP,,,1,False,"0.6326 (heuristic, not a probability)",Engineering <i>Lactococcus lactis</i> for Increased Vitamin K2 Production. (PMC7093718) -- introduction section,"value of fermented food, but until very recently there were no reports on optimization of dairy production or metabolic engineering of LAB strains to achieve higher menaquinone levels. Several genomes of the dominating vitamin K2 producing LAB, L. lactis have been sequenced, and putative genes encoding the enzymes for the individual steps of menaquinone biosynthesis annotated (Wegmann et al., 2007 ). In L. lactis menaquinones are synthesized from acetyl-CoA, phosphoenolpyruvate and D-erythrose-4-phosphate. The precursors are converted step by step to a hydrophobic polyprenyl diphosphate (PP) chain (mevalonate and polyprenyl pathways) and a hydrophilic naphtoquinone ring; 1,4-dihydroxy-2-napthoate (DHNA) (shikimate and menaquinone pathways). Finally, MenA, a DHNA polyprenyltransferase, joins the prenyl diphosphate and DHNA to form demethylmenaquinone ( Figure 1 ). The product of the shikimate pathway, chorismate, is also a substrate for synthesis of the essential aromatic amino acids (AAA) and folate and its production and further conversion is highly regulated (Dosselaere and Vanderleyden, 2001 ). For instance, the first enzyme of the shikimate pathway, 3-Deoxy-D-arabinoheptulosonate 7-phosphate synthase (DAHPS), is known to be feedback inhibited by AAA in diverse microorganisms (Mir et al., 2015 ) and similar regulatory events are likely to exist in lactococci. Chorismate is converted to DHNA through 7 enzymatic steps starting with isochorismate synthase (encoded by menF ). The polyprenyl diphosphate chain is synthesized from isopentenyl pyrophosphate (IPP) units formed through the mevalonate pathway. Six enzymatic steps, catalyzed by 3-ketoacyl-CoA thiolase ( thiL ), hydroxymethylglutaryl-CoA synthase ( hmcM ), hydroxymethylglutaryl-CoA reductase ( mvaA ), mevalonate kinase ( mvk ), phosphomevalonate kinase ( pmk ), and diphosphomevalonate decarboxylase ( mvaD ) are required to convert acetyl-CoA into IPP (C5). These reactions constitute the most energy- and substrate-consuming part of menaquinone synthesis as they require 3 acetyl-CoA, 3 ATP, and 1 NADPH per IPP formed. The geranyltranstransferase ( ispA ) and isopentenyl-diphosphate delta-isomerase ( fni ) then combine IPP units into FPP (farnesyl diphosphate, C15). FPP is a scaffold for further lengthening of the prenyl diphosphate chain by consecutive addition of IPP units to make the all-trans polyprenyl diphosphate (for MK-n production) or di-trans, poly-cis-undecaprenyl pyrophosphate (UPP, C55). UPP is essential for lactococci as it is a substrate for synthesis of peptidoglycan (Bouhss et al., 2008 ). In L. lactis 2 genomic loci encode possible prenyl diphosphate synthases. The gerCA ( llmg_1111 ) and ispB ( llmg_1110 ) locus encodes proteins with homology to 2-component heptaprenyl diphosphate synthases. The gene llmg_0196 is in an operon with menA (DHNA polyprenyltransferase) and encodes a putative geranylgeranyl pyrophosphate synthase. In L. lactis ssp. lactis the gene and gene product of llmg_0196 are called preA and PreA and we will hereafter employ these names also for L. lactis ssp. cremoris MG1363. Figure 1 The lactococcal biosynthetic pathways for menaquinone(s). Intermediates that are substrates for competing essential pathways are shown as branched points (chorismate and FPP). IPP, isopentenyl pyrophosphate; FPP, farnesyl pyrophosphate; UPP, undecaprenyl pyrophosphate. Menaquinones play an essential role in electron transport but are not essential for fermentative growth in L. lactis (Rezaiki et al., 2008 ). However, in the presence of heme L. lactis can produce cytochrome and a functional electron transport chain enabling respiratory growth resulting in improved growth and survival in stationary phase (Sijpesteijn, 1970 ; Duwat et al., 2001 ; Gaudu et al., 2002 ; Rezaiki et al., 2008 ; Brooijmans et al., 2009 ). In addition, menaquinones can reduce both Fe and Cu and might be important for assimilation of metals (Rezaiki et al., 2008 ). The levels of menaquinone found in L. lactis are strain-dependent and vary in response to aerobic vs. anaerobic conditions as well as culture medium, carbon source and temperature. In L. lactis MK-9 is produced as the dominating menaquinone species, but minor amounts of MK-3, MK-7, MK-8 and MK-10 are also formed (Morishita et al., 1999 ; Rezaiki et al., 2008 ; Brooijmans et al., 2009 ). One recent study show that adjusting fermentation parameters like preculture conditions, carbon source and temperature result in up to 50% increase of vitamin K2 in fermented milk (Liu et al., 2019 ). However, there are no other reports available describing how to increase strain performance or optimize conditions to elevate menaquinone content during food fermentations, neither is information on the contribution of each enzyme to the biosynthetic pathway of menaquinones in lactococci. Such knowledge could be helpful in selecting the optimal lactococci for fermentation of milk into a product with higher functional value regarding vitamin K2. Therefore, in the present study several genes of the biosynthetic pathway of menaquinones in L. lactis ssp. cremoris MG1363 were overexpressed singly or in combination to investigate their potential to raise menaquinone levels. We identify bottle-necks and key genes for biosynthesis of menaquinones in MG1363 and thereby provide a foundation for development of strains capable of higher K2-production during food",,
reaction,/processes/reactions/29,lengthening of the prenyl diphosphate chain,C,single-source (review),"IPP -> all-trans polyprenyl diphosphate + di-trans, poly-cis-undecaprenyl pyrophosphate (UPP)",,,1,False,"0.6326 (heuristic, not a probability)",Engineering <i>Lactococcus lactis</i> for Increased Vitamin K2 Production. (PMC7093718) -- introduction section,"value of fermented food, but until very recently there were no reports on optimization of dairy production or metabolic engineering of LAB strains to achieve higher menaquinone levels. Several genomes of the dominating vitamin K2 producing LAB, L. lactis have been sequenced, and putative genes encoding the enzymes for the individual steps of menaquinone biosynthesis annotated (Wegmann et al., 2007 ). In L. lactis menaquinones are synthesized from acetyl-CoA, phosphoenolpyruvate and D-erythrose-4-phosphate. The precursors are converted step by step to a hydrophobic polyprenyl diphosphate (PP) chain (mevalonate and polyprenyl pathways) and a hydrophilic naphtoquinone ring; 1,4-dihydroxy-2-napthoate (DHNA) (shikimate and menaquinone pathways). Finally, MenA, a DHNA polyprenyltransferase, joins the prenyl diphosphate and DHNA to form demethylmenaquinone ( Figure 1 ). The product of the shikimate pathway, chorismate, is also a substrate for synthesis of the essential aromatic amino acids (AAA) and folate and its production and further conversion is highly regulated (Dosselaere and Vanderleyden, 2001 ). For instance, the first enzyme of the shikimate pathway, 3-Deoxy-D-arabinoheptulosonate 7-phosphate synthase (DAHPS), is known to be feedback inhibited by AAA in diverse microorganisms (Mir et al., 2015 ) and similar regulatory events are likely to exist in lactococci. Chorismate is converted to DHNA through 7 enzymatic steps starting with isochorismate synthase (encoded by menF ). The polyprenyl diphosphate chain is synthesized from isopentenyl pyrophosphate (IPP) units formed through the mevalonate pathway. Six enzymatic steps, catalyzed by 3-ketoacyl-CoA thiolase ( thiL ), hydroxymethylglutaryl-CoA synthase ( hmcM ), hydroxymethylglutaryl-CoA reductase ( mvaA ), mevalonate kinase ( mvk ), phosphomevalonate kinase ( pmk ), and diphosphomevalonate decarboxylase ( mvaD ) are required to convert acetyl-CoA into IPP (C5). These reactions constitute the most energy- and substrate-consuming part of menaquinone synthesis as they require 3 acetyl-CoA, 3 ATP, and 1 NADPH per IPP formed. The geranyltranstransferase ( ispA ) and isopentenyl-diphosphate delta-isomerase ( fni ) then combine IPP units into FPP (farnesyl diphosphate, C15). FPP is a scaffold for further lengthening of the prenyl diphosphate chain by consecutive addition of IPP units to make the all-trans polyprenyl diphosphate (for MK-n production) or di-trans, poly-cis-undecaprenyl pyrophosphate (UPP, C55). UPP is essential for lactococci as it is a substrate for synthesis of peptidoglycan (Bouhss et al., 2008 ). In L. lactis 2 genomic loci encode possible prenyl diphosphate synthases. The gerCA ( llmg_1111 ) and ispB ( llmg_1110 ) locus encodes proteins with homology to 2-component heptaprenyl diphosphate synthases. The gene llmg_0196 is in an operon with menA (DHNA polyprenyltransferase) and encodes a putative geranylgeranyl pyrophosphate synthase. In L. lactis ssp. lactis the gene and gene product of llmg_0196 are called preA and PreA and we will hereafter employ these names also for L. lactis ssp. cremoris MG1363. Figure 1 The lactococcal biosynthetic pathways for menaquinone(s). Intermediates that are substrates for competing essential pathways are shown as branched points (chorismate and FPP). IPP, isopentenyl pyrophosphate; FPP, farnesyl pyrophosphate; UPP, undecaprenyl pyrophosphate. Menaquinones play an essential role in electron transport but are not essential for fermentative growth in L. lactis (Rezaiki et al., 2008 ). However, in the presence of heme L. lactis can produce cytochrome and a functional electron transport chain enabling respiratory growth resulting in improved growth and survival in stationary phase (Sijpesteijn, 1970 ; Duwat et al., 2001 ; Gaudu et al., 2002 ; Rezaiki et al., 2008 ; Brooijmans et al., 2009 ). In addition, menaquinones can reduce both Fe and Cu and might be important for assimilation of metals (Rezaiki et al., 2008 ). The levels of menaquinone found in L. lactis are strain-dependent and vary in response to aerobic vs. anaerobic conditions as well as culture medium, carbon source and temperature. In L. lactis MK-9 is produced as the dominating menaquinone species, but minor amounts of MK-3, MK-7, MK-8 and MK-10 are also formed (Morishita et al., 1999 ; Rezaiki et al., 2008 ; Brooijmans et al., 2009 ). One recent study show that adjusting fermentation parameters like preculture conditions, carbon source and temperature result in up to 50% increase of vitamin K2 in fermented milk (Liu et al., 2019 ). However, there are no other reports available describing how to increase strain performance or optimize conditions to elevate menaquinone content during food fermentations, neither is information on the contribution of each enzyme to the biosynthetic pathway of menaquinones in lactococci. Such knowledge could be helpful in selecting the optimal lactococci for fermentation of milk into a product with higher functional value regarding vitamin K2. Therefore, in the present study several genes of the biosynthetic pathway of menaquinones in L. lactis ssp. cremoris MG1363 were overexpressed singly or in combination to investigate their potential to raise menaquinone levels. We identify bottle-necks and key genes for biosynthesis of menaquinones in MG1363 and thereby provide a foundation for development of strains capable of higher K2-production during food",,
reaction,/processes/reactions/30,demethylmenaquinone methylation,C,single-source (review),demethylmenaquinone -> menaquinone,,,1,False,"0.5379 (heuristic, not a probability)",Analysis and Reconstitution of the Menaquinone Biosynthesis Pathway in &lt;i&gt;Lactiplantibacillus plantarum&lt;/i&gt; and &lt;i&gt;Lentilactibacillus buchneri&lt;/i&gt;. (PMC8303990) -- figure section,"Figure 3 a). The menG gene encodes demethylmenaquinone methyltransferase (MenG), which adds a methyl group to the aromatic ring of demethylmenaquinone (DMK) and is the final step of menaquinone biosynthesis [ 32 , 33 ]. The functional verification of the menA genes from Lactipl . plantarum WCFS1 and",,
reaction,/processes/reactions/31,joining of the prenyl diphosphate chain and DHNA resulting in demethylated menaquinone,C,single-source (review),prenyl diphosphate chain + DHNA -> demethylated menaquinone,,,1,False,"0.5743 (heuristic, not a probability)",Engineering <i>Lactococcus lactis</i> for Increased Vitamin K2 Production. (PMC7093718) -- figure section,"Figure 2A ). The second gene chosen for overexpression, menA , encodes the DHNA polyprenyltransferase catalyzing the joining of the prenyl diphosphate chain and DHNA resulting in demethylated menaquinone. The content of MK7-9 in L. lactis expressing this gene from P32 on pMG36e was also higher ( p -",,
entity,/entities/compounds/0,"1,4-dihydroxy-2-naphthoic acid (DHNA)",C,single-source (review),,,,1,False,"0.4631 (heuristic, not a probability)",Physiological Roles of Short-Chain and Long-Chain Menaquinones (Vitamin K2) in <i>Lactococcus cremoris</i>. (PMC8965153) -- introduction section,"cremoris strain MG1363 and mutants. MK biosynthesis in L. cremoris / L. lactis is predicted to follow a pathway consisting of three parts: (i) synthesis of the naphthoquinone structure (the head group), (ii) synthesis of the isoprenyl side chain (the tail group), and (iii) joining of the head and tail structures giving the MK. The head group synthesis starts with chorismate generated from the Shikimate pathway with the first step catalyzed by a menaquinone-specific isochorismate synthase (predicted encoding gene is menF ), and the tail group synthesis starts with isopentenyl diphosphate (IPP), containing a single isoprene unit, generated from mevalonate pathway. For building the side chain, first a geranyltranstransferase (predicted encoding gene is ispA ) is required to form farnesyl diphosphate (FPP) containing three isoprene units. More IPP is linked to FPP to form longer isoprene chains, and this step is catalyzed by a prenyl diphosphate synthase (predicted encoding gene is llmg_0196 ). The latter enzyme also is thought to play a role in determination of the length of the isoprene chain ( Nagel et al., 2018 ; Johnston and Bulloch, 2020 ). Finally, the naphthoquinone head group – 1.4-dihydroxy-2-naphthoic acid (DHNA), and the polyprenyl tail group are combined by isoprenyl diphosphate:1,4-dihydroxy-2-naphthoate isoprenyltransferase to form demethylmenaquinone (DMK), which is methylated to give MK. Mainly MK-9, MK-8, and MK-3 are formed in original L. cremoris strain MG1363 (green box). Mutants Δ menF ,Δ ispA , and Δ llmg_0196 are expected to produce no MK, only MK-1, and only MK-3, respectively. Genes targeted in this study are shown in green color. Predicted MK production route and profiles in respective gene deletion mutants are shown in red boxes.",,
entity,/entities/compounds/1,"2-succinyl-5-enolpyruvyl-6-hydroxy-3-cyclohexene-1-carboxylate (SEPHCHC, C)",A,DB-grounded,,40742,pathbank_compound_id,1,False,"0.759 (heuristic, not a probability)",DHNA biosynthesis (menaquinone precursor) (seed_paper) -- discussion section,"mM17 + 2.5 µL AFC, or 90 µL mM17. The final concentrations of AFC were 2, 1, or 0 mM, with an initial cell OD 600 = 0.1. The plate was sealed with a transparent PCR plate seal (Axygen), and the OD 600 was monitored using a Byonoy Absorbance 96 plate reader in the anaerobic chamber. Steady-state chemical kinetics analysis Model 1 To elucidate the rate-limiting step in the biosynthesis of DHNA from chorismate in L. lactis , we employed a steady-state modeling approach using Michaelis-Menten kinetics. We simplified notation by assigning capital letters to intermediates in the pathway as follows: A for chorismate, B for isochorismate, C for SEPHCHC, D for SHCHC, E for OSB, F for OSB-CoA, and G for DHNA-CoA. The enzyme MenF catalyzes a reversible reaction converting chorismate (A) to isochorismate (B) ( 43 ), and the isochorismate (B) production rate can be expressed as follows: (2) v B = ( k 2 [ M e n F ] [ A ] K M , 1 F − k − 1 [ M e n F ] [ B ] K M , 2 F ) 1 + [ A ] K M , 1 F + [ B ] K M , 2 F where k 2 and k - 1 are the forward and reverse rate constants for the MenF-catalyzed step, and K M , 1 F , K M , 2 F are the Michaelis constants for chorismate (A) and isochorismate (B), respectively. Subsequently, MenD facilitates the conversion of isochorismate (B) to 2-succinyl-5-enolpyruvyl-6-hydroxy-3-cyclohexene-1-carboxylate (SEPHCHC, C), with DHNA acting as a non-competitive inhibitor ( 19 , 20 ), and the SEPHCHC (C) production rate can be expressed as follows: (3) v C = k c a t D [ M e n D ] [ B ] ( 1 + [ D H N A ] K i ) K M D + ( 1 + [ D H N A ] K i ) [ B ] where k c a t D is the catalytic turnover number for MenD, K M D is the Michaelis constant for isochorismate (B), and K i is the inhibition constant for DHNA. Other enzymes involved, namely, MenH, MenC, MenE, MenB, and MenI, are modeled using Michaelis-Menten kinetics, and their production rates can be expressed as follows: (4) v α = k c a t α [ E n z y m e ] [ S u b s t r a t e ] K M α + [ S u b s t r a t e ] where superscript α = H, C, E, B, and I stands for MenH, MenC, MenE, MenB, and MenI, respectively. For each enzyme, k c a t α [ E n z y m e ] = V m a x α . In the first model, we set the chorismate concentration as a constant. The DHNA diffusion through the membrane occurs at a rate k D H N A . The dynamic equations are as follows: (5) d [ B ] d t = ( k 2 [ M e n F ] [ A ] K M , 1 F − k − 1 [ M e n F ] [ B ] K M , 2 F ) 1 + [ A ] K M , 1 F + [ B ] K M , 2 F − k c a t D [ M e n D ] [ B ] ( 1 + [ D H N A ] K i ) K M D + ( 1 + [ D H N A ] K i ) [ B ] = 0 (6) d [ C ] d t = k c a t D [ M e n D ] [ B ] ( 1 + [ D H N A ] K i ) K M D + ( 1 + [ D H N A ] K i ) [ B ] − k c a t H [ M e n H ] [ C ] K M H + [ C ] = 0 (7) d [ D ] d t = k c a t H [ M e n H ] [ C ] K M H + [ C ] − k c a t C [ M e n C ] [ D ] K M C + [ D ] = 0 (8) d [ E ] d t = k c a t C [ M e n C ] [ D ] K M C + [ D ] − k c a t E [ M e n E ] [ E ] K M E + [ E",,
entity,/entities/compounds/2,A,A,DB-grounded,,112979,pathbank_compound_id,1,False,"0.6798 (heuristic, not a probability)",DHNA biosynthesis (menaquinone precursor) (seed_paper) -- discussion section,"K M D K m , 1 F ) 2 When [ B ] ≪ K M , 2 F , DHNA concentration becomes regulated solely by MenF, (22) [ D H N A ] i n = k 2 [ A ] k D H N A K M , 1 F ( 1 + [ A ] K M , 1 F ) [ M e n F ] and the critical ratio of [MenD] to [MenF] 2 that depicts the dominance of MenF in the reaction flux can be described by the following boundary condition: (23) [ M e n D ] [ M e n F ] 2 ≫ k 2 2 [ A ] 2 2 k D H N A k c a t D K i ( K M , 1 F ) 2 Although this model could explain the conditions where MenD or MenF become saturated and cannot regulate the DHNA biosynthesis, it cannot explain why perturbation of MenFD does not affect DHNA production. The saturation in MenFD catalysis suggests that the DHNA biosynthesis is also limited by a bottleneck at the chorismate production. Model 2 Assuming a constant chorismate production rate J 0 and a cumulative chorismate consumption rate k A by other pathways, the differential equation for chorismate becomes the following: (24) d [ A ] d t = J 0 − k A [ A ] − ( k 2 [ M e n F ] [ A ] K M , 1 F − k − 1 [ M e n F ] [ B ] K M , 2 F ) 1 + [ A ] K M , 1 2 + [ B ] K M , 2 F ≡ J 0 − J o t h e r − J D H N A = 0 where J D H N A = ( k 2 [ M e n F ] [ A ] K M , 1 F − k − 1 [ M e n F ] [ B ] K M , 2 F ) 1 + [ A ] K M , 1 2 + [ B ] K M , 2 F is the DHNA pathway flux, and J o t h e r = k A [ A ] is the flux for the other pathways. The model becomes the following: (25) ( J 0 [ A ] − k A ) [ A ] = ( k 2 [ M e n F ] [ A ] K M , 1 F − k − 1 [ M e n F ] [ B ] K M , 2 F ) 1 + [ A ] K M , 1 F + [ B ] K M , 2 F = k cat D [ M e n D ] [ B ] ( 1 + [ D H N A ] K i ) K M D + ( 1 + [ D H N A ] K i ) [ B ] = k D H N A [ D H N A ] i n Substrate-limited condition When the pathway for DHNA biosynthesis is dominant, such that the initial rate of substrate conversion ( J 0 A ) significantly exceeds the reaction rate of the other pathways ( k A ), the DHNA concentration reaches a maximum, calculated as the following: (26) [ D H N A ] i n m a x = J 0 k D H N A which is the maximum DHNA concentration we can get. Regulation under low substrate utilization By contrast, when the pathway utilizes a minimal amount of chorismate compared to other pathways, chorismate concentration is described by the following: (27) [ A ] = J 0 k A Under this condition, Model 2 can be unified with Model 1 by replacing [ A ] with J 0 k A in equation 13 . Model 1 is a special case of Model 2 when J 0 ≫ J D H N A , i.e., when DHNA biosynthesis does not significantly affect [ A ] . Numerical simulation To simulate the steady-state concentration of DHNA with given MenF and MenD concentrations, we use the parameters from the literature outlined in Table 1 , as well as our experimental parameters outlined in Table 2 . TABLE 1 Parameters from the literature Parameter Value Organism Condition Reference K M , 1 F 166.9 µM Escherichia coli pH = 7.5, 37°C ( 43 ) K M , 2 F 119 µM k 2 144.9 min −1 k - 1 3.8 min −1 K M D 53 nM Escherichia coli pH = 7.8, 22.5°C ( 47 ) k c a t D",,
entity,/entities/compounds/3,all-trans polyprenyl diphosphate,C,single-source (review),,,,1,False,"0.6326 (heuristic, not a probability)",Engineering <i>Lactococcus lactis</i> for Increased Vitamin K2 Production. (PMC7093718) -- introduction section,"value of fermented food, but until very recently there were no reports on optimization of dairy production or metabolic engineering of LAB strains to achieve higher menaquinone levels. Several genomes of the dominating vitamin K2 producing LAB, L. lactis have been sequenced, and putative genes encoding the enzymes for the individual steps of menaquinone biosynthesis annotated (Wegmann et al., 2007 ). In L. lactis menaquinones are synthesized from acetyl-CoA, phosphoenolpyruvate and D-erythrose-4-phosphate. The precursors are converted step by step to a hydrophobic polyprenyl diphosphate (PP) chain (mevalonate and polyprenyl pathways) and a hydrophilic naphtoquinone ring; 1,4-dihydroxy-2-napthoate (DHNA) (shikimate and menaquinone pathways). Finally, MenA, a DHNA polyprenyltransferase, joins the prenyl diphosphate and DHNA to form demethylmenaquinone ( Figure 1 ). The product of the shikimate pathway, chorismate, is also a substrate for synthesis of the essential aromatic amino acids (AAA) and folate and its production and further conversion is highly regulated (Dosselaere and Vanderleyden, 2001 ). For instance, the first enzyme of the shikimate pathway, 3-Deoxy-D-arabinoheptulosonate 7-phosphate synthase (DAHPS), is known to be feedback inhibited by AAA in diverse microorganisms (Mir et al., 2015 ) and similar regulatory events are likely to exist in lactococci. Chorismate is converted to DHNA through 7 enzymatic steps starting with isochorismate synthase (encoded by menF ). The polyprenyl diphosphate chain is synthesized from isopentenyl pyrophosphate (IPP) units formed through the mevalonate pathway. Six enzymatic steps, catalyzed by 3-ketoacyl-CoA thiolase ( thiL ), hydroxymethylglutaryl-CoA synthase ( hmcM ), hydroxymethylglutaryl-CoA reductase ( mvaA ), mevalonate kinase ( mvk ), phosphomevalonate kinase ( pmk ), and diphosphomevalonate decarboxylase ( mvaD ) are required to convert acetyl-CoA into IPP (C5). These reactions constitute the most energy- and substrate-consuming part of menaquinone synthesis as they require 3 acetyl-CoA, 3 ATP, and 1 NADPH per IPP formed. The geranyltranstransferase ( ispA ) and isopentenyl-diphosphate delta-isomerase ( fni ) then combine IPP units into FPP (farnesyl diphosphate, C15). FPP is a scaffold for further lengthening of the prenyl diphosphate chain by consecutive addition of IPP units to make the all-trans polyprenyl diphosphate (for MK-n production) or di-trans, poly-cis-undecaprenyl pyrophosphate (UPP, C55). UPP is essential for lactococci as it is a substrate for synthesis of peptidoglycan (Bouhss et al., 2008 ). In L. lactis 2 genomic loci encode possible prenyl diphosphate synthases. The gerCA ( llmg_1111 ) and ispB ( llmg_1110 ) locus encodes proteins with homology to 2-component heptaprenyl diphosphate synthases. The gene llmg_0196 is in an operon with menA (DHNA polyprenyltransferase) and encodes a putative geranylgeranyl pyrophosphate synthase. In L. lactis ssp. lactis the gene and gene product of llmg_0196 are called preA and PreA and we will hereafter employ these names also for L. lactis ssp. cremoris MG1363. Figure 1 The lactococcal biosynthetic pathways for menaquinone(s). Intermediates that are substrates for competing essential pathways are shown as branched points (chorismate and FPP). IPP, isopentenyl pyrophosphate; FPP, farnesyl pyrophosphate; UPP, undecaprenyl pyrophosphate. Menaquinones play an essential role in electron transport but are not essential for fermentative growth in L. lactis (Rezaiki et al., 2008 ). However, in the presence of heme L. lactis can produce cytochrome and a functional electron transport chain enabling respiratory growth resulting in improved growth and survival in stationary phase (Sijpesteijn, 1970 ; Duwat et al., 2001 ; Gaudu et al., 2002 ; Rezaiki et al., 2008 ; Brooijmans et al., 2009 ). In addition, menaquinones can reduce both Fe and Cu and might be important for assimilation of metals (Rezaiki et al., 2008 ). The levels of menaquinone found in L. lactis are strain-dependent and vary in response to aerobic vs. anaerobic conditions as well as culture medium, carbon source and temperature. In L. lactis MK-9 is produced as the dominating menaquinone species, but minor amounts of MK-3, MK-7, MK-8 and MK-10 are also formed (Morishita et al., 1999 ; Rezaiki et al., 2008 ; Brooijmans et al., 2009 ). One recent study show that adjusting fermentation parameters like preculture conditions, carbon source and temperature result in up to 50% increase of vitamin K2 in fermented milk (Liu et al., 2019 ). However, there are no other reports available describing how to increase strain performance or optimize conditions to elevate menaquinone content during food fermentations, neither is information on the contribution of each enzyme to the biosynthetic pathway of menaquinones in lactococci. Such knowledge could be helpful in selecting the optimal lactococci for fermentation of milk into a product with higher functional value regarding vitamin K2. Therefore, in the present study several genes of the biosynthetic pathway of menaquinones in L. lactis ssp. cremoris MG1363 were overexpressed singly or in combination to investigate their potential to raise menaquinone levels. We identify bottle-necks and key genes for biosynthesis of menaquinones in MG1363 and thereby provide a foundation for development of strains capable of higher K2-production during food",,
entity,/entities/compounds/4,B,C,single-source (review),,,,1,False,"0.6798 (heuristic, not a probability)",DHNA biosynthesis (menaquinone precursor) (seed_paper) -- discussion section,"K M D K m , 1 F ) 2 When [ B ] ≪ K M , 2 F , DHNA concentration becomes regulated solely by MenF, (22) [ D H N A ] i n = k 2 [ A ] k D H N A K M , 1 F ( 1 + [ A ] K M , 1 F ) [ M e n F ] and the critical ratio of [MenD] to [MenF] 2 that depicts the dominance of MenF in the reaction flux can be described by the following boundary condition: (23) [ M e n D ] [ M e n F ] 2 ≫ k 2 2 [ A ] 2 2 k D H N A k c a t D K i ( K M , 1 F ) 2 Although this model could explain the conditions where MenD or MenF become saturated and cannot regulate the DHNA biosynthesis, it cannot explain why perturbation of MenFD does not affect DHNA production. The saturation in MenFD catalysis suggests that the DHNA biosynthesis is also limited by a bottleneck at the chorismate production. Model 2 Assuming a constant chorismate production rate J 0 and a cumulative chorismate consumption rate k A by other pathways, the differential equation for chorismate becomes the following: (24) d [ A ] d t = J 0 − k A [ A ] − ( k 2 [ M e n F ] [ A ] K M , 1 F − k − 1 [ M e n F ] [ B ] K M , 2 F ) 1 + [ A ] K M , 1 2 + [ B ] K M , 2 F ≡ J 0 − J o t h e r − J D H N A = 0 where J D H N A = ( k 2 [ M e n F ] [ A ] K M , 1 F − k − 1 [ M e n F ] [ B ] K M , 2 F ) 1 + [ A ] K M , 1 2 + [ B ] K M , 2 F is the DHNA pathway flux, and J o t h e r = k A [ A ] is the flux for the other pathways. The model becomes the following: (25) ( J 0 [ A ] − k A ) [ A ] = ( k 2 [ M e n F ] [ A ] K M , 1 F − k − 1 [ M e n F ] [ B ] K M , 2 F ) 1 + [ A ] K M , 1 F + [ B ] K M , 2 F = k cat D [ M e n D ] [ B ] ( 1 + [ D H N A ] K i ) K M D + ( 1 + [ D H N A ] K i ) [ B ] = k D H N A [ D H N A ] i n Substrate-limited condition When the pathway for DHNA biosynthesis is dominant, such that the initial rate of substrate conversion ( J 0 A ) significantly exceeds the reaction rate of the other pathways ( k A ), the DHNA concentration reaches a maximum, calculated as the following: (26) [ D H N A ] i n m a x = J 0 k D H N A which is the maximum DHNA concentration we can get. Regulation under low substrate utilization By contrast, when the pathway utilizes a minimal amount of chorismate compared to other pathways, chorismate concentration is described by the following: (27) [ A ] = J 0 k A Under this condition, Model 2 can be unified with Model 1 by replacing [ A ] with J 0 k A in equation 13 . Model 1 is a special case of Model 2 when J 0 ≫ J D H N A , i.e., when DHNA biosynthesis does not significantly affect [ A ] . Numerical simulation To simulate the steady-state concentration of DHNA with given MenF and MenD concentrations, we use the parameters from the literature outlined in Table 1 , as well as our experimental parameters outlined in Table 2 . TABLE 1 Parameters from the literature Parameter Value Organism Condition Reference K M , 1 F 166.9 µM Escherichia coli pH = 7.5, 37°C ( 43 ) K M , 2 F 119 µM k 2 144.9 min −1 k - 1 3.8 min −1 K M D 53 nM Escherichia coli pH = 7.8, 22.5°C ( 47 ) k c a t D",,
entity,/entities/compounds/5,D,C,single-source (review),,,,1,False,"0.759 (heuristic, not a probability)",DHNA biosynthesis (menaquinone precursor) (seed_paper) -- discussion section,"mM17 + 2.5 µL AFC, or 90 µL mM17. The final concentrations of AFC were 2, 1, or 0 mM, with an initial cell OD 600 = 0.1. The plate was sealed with a transparent PCR plate seal (Axygen), and the OD 600 was monitored using a Byonoy Absorbance 96 plate reader in the anaerobic chamber. Steady-state chemical kinetics analysis Model 1 To elucidate the rate-limiting step in the biosynthesis of DHNA from chorismate in L. lactis , we employed a steady-state modeling approach using Michaelis-Menten kinetics. We simplified notation by assigning capital letters to intermediates in the pathway as follows: A for chorismate, B for isochorismate, C for SEPHCHC, D for SHCHC, E for OSB, F for OSB-CoA, and G for DHNA-CoA. The enzyme MenF catalyzes a reversible reaction converting chorismate (A) to isochorismate (B) ( 43 ), and the isochorismate (B) production rate can be expressed as follows: (2) v B = ( k 2 [ M e n F ] [ A ] K M , 1 F − k − 1 [ M e n F ] [ B ] K M , 2 F ) 1 + [ A ] K M , 1 F + [ B ] K M , 2 F where k 2 and k - 1 are the forward and reverse rate constants for the MenF-catalyzed step, and K M , 1 F , K M , 2 F are the Michaelis constants for chorismate (A) and isochorismate (B), respectively. Subsequently, MenD facilitates the conversion of isochorismate (B) to 2-succinyl-5-enolpyruvyl-6-hydroxy-3-cyclohexene-1-carboxylate (SEPHCHC, C), with DHNA acting as a non-competitive inhibitor ( 19 , 20 ), and the SEPHCHC (C) production rate can be expressed as follows: (3) v C = k c a t D [ M e n D ] [ B ] ( 1 + [ D H N A ] K i ) K M D + ( 1 + [ D H N A ] K i ) [ B ] where k c a t D is the catalytic turnover number for MenD, K M D is the Michaelis constant for isochorismate (B), and K i is the inhibition constant for DHNA. Other enzymes involved, namely, MenH, MenC, MenE, MenB, and MenI, are modeled using Michaelis-Menten kinetics, and their production rates can be expressed as follows: (4) v α = k c a t α [ E n z y m e ] [ S u b s t r a t e ] K M α + [ S u b s t r a t e ] where superscript α = H, C, E, B, and I stands for MenH, MenC, MenE, MenB, and MenI, respectively. For each enzyme, k c a t α [ E n z y m e ] = V m a x α . In the first model, we set the chorismate concentration as a constant. The DHNA diffusion through the membrane occurs at a rate k D H N A . The dynamic equations are as follows: (5) d [ B ] d t = ( k 2 [ M e n F ] [ A ] K M , 1 F − k − 1 [ M e n F ] [ B ] K M , 2 F ) 1 + [ A ] K M , 1 F + [ B ] K M , 2 F − k c a t D [ M e n D ] [ B ] ( 1 + [ D H N A ] K i ) K M D + ( 1 + [ D H N A ] K i ) [ B ] = 0 (6) d [ C ] d t = k c a t D [ M e n D ] [ B ] ( 1 + [ D H N A ] K i ) K M D + ( 1 + [ D H N A ] K i ) [ B ] − k c a t H [ M e n H ] [ C ] K M H + [ C ] = 0 (7) d [ D ] d t = k c a t H [ M e n H ] [ C ] K M H + [ C ] − k c a t C [ M e n C ] [ D ] K M C + [ D ] = 0 (8) d [ E ] d t = k c a t C [ M e n C ] [ D ] K M C + [ D ] − k c a t E [ M e n E ] [ E ] K M E + [ E",,
entity,/entities/compounds/6,demethylated menaquinone,C,single-source (review),,,,1,False,"0.5743 (heuristic, not a probability)",Engineering <i>Lactococcus lactis</i> for Increased Vitamin K2 Production. (PMC7093718) -- figure section,"Figure 2A ). The second gene chosen for overexpression, menA , encodes the DHNA polyprenyltransferase catalyzing the joining of the prenyl diphosphate chain and DHNA resulting in demethylated menaquinone. The content of MK7-9 in L. lactis expressing this gene from P32 on pMG36e was also higher ( p -",,
entity,/entities/compounds/7,D-erythrose-4-phosphate,A,DB-grounded,,1019,pathbank_compound_id,1,False,"0.6326 (heuristic, not a probability)",Engineering <i>Lactococcus lactis</i> for Increased Vitamin K2 Production. (PMC7093718) -- introduction section,"value of fermented food, but until very recently there were no reports on optimization of dairy production or metabolic engineering of LAB strains to achieve higher menaquinone levels. Several genomes of the dominating vitamin K2 producing LAB, L. lactis have been sequenced, and putative genes encoding the enzymes for the individual steps of menaquinone biosynthesis annotated (Wegmann et al., 2007 ). In L. lactis menaquinones are synthesized from acetyl-CoA, phosphoenolpyruvate and D-erythrose-4-phosphate. The precursors are converted step by step to a hydrophobic polyprenyl diphosphate (PP) chain (mevalonate and polyprenyl pathways) and a hydrophilic naphtoquinone ring; 1,4-dihydroxy-2-napthoate (DHNA) (shikimate and menaquinone pathways). Finally, MenA, a DHNA polyprenyltransferase, joins the prenyl diphosphate and DHNA to form demethylmenaquinone ( Figure 1 ). The product of the shikimate pathway, chorismate, is also a substrate for synthesis of the essential aromatic amino acids (AAA) and folate and its production and further conversion is highly regulated (Dosselaere and Vanderleyden, 2001 ). For instance, the first enzyme of the shikimate pathway, 3-Deoxy-D-arabinoheptulosonate 7-phosphate synthase (DAHPS), is known to be feedback inhibited by AAA in diverse microorganisms (Mir et al., 2015 ) and similar regulatory events are likely to exist in lactococci. Chorismate is converted to DHNA through 7 enzymatic steps starting with isochorismate synthase (encoded by menF ). The polyprenyl diphosphate chain is synthesized from isopentenyl pyrophosphate (IPP) units formed through the mevalonate pathway. Six enzymatic steps, catalyzed by 3-ketoacyl-CoA thiolase ( thiL ), hydroxymethylglutaryl-CoA synthase ( hmcM ), hydroxymethylglutaryl-CoA reductase ( mvaA ), mevalonate kinase ( mvk ), phosphomevalonate kinase ( pmk ), and diphosphomevalonate decarboxylase ( mvaD ) are required to convert acetyl-CoA into IPP (C5). These reactions constitute the most energy- and substrate-consuming part of menaquinone synthesis as they require 3 acetyl-CoA, 3 ATP, and 1 NADPH per IPP formed. The geranyltranstransferase ( ispA ) and isopentenyl-diphosphate delta-isomerase ( fni ) then combine IPP units into FPP (farnesyl diphosphate, C15). FPP is a scaffold for further lengthening of the prenyl diphosphate chain by consecutive addition of IPP units to make the all-trans polyprenyl diphosphate (for MK-n production) or di-trans, poly-cis-undecaprenyl pyrophosphate (UPP, C55). UPP is essential for lactococci as it is a substrate for synthesis of peptidoglycan (Bouhss et al., 2008 ). In L. lactis 2 genomic loci encode possible prenyl diphosphate synthases. The gerCA ( llmg_1111 ) and ispB ( llmg_1110 ) locus encodes proteins with homology to 2-component heptaprenyl diphosphate synthases. The gene llmg_0196 is in an operon with menA (DHNA polyprenyltransferase) and encodes a putative geranylgeranyl pyrophosphate synthase. In L. lactis ssp. lactis the gene and gene product of llmg_0196 are called preA and PreA and we will hereafter employ these names also for L. lactis ssp. cremoris MG1363. Figure 1 The lactococcal biosynthetic pathways for menaquinone(s). Intermediates that are substrates for competing essential pathways are shown as branched points (chorismate and FPP). IPP, isopentenyl pyrophosphate; FPP, farnesyl pyrophosphate; UPP, undecaprenyl pyrophosphate. Menaquinones play an essential role in electron transport but are not essential for fermentative growth in L. lactis (Rezaiki et al., 2008 ). However, in the presence of heme L. lactis can produce cytochrome and a functional electron transport chain enabling respiratory growth resulting in improved growth and survival in stationary phase (Sijpesteijn, 1970 ; Duwat et al., 2001 ; Gaudu et al., 2002 ; Rezaiki et al., 2008 ; Brooijmans et al., 2009 ). In addition, menaquinones can reduce both Fe and Cu and might be important for assimilation of metals (Rezaiki et al., 2008 ). The levels of menaquinone found in L. lactis are strain-dependent and vary in response to aerobic vs. anaerobic conditions as well as culture medium, carbon source and temperature. In L. lactis MK-9 is produced as the dominating menaquinone species, but minor amounts of MK-3, MK-7, MK-8 and MK-10 are also formed (Morishita et al., 1999 ; Rezaiki et al., 2008 ; Brooijmans et al., 2009 ). One recent study show that adjusting fermentation parameters like preculture conditions, carbon source and temperature result in up to 50% increase of vitamin K2 in fermented milk (Liu et al., 2019 ). However, there are no other reports available describing how to increase strain performance or optimize conditions to elevate menaquinone content during food fermentations, neither is information on the contribution of each enzyme to the biosynthetic pathway of menaquinones in lactococci. Such knowledge could be helpful in selecting the optimal lactococci for fermentation of milk into a product with higher functional value regarding vitamin K2. Therefore, in the present study several genes of the biosynthetic pathway of menaquinones in L. lactis ssp. cremoris MG1363 were overexpressed singly or in combination to investigate their potential to raise menaquinone levels. We identify bottle-necks and key genes for biosynthesis of menaquinones in MG1363 and thereby provide a foundation for development of strains capable of higher K2-production during food",,
entity,/entities/compounds/8,DHNA,B,corroborated by a second paper (no identifier),,,,3,False,"0.8509 (heuristic, not a probability)",Engineering <i>Lactococcus lactis</i> for Increased Vitamin K2 Production. (PMC7093718) -- introduction section | New aspects of microbial vitamin K2 production by expanding the product spectrum. (PMC8042841) -- results section | DHNA biosynthesis (menaquinone precursor) (seed_paper) -- discussion section,"value of fermented food, but until very recently there were no reports on optimization of dairy production or metabolic engineering of LAB strains to achieve higher menaquinone levels. Several genomes of the dominating vitamin K2 producing LAB, L. lactis have been sequenced, and putative genes encoding the enzymes for the individual steps of menaquinone biosynthesis annotated (Wegmann et al., 2007 ). In L. lactis menaquinones are synthesized from acetyl-CoA, phosphoenolpyruvate and D-erythrose-4-phosphate. The precursors are converted step by step to a hydrophobic polyprenyl diphosphate (PP) chain (mevalonate and polyprenyl pathways) and a hydrophilic naphtoquinone ring; 1,4-dihydroxy-2-napthoate (DHNA) (shikimate and menaquinone pathways). Finally, MenA, a DHNA polyprenyltransferase, joins the prenyl diphosphate and DHNA to form demethylmenaquinone ( Figure 1 ). The product of the shikimate pathway, chorismate, is also a substrate for synthesis of the essential aromatic amino acids (AAA) and folate and its production and further conversion is highly regulated (Dosselaere and Vanderleyden, 2001 ). For instance, the first enzyme of the shikimate pathway, 3-Deoxy-D-arabinoheptulosonate 7-phosphate synthase (DAHPS), is known to be feedback inhibited by AAA in diverse microorganisms (Mir et al., 2015 ) and similar regulatory events are likely to exist in lactococci. Chorismate is converted to DHNA through 7 enzymatic steps starting with isochorismate synthase (encoded by menF ). The polyprenyl diphosphate chain is synthesized from isopentenyl pyrophosphate (IPP) units formed through the mevalonate pathway. Six enzymatic steps, catalyzed by 3-ketoacyl-CoA thiolase ( thiL ), hydroxymethylglutaryl-CoA synthase ( hmcM ), hydroxymethylglutaryl-CoA reductase ( mvaA ), mevalonate kinase ( mvk ), phosphomevalonate kinase ( pmk ), and diphosphomevalonate decarboxylase ( mvaD ) are required to convert acetyl-CoA into IPP (C5). These reactions constitute the most energy- and substrate-consuming part of menaquinone synthesis as they require 3 acetyl-CoA, 3 ATP, and 1 NADPH per IPP formed. The geranyltranstransferase ( ispA ) and isopentenyl-diphosphate delta-isomerase ( fni ) then combine IPP units into FPP (farnesyl diphosphate, C15). FPP is a scaffold for further lengthening of the prenyl diphosphate chain by consecutive addition of IPP units to make the all-trans polyprenyl diphosphate (for MK-n production) or di-trans, poly-cis-undecaprenyl pyrophosphate (UPP, C55). UPP is essential for lactococci as it is a substrate for synthesis of peptidoglycan (Bouhss et al., 2008 ). In L. lactis 2 genomic loci encode possible prenyl diphosphate synthases. The gerCA ( llmg_1111 ) and ispB ( llmg_1110 ) locus encodes proteins with homology to 2-component heptaprenyl diphosphate synthases. The gene llmg_0196 is in an operon with menA (DHNA polyprenyltransferase) and encodes a putative geranylgeranyl pyrophosphate synthase. In L. lactis ssp. lactis the gene and gene product of llmg_0196 are called preA and PreA and we will hereafter employ these names also for L. lactis ssp. cremoris MG1363. Figure 1 The lactococcal biosynthetic pathways for menaquinone(s). Intermediates that are substrates for competing essential pathways are shown as branched points (chorismate and FPP). IPP, isopentenyl pyrophosphate; FPP, farnesyl pyrophosphate; UPP, undecaprenyl pyrophosphate. Menaquinones play an essential role in electron transport but are not essential for fermentative growth in L. lactis (Rezaiki et al., 2008 ). However, in the presence of heme L. lactis can produce cytochrome and a functional electron transport chain enabling respiratory growth resulting in improved growth and survival in stationary phase (Sijpesteijn, 1970 ; Duwat et al., 2001 ; Gaudu et al., 2002 ; Rezaiki et al., 2008 ; Brooijmans et al., 2009 ). In addition, menaquinones can reduce both Fe and Cu and might be important for assimilation of metals (Rezaiki et al., 2008 ). The levels of menaquinone found in L. lactis are strain-dependent and vary in response to aerobic vs. anaerobic conditions as well as culture medium, carbon source and temperature. In L. lactis MK-9 is produced as the dominating menaquinone species, but minor amounts of MK-3, MK-7, MK-8 and MK-10 are also formed (Morishita et al., 1999 ; Rezaiki et al., 2008 ; Brooijmans et al., 2009 ). One recent study show that adjusting fermentation parameters like preculture conditions, carbon source and temperature result in up to 50% increase of vitamin K2 in fermented milk (Liu et al., 2019 ). However, there are no other reports available describing how to increase strain performance or optimize conditions to elevate menaquinone content during food fermentations, neither is information on the contribution of each enzyme to the biosynthetic pathway of menaquinones in lactococci. Such knowledge could be helpful in selecting the optimal lactococci for fermentation of milk into a product with higher functional value regarding vitamin K2. Therefore, in the present study several genes of the biosynthetic pathway of menaquinones in L. lactis ssp. cremoris MG1363 were overexpressed singly or in combination to investigate their potential to raise menaquinone levels. We identify bottle-necks and key genes for biosynthesis of menaquinones in MG1363 and thereby provide a foundation for development of strains capable of higher K2-production during food | results revealed that only the step reaction by MenA, i.e. the prenylation of DHNA to DMK was a rate-limiting step in the MK-7 pathway. Cui et al. [ 64 ] boosted the synthesis of MK-7 precursors in B. subtilis by overexpressing menFBE , but the results indicated that the encoded enzymes do not catalyze a rate-limiting step of MK-7 biosynthesis, which was consistent with Yang’s study mentioned before. Increasing the copy number of menA at a different locus increased the titer of MK-7 by 42 mg/L compared with the original strain [ 64 ]. These results show that MenA is a critical enzyme that can determine the efficiency of the MK-7 synthesis pathway. Although the futalosine-dependent pathway is widely investigated as a target for the development of new herbicides and antibiotics, there have been no studies on the metabolic engineering of the futalosine pathway to increase the yield of menaquinone [ 26 , 29 ]. It may be a promising strategy for the biosynthesis of vitamin K2 to combine these two MK biosynthesis pathways. Vitamin K2 and membrane engineering The bilayer membrane is not only an interface between cell and the outside environment, but also contains intricate mechanism for signal transduction, transporters, cellular communication, adhesion, etc. [ 86 , 87 ]. MK isoforms are lipid-soluble molecules that insert themselves into the bacterial cell membrane and shuttle electrons between the membrane-bound protein complexes in the electron-transport chain in many bacteria [ 41 ]. Hence, the synthesis of vitamin K2 may also affect by the state of the cell membrane, which has inspired studies of membrane engineering as a new direction for enhancing vitamin K2 biosynthesis. Wang et al. [ 2 ] found that the stable surface tension and an optimized composition of the cell membrane are beneficial to the accumulation of MK-7. Furthermore, Cui et al. [ 88 ] showed that membrane components (GO:0006810, GO:0017000, GO:0008125, GO:0031224, GO:0051234) exhibited the most significantly changed expression levels in a comparative transcriptomic analysis of the intrinsic connections between biofilm formation and MK-7 production. Overexpression of cell-membrane-associated proteins such as signal receptors (BSU02010), transmembrane transporters (BSU29340, BSU03070), and tatAD - CD (BSU02630) could improve the synthesis of MK-7. These results directly indicate that the composition and homeostasis of the cell membrane can affect MK-7 synthesis. Co-expression of tatAD - CD (BSU02630) and menaquinol-cytochrome c reductase qcrA - C using the strong P43 promoter in the previously engineered strain BS20 increased the titer of MK-7 to 410 mg/L in shake-flask culture, which is the highest MK-7 titer reported to date [ 64 , 88 ]. Similar to MK, lycopene, and carotenoids are biosynthesized from isoprene units and are accumulated in the cell membrane or neutral lipid droplets. Accordingly, there are reports that the yield of lycopene or carotenoids can be successfully improved by increasing the cellular lipid content (Fig. 3 ) [ 89 , 90 ]. Coincidentally, Hu et al. [ 91 ] supplemented soybean oil to the medium, resulting in a maximal MK-7 yield of 40.96 mg/L. Therefore, expanding the product spectrum will be useful to promote the metabolic engineering design-build-test-learn cycle and possibly increase the economic viability of microbial cell factories. | K M D K m , 1 F ) 2 When [ B ] ≪ K M , 2 F , DHNA concentration becomes regulated solely by MenF, (22) [ D H N A ] i n = k 2 [ A ] k D H N A K M , 1 F ( 1 + [ A ] K M , 1 F ) [ M e n F ] and the critical ratio of [MenD] to [MenF] 2 that depicts the dominance of MenF in the reaction flux can be described by the following boundary condition: (23) [ M e n D ] [ M e n F ] 2 ≫ k 2 2 [ A ] 2 2 k D H N A k c a t D K i ( K M , 1 F ) 2 Although this model could explain the conditions where MenD or MenF become saturated and cannot regulate the DHNA biosynthesis, it cannot explain why perturbation of MenFD does not affect DHNA production. The saturation in MenFD catalysis suggests that the DHNA biosynthesis is also limited by a bottleneck at the chorismate production. Model 2 Assuming a constant chorismate production rate J 0 and a cumulative chorismate consumption rate k A by other pathways, the differential equation for chorismate becomes the following: (24) d [ A ] d t = J 0 − k A [ A ] − ( k 2 [ M e n F ] [ A ] K M , 1 F − k − 1 [ M e n F ] [ B ] K M , 2 F ) 1 + [ A ] K M , 1 2 + [ B ] K M , 2 F ≡ J 0 − J o t h e r − J D H N A = 0 where J D H N A = ( k 2 [ M e n F ] [ A ] K M , 1 F − k − 1 [ M e n F ] [ B ] K M , 2 F ) 1 + [ A ] K M , 1 2 + [ B ] K M , 2 F is the DHNA pathway flux, and J o t h e r = k A [ A ] is the flux for the other pathways. The model becomes the following: (25) ( J 0 [ A ] − k A ) [ A ] = ( k 2 [ M e n F ] [ A ] K M , 1 F − k − 1 [ M e n F ] [ B ] K M , 2 F ) 1 + [ A ] K M , 1 F + [ B ] K M , 2 F = k cat D [ M e n D ] [ B ] ( 1 + [ D H N A ] K i ) K M D + ( 1 + [ D H N A ] K i ) [ B ] = k D H N A [ D H N A ] i n Substrate-limited condition When the pathway for DHNA biosynthesis is dominant, such that the initial rate of substrate conversion ( J 0 A ) significantly exceeds the reaction rate of the other pathways ( k A ), the DHNA concentration reaches a maximum, calculated as the following: (26) [ D H N A ] i n m a x = J 0 k D H N A which is the maximum DHNA concentration we can get. Regulation under low substrate utilization By contrast, when the pathway utilizes a minimal amount of chorismate compared to other pathways, chorismate concentration is described by the following: (27) [ A ] = J 0 k A Under this condition, Model 2 can be unified with Model 1 by replacing [ A ] with J 0 k A in equation 13 . Model 1 is a special case of Model 2 when J 0 ≫ J D H N A , i.e., when DHNA biosynthesis does not significantly affect [ A ] . Numerical simulation To simulate the steady-state concentration of DHNA with given MenF and MenD concentrations, we use the parameters from the literature outlined in Table 1 , as well as our experimental parameters outlined in Table 2 . TABLE 1 Parameters from the literature Parameter Value Organism Condition Reference K M , 1 F 166.9 µM Escherichia coli pH = 7.5, 37°C ( 43 ) K M , 2 F 119 µM k 2 144.9 min −1 k - 1 3.8 min −1 K M D 53 nM Escherichia coli pH = 7.8, 22.5°C ( 47 ) k c a t D",,
entity,/entities/compounds/9,DHNA-CoA,C,single-source (review),,,,0,False,"0.6 (heuristic, not a probability)",DHNA biosynthesis (menaquinone precursor) (seed_paper) -- (section unknown),,,stated in the uploaded seed paper; no retrieved paper corroborates it
entity,/entities/compounds/10,"di-trans, poly-cis-undecaprenyl pyrophosphate (UPP)",C,single-source (review),,,,1,False,"0.6326 (heuristic, not a probability)",Engineering <i>Lactococcus lactis</i> for Increased Vitamin K2 Production. (PMC7093718) -- introduction section,"value of fermented food, but until very recently there were no reports on optimization of dairy production or metabolic engineering of LAB strains to achieve higher menaquinone levels. Several genomes of the dominating vitamin K2 producing LAB, L. lactis have been sequenced, and putative genes encoding the enzymes for the individual steps of menaquinone biosynthesis annotated (Wegmann et al., 2007 ). In L. lactis menaquinones are synthesized from acetyl-CoA, phosphoenolpyruvate and D-erythrose-4-phosphate. The precursors are converted step by step to a hydrophobic polyprenyl diphosphate (PP) chain (mevalonate and polyprenyl pathways) and a hydrophilic naphtoquinone ring; 1,4-dihydroxy-2-napthoate (DHNA) (shikimate and menaquinone pathways). Finally, MenA, a DHNA polyprenyltransferase, joins the prenyl diphosphate and DHNA to form demethylmenaquinone ( Figure 1 ). The product of the shikimate pathway, chorismate, is also a substrate for synthesis of the essential aromatic amino acids (AAA) and folate and its production and further conversion is highly regulated (Dosselaere and Vanderleyden, 2001 ). For instance, the first enzyme of the shikimate pathway, 3-Deoxy-D-arabinoheptulosonate 7-phosphate synthase (DAHPS), is known to be feedback inhibited by AAA in diverse microorganisms (Mir et al., 2015 ) and similar regulatory events are likely to exist in lactococci. Chorismate is converted to DHNA through 7 enzymatic steps starting with isochorismate synthase (encoded by menF ). The polyprenyl diphosphate chain is synthesized from isopentenyl pyrophosphate (IPP) units formed through the mevalonate pathway. Six enzymatic steps, catalyzed by 3-ketoacyl-CoA thiolase ( thiL ), hydroxymethylglutaryl-CoA synthase ( hmcM ), hydroxymethylglutaryl-CoA reductase ( mvaA ), mevalonate kinase ( mvk ), phosphomevalonate kinase ( pmk ), and diphosphomevalonate decarboxylase ( mvaD ) are required to convert acetyl-CoA into IPP (C5). These reactions constitute the most energy- and substrate-consuming part of menaquinone synthesis as they require 3 acetyl-CoA, 3 ATP, and 1 NADPH per IPP formed. The geranyltranstransferase ( ispA ) and isopentenyl-diphosphate delta-isomerase ( fni ) then combine IPP units into FPP (farnesyl diphosphate, C15). FPP is a scaffold for further lengthening of the prenyl diphosphate chain by consecutive addition of IPP units to make the all-trans polyprenyl diphosphate (for MK-n production) or di-trans, poly-cis-undecaprenyl pyrophosphate (UPP, C55). UPP is essential for lactococci as it is a substrate for synthesis of peptidoglycan (Bouhss et al., 2008 ). In L. lactis 2 genomic loci encode possible prenyl diphosphate synthases. The gerCA ( llmg_1111 ) and ispB ( llmg_1110 ) locus encodes proteins with homology to 2-component heptaprenyl diphosphate synthases. The gene llmg_0196 is in an operon with menA (DHNA polyprenyltransferase) and encodes a putative geranylgeranyl pyrophosphate synthase. In L. lactis ssp. lactis the gene and gene product of llmg_0196 are called preA and PreA and we will hereafter employ these names also for L. lactis ssp. cremoris MG1363. Figure 1 The lactococcal biosynthetic pathways for menaquinone(s). Intermediates that are substrates for competing essential pathways are shown as branched points (chorismate and FPP). IPP, isopentenyl pyrophosphate; FPP, farnesyl pyrophosphate; UPP, undecaprenyl pyrophosphate. Menaquinones play an essential role in electron transport but are not essential for fermentative growth in L. lactis (Rezaiki et al., 2008 ). However, in the presence of heme L. lactis can produce cytochrome and a functional electron transport chain enabling respiratory growth resulting in improved growth and survival in stationary phase (Sijpesteijn, 1970 ; Duwat et al., 2001 ; Gaudu et al., 2002 ; Rezaiki et al., 2008 ; Brooijmans et al., 2009 ). In addition, menaquinones can reduce both Fe and Cu and might be important for assimilation of metals (Rezaiki et al., 2008 ). The levels of menaquinone found in L. lactis are strain-dependent and vary in response to aerobic vs. anaerobic conditions as well as culture medium, carbon source and temperature. In L. lactis MK-9 is produced as the dominating menaquinone species, but minor amounts of MK-3, MK-7, MK-8 and MK-10 are also formed (Morishita et al., 1999 ; Rezaiki et al., 2008 ; Brooijmans et al., 2009 ). One recent study show that adjusting fermentation parameters like preculture conditions, carbon source and temperature result in up to 50% increase of vitamin K2 in fermented milk (Liu et al., 2019 ). However, there are no other reports available describing how to increase strain performance or optimize conditions to elevate menaquinone content during food fermentations, neither is information on the contribution of each enzyme to the biosynthetic pathway of menaquinones in lactococci. Such knowledge could be helpful in selecting the optimal lactococci for fermentation of milk into a product with higher functional value regarding vitamin K2. Therefore, in the present study several genes of the biosynthetic pathway of menaquinones in L. lactis ssp. cremoris MG1363 were overexpressed singly or in combination to investigate their potential to raise menaquinone levels. We identify bottle-necks and key genes for biosynthesis of menaquinones in MG1363 and thereby provide a foundation for development of strains capable of higher K2-production during food",,
entity,/entities/compounds/11,DMK,B,corroborated by a second paper (no identifier),,,,2,False,"0.8509 (heuristic, not a probability)",New aspects of microbial vitamin K2 production by expanding the product spectrum. (PMC8042841) -- results section | DHNA biosynthesis (menaquinone precursor) (seed_paper) -- results section,"results revealed that only the step reaction by MenA, i.e. the prenylation of DHNA to DMK was a rate-limiting step in the MK-7 pathway. Cui et al. [ 64 ] boosted the synthesis of MK-7 precursors in B. subtilis by overexpressing menFBE , but the results indicated that the encoded enzymes do not catalyze a rate-limiting step of MK-7 biosynthesis, which was consistent with Yang’s study mentioned before. Increasing the copy number of menA at a different locus increased the titer of MK-7 by 42 mg/L compared with the original strain [ 64 ]. These results show that MenA is a critical enzyme that can determine the efficiency of the MK-7 synthesis pathway. Although the futalosine-dependent pathway is widely investigated as a target for the development of new herbicides and antibiotics, there have been no studies on the metabolic engineering of the futalosine pathway to increase the yield of menaquinone [ 26 , 29 ]. It may be a promising strategy for the biosynthesis of vitamin K2 to combine these two MK biosynthesis pathways. Vitamin K2 and membrane engineering The bilayer membrane is not only an interface between cell and the outside environment, but also contains intricate mechanism for signal transduction, transporters, cellular communication, adhesion, etc. [ 86 , 87 ]. MK isoforms are lipid-soluble molecules that insert themselves into the bacterial cell membrane and shuttle electrons between the membrane-bound protein complexes in the electron-transport chain in many bacteria [ 41 ]. Hence, the synthesis of vitamin K2 may also affect by the state of the cell membrane, which has inspired studies of membrane engineering as a new direction for enhancing vitamin K2 biosynthesis. Wang et al. [ 2 ] found that the stable surface tension and an optimized composition of the cell membrane are beneficial to the accumulation of MK-7. Furthermore, Cui et al. [ 88 ] showed that membrane components (GO:0006810, GO:0017000, GO:0008125, GO:0031224, GO:0051234) exhibited the most significantly changed expression levels in a comparative transcriptomic analysis of the intrinsic connections between biofilm formation and MK-7 production. Overexpression of cell-membrane-associated proteins such as signal receptors (BSU02010), transmembrane transporters (BSU29340, BSU03070), and tatAD - CD (BSU02630) could improve the synthesis of MK-7. These results directly indicate that the composition and homeostasis of the cell membrane can affect MK-7 synthesis. Co-expression of tatAD - CD (BSU02630) and menaquinol-cytochrome c reductase qcrA - C using the strong P43 promoter in the previously engineered strain BS20 increased the titer of MK-7 to 410 mg/L in shake-flask culture, which is the highest MK-7 titer reported to date [ 64 , 88 ]. Similar to MK, lycopene, and carotenoids are biosynthesized from isoprene units and are accumulated in the cell membrane or neutral lipid droplets. Accordingly, there are reports that the yield of lycopene or carotenoids can be successfully improved by increasing the cellular lipid content (Fig. 3 ) [ 89 , 90 ]. Coincidentally, Hu et al. [ 91 ] supplemented soybean oil to the medium, resulting in a maximal MK-7 yield of 40.96 mg/L. Therefore, expanding the product spectrum will be useful to promote the metabolic engineering design-build-test-learn cycle and possibly increase the economic viability of microbial cell factories. | results ( 11 ), largely due to limited understanding of the regulatory mechanisms governing quinone biosynthesis. MK biosynthesis starts from chorismate and proceeds through a seven-enzyme pathway consisting of MenF, MenD, MenH, MenC, MenE, MenB, and MenI to produce DHNA. Subsequently, MenA joins DHNA and prenyl diphosphate to produce demethylmenaquinone (DMK), and MenG demethylates DMK to generate MK ( Fig. 1A ). Strategies have attempted to enhance DHNA supply by overexpressing individual enzymes ( 13 – 17 ) or the entire DHNA biosynthesis operon ( 14 , 18 ). However, these efforts often lead to inconsistent and modest increases in DHNA/MK levels despite upregulated transcription of the respective genes ( 14 , 15 ). Conflicting outcomes have also been reported across different studies; for example, overexpressing MenF or MenD enhanced MK production in some cases but not others ( 13 , 15 – 17 ). These data suggest that a regulatory network might exist to control DHNA and MK levels and buffer against genetic perturbations. While these regulations are physiologically plausible, as microbes must resist quinone overproduction to avoid oxidative stress and growth inhibition ( 4 ), the molecular mechanisms remain elusive. Fig 1 A biosensing system for quantitative detection of DHNA at picomolar concentration. ( A ) Schematic showing the menaquinone biosynthesis pathway. DHNA is the precursor of menaquinone. ( B ) Workflow of the DHNA biosensing system. L. lactis was incubated for 2 hours to allow DHNA synthesis. The cell-free supernatant was collected and mixed with L. plantarum and iron reduction reagents, including iron(III) oxide and ferrozine (FZ). L. plantarum utilizes DHNA secreted by L. lactis to reduce Fe 3+ to Fe 2+ . The resulting Fe 2+ reacts with ferrozine, producing a magenta color product whose absorbance correlates with DHNA concentration. ( C ) Calibration curve of DHNA concentration versus absorbance at 562 nm. L. plantarum was incubated with varying concentrations of exogenous DHNA. The [DHNA]-OD 562 curve was fitted to a non-linear function. The top panel shows a scanned image of the assay plate. ( D ) L. plantarum can detect DHNA secreted from varying cell densities of quinone-producing L. lactis but not from the deficient mutant. Δ menC + menC represents menC gene complementation under a constitutive promoter on a plasmid in the Δ menC background. DHNA concentrations were calculated based on the calibration curve in panel C . The top panel shows a scanned image of the assay plate. All data represent mean ± 1 s.d. for three biological replicates. Bacterial biosensing system detecting DHNA in menaquinone biosynthesis through L. lactis-L. plantarum interaction and iron reduction colorimetry. Calibration shows picomolar sensitivity (R²=0.99) with validation using wild-type and menC mutant strains. Previous studies shed light on the quinone regulatory mechanism, but a system-level understanding has not been achieved. Studies have revealed that MenD can be allosterically inhibited by DHNA in Staphylococcus aureus ( 19 ) and Mycobacterium tuberculosis ( 20 ), suggesting an end-product feedback mechanism. In addition, MenF is also known to be capable of catalyzing both forward and reverse conversion of chorismate to isochorismate ( 21 ). However, it is unclear how these individual mechanisms interact to control DHNA production. Here, we study one of the major quinone producers, Lactococcus lactis, and reveal a multi-layer mechanism regulating DHNA biosynthesis. Leveraging a novel biosensing system, we quantified DHNA concentration at picomolar sensitivity. We then synthetically perturbed enzyme levels on genetic constructs and found that DHNA concentration can be modulated by both MenF and MenD, but to different degrees. A mathematical model uncovers a two-phase regulatory pattern resulting from the interplay of reversible flux and end-product feedback inhibition, where the regulatory roles of MenF and MenD shift based on their relative expression levels. The model also predicts limited availability of the substrate chorismate, which restrains DHNA from being overproduced. These mechanisms can collectively contribute to quinone homeostasis and imply new strategies to efficiently engineer quinone production. RESULTS A biosensing system allows sensitive and quantitative DHNA detection Since DHNA is the common precursor for all MK derivatives, we sought to interrogate the regulatory mechanism of quinone biosynthesis by focusing on DHNA. To precisely measure DHNA concentration, we constructed a L. lactis mutant lacking DHNA-utilizing pathways. We knocked out menA (encodes for DHNA prenyltransferase) to prevent DHNA from being utilized for DMK and MK biosynthesis ( Fig. 1A ). In addition, we knocked out noxAB (encodes for NADH:quinone oxidoreductases) to prevent DHNA from interacting with quinone reductases ( 22 ) , which may otherwise alter DHNA redox state and interfere with DHNA quantification. We next developed a high-throughput method for quantitative DHNA detection. While previous studies mainly measured DHNA concentration with high-performance liquid chromatography (HPLC) ( 23 – 26 ), this approach requires complex sample preparation and purification processes and has a limited detection of 1 µM",,
entity,/entities/compounds/12,E,A,DB-grounded,,DB00142,drugbank,1,False,"0.759 (heuristic, not a probability)",DHNA biosynthesis (menaquinone precursor) (seed_paper) -- discussion section,"mM17 + 2.5 µL AFC, or 90 µL mM17. The final concentrations of AFC were 2, 1, or 0 mM, with an initial cell OD 600 = 0.1. The plate was sealed with a transparent PCR plate seal (Axygen), and the OD 600 was monitored using a Byonoy Absorbance 96 plate reader in the anaerobic chamber. Steady-state chemical kinetics analysis Model 1 To elucidate the rate-limiting step in the biosynthesis of DHNA from chorismate in L. lactis , we employed a steady-state modeling approach using Michaelis-Menten kinetics. We simplified notation by assigning capital letters to intermediates in the pathway as follows: A for chorismate, B for isochorismate, C for SEPHCHC, D for SHCHC, E for OSB, F for OSB-CoA, and G for DHNA-CoA. The enzyme MenF catalyzes a reversible reaction converting chorismate (A) to isochorismate (B) ( 43 ), and the isochorismate (B) production rate can be expressed as follows: (2) v B = ( k 2 [ M e n F ] [ A ] K M , 1 F − k − 1 [ M e n F ] [ B ] K M , 2 F ) 1 + [ A ] K M , 1 F + [ B ] K M , 2 F where k 2 and k - 1 are the forward and reverse rate constants for the MenF-catalyzed step, and K M , 1 F , K M , 2 F are the Michaelis constants for chorismate (A) and isochorismate (B), respectively. Subsequently, MenD facilitates the conversion of isochorismate (B) to 2-succinyl-5-enolpyruvyl-6-hydroxy-3-cyclohexene-1-carboxylate (SEPHCHC, C), with DHNA acting as a non-competitive inhibitor ( 19 , 20 ), and the SEPHCHC (C) production rate can be expressed as follows: (3) v C = k c a t D [ M e n D ] [ B ] ( 1 + [ D H N A ] K i ) K M D + ( 1 + [ D H N A ] K i ) [ B ] where k c a t D is the catalytic turnover number for MenD, K M D is the Michaelis constant for isochorismate (B), and K i is the inhibition constant for DHNA. Other enzymes involved, namely, MenH, MenC, MenE, MenB, and MenI, are modeled using Michaelis-Menten kinetics, and their production rates can be expressed as follows: (4) v α = k c a t α [ E n z y m e ] [ S u b s t r a t e ] K M α + [ S u b s t r a t e ] where superscript α = H, C, E, B, and I stands for MenH, MenC, MenE, MenB, and MenI, respectively. For each enzyme, k c a t α [ E n z y m e ] = V m a x α . In the first model, we set the chorismate concentration as a constant. The DHNA diffusion through the membrane occurs at a rate k D H N A . The dynamic equations are as follows: (5) d [ B ] d t = ( k 2 [ M e n F ] [ A ] K M , 1 F − k − 1 [ M e n F ] [ B ] K M , 2 F ) 1 + [ A ] K M , 1 F + [ B ] K M , 2 F − k c a t D [ M e n D ] [ B ] ( 1 + [ D H N A ] K i ) K M D + ( 1 + [ D H N A ] K i ) [ B ] = 0 (6) d [ C ] d t = k c a t D [ M e n D ] [ B ] ( 1 + [ D H N A ] K i ) K M D + ( 1 + [ D H N A ] K i ) [ B ] − k c a t H [ M e n H ] [ C ] K M H + [ C ] = 0 (7) d [ D ] d t = k c a t H [ M e n H ] [ C ] K M H + [ C ] − k c a t C [ M e n C ] [ D ] K M C + [ D ] = 0 (8) d [ E ] d t = k c a t C [ M e n C ] [ D ] K M C + [ D ] − k c a t E [ M e n E ] [ E ] K M E + [ E",,
entity,/entities/compounds/13,F,A,DB-grounded,,DB00120,drugbank,1,False,"0.759 (heuristic, not a probability)",DHNA biosynthesis (menaquinone precursor) (seed_paper) -- discussion section,"mM17 + 2.5 µL AFC, or 90 µL mM17. The final concentrations of AFC were 2, 1, or 0 mM, with an initial cell OD 600 = 0.1. The plate was sealed with a transparent PCR plate seal (Axygen), and the OD 600 was monitored using a Byonoy Absorbance 96 plate reader in the anaerobic chamber. Steady-state chemical kinetics analysis Model 1 To elucidate the rate-limiting step in the biosynthesis of DHNA from chorismate in L. lactis , we employed a steady-state modeling approach using Michaelis-Menten kinetics. We simplified notation by assigning capital letters to intermediates in the pathway as follows: A for chorismate, B for isochorismate, C for SEPHCHC, D for SHCHC, E for OSB, F for OSB-CoA, and G for DHNA-CoA. The enzyme MenF catalyzes a reversible reaction converting chorismate (A) to isochorismate (B) ( 43 ), and the isochorismate (B) production rate can be expressed as follows: (2) v B = ( k 2 [ M e n F ] [ A ] K M , 1 F − k − 1 [ M e n F ] [ B ] K M , 2 F ) 1 + [ A ] K M , 1 F + [ B ] K M , 2 F where k 2 and k - 1 are the forward and reverse rate constants for the MenF-catalyzed step, and K M , 1 F , K M , 2 F are the Michaelis constants for chorismate (A) and isochorismate (B), respectively. Subsequently, MenD facilitates the conversion of isochorismate (B) to 2-succinyl-5-enolpyruvyl-6-hydroxy-3-cyclohexene-1-carboxylate (SEPHCHC, C), with DHNA acting as a non-competitive inhibitor ( 19 , 20 ), and the SEPHCHC (C) production rate can be expressed as follows: (3) v C = k c a t D [ M e n D ] [ B ] ( 1 + [ D H N A ] K i ) K M D + ( 1 + [ D H N A ] K i ) [ B ] where k c a t D is the catalytic turnover number for MenD, K M D is the Michaelis constant for isochorismate (B), and K i is the inhibition constant for DHNA. Other enzymes involved, namely, MenH, MenC, MenE, MenB, and MenI, are modeled using Michaelis-Menten kinetics, and their production rates can be expressed as follows: (4) v α = k c a t α [ E n z y m e ] [ S u b s t r a t e ] K M α + [ S u b s t r a t e ] where superscript α = H, C, E, B, and I stands for MenH, MenC, MenE, MenB, and MenI, respectively. For each enzyme, k c a t α [ E n z y m e ] = V m a x α . In the first model, we set the chorismate concentration as a constant. The DHNA diffusion through the membrane occurs at a rate k D H N A . The dynamic equations are as follows: (5) d [ B ] d t = ( k 2 [ M e n F ] [ A ] K M , 1 F − k − 1 [ M e n F ] [ B ] K M , 2 F ) 1 + [ A ] K M , 1 F + [ B ] K M , 2 F − k c a t D [ M e n D ] [ B ] ( 1 + [ D H N A ] K i ) K M D + ( 1 + [ D H N A ] K i ) [ B ] = 0 (6) d [ C ] d t = k c a t D [ M e n D ] [ B ] ( 1 + [ D H N A ] K i ) K M D + ( 1 + [ D H N A ] K i ) [ B ] − k c a t H [ M e n H ] [ C ] K M H + [ C ] = 0 (7) d [ D ] d t = k c a t H [ M e n H ] [ C ] K M H + [ C ] − k c a t C [ M e n C ] [ D ] K M C + [ D ] = 0 (8) d [ E ] d t = k c a t C [ M e n C ] [ D ] K M C + [ D ] − k c a t E [ M e n E ] [ E ] K M E + [ E",,
entity,/entities/compounds/14,farnesyl diphosphate (FPP),B,corroborated by a second paper (no identifier),,,,2,False,"0.4631 (heuristic, not a probability)",Combination of SPH and SP80 prolongs the lifespan of &lt;i&gt;Bacillus subtilis&lt;/i&gt; natto to enhance industrial menaquinone-7 biosynthesis. (PMC12174048) -- results section | Physiological Roles of Short-Chain and Long-Chain Menaquinones (Vitamin K2) in <i>Lactococcus cremoris</i>. (PMC8965153) -- introduction section,"+ reduced to 44% ( Equations 1–3 ) ( Figure 7D ). The ratio of NADH/NAD + has been proven to be inversely proportional to MK-7 content in B. subtilis ( Wang et al., 2019 ). 3.6 SPH+SP80 affected the pathway related to the biosynthesis of MK-7 Four modules named glycerol metabolism pathway (Module I), methylerythritol phosphate (MEP) pathway (Module II), shikimate (SA) pathway (Module III), and MK-7 pathway (Module IV) were involved in the biosynthesis pathway of MK-7 in B. subtilis natto ( Figure 3A ; Yang et al., 2019 ). The different expression changes of genes involved in four modules were detected ( Supplementary Table S1 ). In Module I, three enzymes, such as glycerol kinase (GlpK), Gly-3P dehydrogenase (GlpD), and glycerol facilitator (GlpF), played crucial roles in the SPH+SP80 group because the expression of glpK, glpD , and glpF was upregulated 1.78-, 1.62-, and 1.43-fold, respectively. The change of most of the enzymes in Module II was not significant in the SPH+SP80 group ( Figures 3A , B ). Except for membrane proteins like Fni and HepS, which catalyzed a reversible reaction of isopentenyl diphosphate (IPP) to form dimethylallyl diphosphate (DMAPP), the reaction of farnesyl diphosphate (FPP) to heptaprenyl diphosphate (HDP) was upregulated 1.42-fold, and 1.16-fold, respectively. As for Module III, the expression of aroA , aroB , aroC , aroD , aroK , and aroE was upregulated 1.47-, 0.75-, 0.64-, 0.77-, 2.30-, and 0.28-fold, respectively ( Figure 3B ), which verified a previous study showing that AroA and AroK played a crucial role in the SA pathway ( Cui et al., 2019 ). The genes encoding PabA, PabB, AroH, and TrpE, which were used to synthesize aromatic amino acids such as tryptophan (Trp), tyrosine (Tyr), and phenylalanine (Phe) from chorismate, were downregulated by 36, 26, 25, and 53%, respectively. Nine enzymes (MenA, B, C, D, E, F, G, H, and I) were involved in the synthesis of 1,4-dihydroxy-2-naphthoyl-CoA (DHNA-CoA) in Module IV. Interestingly, only genes encoding membrane proteins ( menA , menB , menD , menE , and menG ) were upregulated, especially menA , menG, and menD, whose expression levels were highly regulated by 1.43-, 1.12-, and 1.47-fold, respectively, in the SPH+SP80. These results provide clues for further modification of MK-7 biosynthesis at the transcriptional level. Taken together, an active electron transfer system stimulated the expression of related genes on the cell membrane, such as ispE , hepS , aroA , aroK , menA , menD , and menG , which were key enzyme-encoding genes for synthesizing MK-7, and finally promoted the synthesis of MK-7. 4 | cremoris strain MG1363 and mutants. MK biosynthesis in L. cremoris / L. lactis is predicted to follow a pathway consisting of three parts: (i) synthesis of the naphthoquinone structure (the head group), (ii) synthesis of the isoprenyl side chain (the tail group), and (iii) joining of the head and tail structures giving the MK. The head group synthesis starts with chorismate generated from the Shikimate pathway with the first step catalyzed by a menaquinone-specific isochorismate synthase (predicted encoding gene is menF ), and the tail group synthesis starts with isopentenyl diphosphate (IPP), containing a single isoprene unit, generated from mevalonate pathway. For building the side chain, first a geranyltranstransferase (predicted encoding gene is ispA ) is required to form farnesyl diphosphate (FPP) containing three isoprene units. More IPP is linked to FPP to form longer isoprene chains, and this step is catalyzed by a prenyl diphosphate synthase (predicted encoding gene is llmg_0196 ). The latter enzyme also is thought to play a role in determination of the length of the isoprene chain ( Nagel et al., 2018 ; Johnston and Bulloch, 2020 ). Finally, the naphthoquinone head group – 1.4-dihydroxy-2-naphthoic acid (DHNA), and the polyprenyl tail group are combined by isoprenyl diphosphate:1,4-dihydroxy-2-naphthoate isoprenyltransferase to form demethylmenaquinone (DMK), which is methylated to give MK. Mainly MK-9, MK-8, and MK-3 are formed in original L. cremoris strain MG1363 (green box). Mutants Δ menF ,Δ ispA , and Δ llmg_0196 are expected to produce no MK, only MK-1, and only MK-3, respectively. Genes targeted in this study are shown in green color. Predicted MK production route and profiles in respective gene deletion mutants are shown in red boxes.",,
entity,/entities/compounds/15,Fe 2+,C,single-source (review),,,,1,False,"0.8509 (heuristic, not a probability)",DHNA biosynthesis (menaquinone precursor) (seed_paper) -- results section,"results ( 11 ), largely due to limited understanding of the regulatory mechanisms governing quinone biosynthesis. MK biosynthesis starts from chorismate and proceeds through a seven-enzyme pathway consisting of MenF, MenD, MenH, MenC, MenE, MenB, and MenI to produce DHNA. Subsequently, MenA joins DHNA and prenyl diphosphate to produce demethylmenaquinone (DMK), and MenG demethylates DMK to generate MK ( Fig. 1A ). Strategies have attempted to enhance DHNA supply by overexpressing individual enzymes ( 13 – 17 ) or the entire DHNA biosynthesis operon ( 14 , 18 ). However, these efforts often lead to inconsistent and modest increases in DHNA/MK levels despite upregulated transcription of the respective genes ( 14 , 15 ). Conflicting outcomes have also been reported across different studies; for example, overexpressing MenF or MenD enhanced MK production in some cases but not others ( 13 , 15 – 17 ). These data suggest that a regulatory network might exist to control DHNA and MK levels and buffer against genetic perturbations. While these regulations are physiologically plausible, as microbes must resist quinone overproduction to avoid oxidative stress and growth inhibition ( 4 ), the molecular mechanisms remain elusive. Fig 1 A biosensing system for quantitative detection of DHNA at picomolar concentration. ( A ) Schematic showing the menaquinone biosynthesis pathway. DHNA is the precursor of menaquinone. ( B ) Workflow of the DHNA biosensing system. L. lactis was incubated for 2 hours to allow DHNA synthesis. The cell-free supernatant was collected and mixed with L. plantarum and iron reduction reagents, including iron(III) oxide and ferrozine (FZ). L. plantarum utilizes DHNA secreted by L. lactis to reduce Fe 3+ to Fe 2+ . The resulting Fe 2+ reacts with ferrozine, producing a magenta color product whose absorbance correlates with DHNA concentration. ( C ) Calibration curve of DHNA concentration versus absorbance at 562 nm. L. plantarum was incubated with varying concentrations of exogenous DHNA. The [DHNA]-OD 562 curve was fitted to a non-linear function. The top panel shows a scanned image of the assay plate. ( D ) L. plantarum can detect DHNA secreted from varying cell densities of quinone-producing L. lactis but not from the deficient mutant. Δ menC + menC represents menC gene complementation under a constitutive promoter on a plasmid in the Δ menC background. DHNA concentrations were calculated based on the calibration curve in panel C . The top panel shows a scanned image of the assay plate. All data represent mean ± 1 s.d. for three biological replicates. Bacterial biosensing system detecting DHNA in menaquinone biosynthesis through L. lactis-L. plantarum interaction and iron reduction colorimetry. Calibration shows picomolar sensitivity (R²=0.99) with validation using wild-type and menC mutant strains. Previous studies shed light on the quinone regulatory mechanism, but a system-level understanding has not been achieved. Studies have revealed that MenD can be allosterically inhibited by DHNA in Staphylococcus aureus ( 19 ) and Mycobacterium tuberculosis ( 20 ), suggesting an end-product feedback mechanism. In addition, MenF is also known to be capable of catalyzing both forward and reverse conversion of chorismate to isochorismate ( 21 ). However, it is unclear how these individual mechanisms interact to control DHNA production. Here, we study one of the major quinone producers, Lactococcus lactis, and reveal a multi-layer mechanism regulating DHNA biosynthesis. Leveraging a novel biosensing system, we quantified DHNA concentration at picomolar sensitivity. We then synthetically perturbed enzyme levels on genetic constructs and found that DHNA concentration can be modulated by both MenF and MenD, but to different degrees. A mathematical model uncovers a two-phase regulatory pattern resulting from the interplay of reversible flux and end-product feedback inhibition, where the regulatory roles of MenF and MenD shift based on their relative expression levels. The model also predicts limited availability of the substrate chorismate, which restrains DHNA from being overproduced. These mechanisms can collectively contribute to quinone homeostasis and imply new strategies to efficiently engineer quinone production. RESULTS A biosensing system allows sensitive and quantitative DHNA detection Since DHNA is the common precursor for all MK derivatives, we sought to interrogate the regulatory mechanism of quinone biosynthesis by focusing on DHNA. To precisely measure DHNA concentration, we constructed a L. lactis mutant lacking DHNA-utilizing pathways. We knocked out menA (encodes for DHNA prenyltransferase) to prevent DHNA from being utilized for DMK and MK biosynthesis ( Fig. 1A ). In addition, we knocked out noxAB (encodes for NADH:quinone oxidoreductases) to prevent DHNA from interacting with quinone reductases ( 22 ) , which may otherwise alter DHNA redox state and interfere with DHNA quantification. We next developed a high-throughput method for quantitative DHNA detection. While previous studies mainly measured DHNA concentration with high-performance liquid chromatography (HPLC) ( 23 – 26 ), this approach requires complex sample preparation and purification processes and has a limited detection of 1 µM",,
entity,/entities/compounds/16,Fe 3+,C,single-source (review),,,,1,False,"0.8509 (heuristic, not a probability)",DHNA biosynthesis (menaquinone precursor) (seed_paper) -- results section,"results ( 11 ), largely due to limited understanding of the regulatory mechanisms governing quinone biosynthesis. MK biosynthesis starts from chorismate and proceeds through a seven-enzyme pathway consisting of MenF, MenD, MenH, MenC, MenE, MenB, and MenI to produce DHNA. Subsequently, MenA joins DHNA and prenyl diphosphate to produce demethylmenaquinone (DMK), and MenG demethylates DMK to generate MK ( Fig. 1A ). Strategies have attempted to enhance DHNA supply by overexpressing individual enzymes ( 13 – 17 ) or the entire DHNA biosynthesis operon ( 14 , 18 ). However, these efforts often lead to inconsistent and modest increases in DHNA/MK levels despite upregulated transcription of the respective genes ( 14 , 15 ). Conflicting outcomes have also been reported across different studies; for example, overexpressing MenF or MenD enhanced MK production in some cases but not others ( 13 , 15 – 17 ). These data suggest that a regulatory network might exist to control DHNA and MK levels and buffer against genetic perturbations. While these regulations are physiologically plausible, as microbes must resist quinone overproduction to avoid oxidative stress and growth inhibition ( 4 ), the molecular mechanisms remain elusive. Fig 1 A biosensing system for quantitative detection of DHNA at picomolar concentration. ( A ) Schematic showing the menaquinone biosynthesis pathway. DHNA is the precursor of menaquinone. ( B ) Workflow of the DHNA biosensing system. L. lactis was incubated for 2 hours to allow DHNA synthesis. The cell-free supernatant was collected and mixed with L. plantarum and iron reduction reagents, including iron(III) oxide and ferrozine (FZ). L. plantarum utilizes DHNA secreted by L. lactis to reduce Fe 3+ to Fe 2+ . The resulting Fe 2+ reacts with ferrozine, producing a magenta color product whose absorbance correlates with DHNA concentration. ( C ) Calibration curve of DHNA concentration versus absorbance at 562 nm. L. plantarum was incubated with varying concentrations of exogenous DHNA. The [DHNA]-OD 562 curve was fitted to a non-linear function. The top panel shows a scanned image of the assay plate. ( D ) L. plantarum can detect DHNA secreted from varying cell densities of quinone-producing L. lactis but not from the deficient mutant. Δ menC + menC represents menC gene complementation under a constitutive promoter on a plasmid in the Δ menC background. DHNA concentrations were calculated based on the calibration curve in panel C . The top panel shows a scanned image of the assay plate. All data represent mean ± 1 s.d. for three biological replicates. Bacterial biosensing system detecting DHNA in menaquinone biosynthesis through L. lactis-L. plantarum interaction and iron reduction colorimetry. Calibration shows picomolar sensitivity (R²=0.99) with validation using wild-type and menC mutant strains. Previous studies shed light on the quinone regulatory mechanism, but a system-level understanding has not been achieved. Studies have revealed that MenD can be allosterically inhibited by DHNA in Staphylococcus aureus ( 19 ) and Mycobacterium tuberculosis ( 20 ), suggesting an end-product feedback mechanism. In addition, MenF is also known to be capable of catalyzing both forward and reverse conversion of chorismate to isochorismate ( 21 ). However, it is unclear how these individual mechanisms interact to control DHNA production. Here, we study one of the major quinone producers, Lactococcus lactis, and reveal a multi-layer mechanism regulating DHNA biosynthesis. Leveraging a novel biosensing system, we quantified DHNA concentration at picomolar sensitivity. We then synthetically perturbed enzyme levels on genetic constructs and found that DHNA concentration can be modulated by both MenF and MenD, but to different degrees. A mathematical model uncovers a two-phase regulatory pattern resulting from the interplay of reversible flux and end-product feedback inhibition, where the regulatory roles of MenF and MenD shift based on their relative expression levels. The model also predicts limited availability of the substrate chorismate, which restrains DHNA from being overproduced. These mechanisms can collectively contribute to quinone homeostasis and imply new strategies to efficiently engineer quinone production. RESULTS A biosensing system allows sensitive and quantitative DHNA detection Since DHNA is the common precursor for all MK derivatives, we sought to interrogate the regulatory mechanism of quinone biosynthesis by focusing on DHNA. To precisely measure DHNA concentration, we constructed a L. lactis mutant lacking DHNA-utilizing pathways. We knocked out menA (encodes for DHNA prenyltransferase) to prevent DHNA from being utilized for DMK and MK biosynthesis ( Fig. 1A ). In addition, we knocked out noxAB (encodes for NADH:quinone oxidoreductases) to prevent DHNA from interacting with quinone reductases ( 22 ) , which may otherwise alter DHNA redox state and interfere with DHNA quantification. We next developed a high-throughput method for quantitative DHNA detection. While previous studies mainly measured DHNA concentration with high-performance liquid chromatography (HPLC) ( 23 – 26 ), this approach requires complex sample preparation and purification processes and has a limited detection of 1 µM",,
entity,/entities/compounds/17,FPP,B,corroborated by a second paper (no identifier),,,,2,False,"0.6326 (heuristic, not a probability)",Engineering <i>Lactococcus lactis</i> for Increased Vitamin K2 Production. (PMC7093718) -- introduction section | Physiological Roles of Short-Chain and Long-Chain Menaquinones (Vitamin K2) in <i>Lactococcus cremoris</i>. (PMC8965153) -- introduction section,"value of fermented food, but until very recently there were no reports on optimization of dairy production or metabolic engineering of LAB strains to achieve higher menaquinone levels. Several genomes of the dominating vitamin K2 producing LAB, L. lactis have been sequenced, and putative genes encoding the enzymes for the individual steps of menaquinone biosynthesis annotated (Wegmann et al., 2007 ). In L. lactis menaquinones are synthesized from acetyl-CoA, phosphoenolpyruvate and D-erythrose-4-phosphate. The precursors are converted step by step to a hydrophobic polyprenyl diphosphate (PP) chain (mevalonate and polyprenyl pathways) and a hydrophilic naphtoquinone ring; 1,4-dihydroxy-2-napthoate (DHNA) (shikimate and menaquinone pathways). Finally, MenA, a DHNA polyprenyltransferase, joins the prenyl diphosphate and DHNA to form demethylmenaquinone ( Figure 1 ). The product of the shikimate pathway, chorismate, is also a substrate for synthesis of the essential aromatic amino acids (AAA) and folate and its production and further conversion is highly regulated (Dosselaere and Vanderleyden, 2001 ). For instance, the first enzyme of the shikimate pathway, 3-Deoxy-D-arabinoheptulosonate 7-phosphate synthase (DAHPS), is known to be feedback inhibited by AAA in diverse microorganisms (Mir et al., 2015 ) and similar regulatory events are likely to exist in lactococci. Chorismate is converted to DHNA through 7 enzymatic steps starting with isochorismate synthase (encoded by menF ). The polyprenyl diphosphate chain is synthesized from isopentenyl pyrophosphate (IPP) units formed through the mevalonate pathway. Six enzymatic steps, catalyzed by 3-ketoacyl-CoA thiolase ( thiL ), hydroxymethylglutaryl-CoA synthase ( hmcM ), hydroxymethylglutaryl-CoA reductase ( mvaA ), mevalonate kinase ( mvk ), phosphomevalonate kinase ( pmk ), and diphosphomevalonate decarboxylase ( mvaD ) are required to convert acetyl-CoA into IPP (C5). These reactions constitute the most energy- and substrate-consuming part of menaquinone synthesis as they require 3 acetyl-CoA, 3 ATP, and 1 NADPH per IPP formed. The geranyltranstransferase ( ispA ) and isopentenyl-diphosphate delta-isomerase ( fni ) then combine IPP units into FPP (farnesyl diphosphate, C15). FPP is a scaffold for further lengthening of the prenyl diphosphate chain by consecutive addition of IPP units to make the all-trans polyprenyl diphosphate (for MK-n production) or di-trans, poly-cis-undecaprenyl pyrophosphate (UPP, C55). UPP is essential for lactococci as it is a substrate for synthesis of peptidoglycan (Bouhss et al., 2008 ). In L. lactis 2 genomic loci encode possible prenyl diphosphate synthases. The gerCA ( llmg_1111 ) and ispB ( llmg_1110 ) locus encodes proteins with homology to 2-component heptaprenyl diphosphate synthases. The gene llmg_0196 is in an operon with menA (DHNA polyprenyltransferase) and encodes a putative geranylgeranyl pyrophosphate synthase. In L. lactis ssp. lactis the gene and gene product of llmg_0196 are called preA and PreA and we will hereafter employ these names also for L. lactis ssp. cremoris MG1363. Figure 1 The lactococcal biosynthetic pathways for menaquinone(s). Intermediates that are substrates for competing essential pathways are shown as branched points (chorismate and FPP). IPP, isopentenyl pyrophosphate; FPP, farnesyl pyrophosphate; UPP, undecaprenyl pyrophosphate. Menaquinones play an essential role in electron transport but are not essential for fermentative growth in L. lactis (Rezaiki et al., 2008 ). However, in the presence of heme L. lactis can produce cytochrome and a functional electron transport chain enabling respiratory growth resulting in improved growth and survival in stationary phase (Sijpesteijn, 1970 ; Duwat et al., 2001 ; Gaudu et al., 2002 ; Rezaiki et al., 2008 ; Brooijmans et al., 2009 ). In addition, menaquinones can reduce both Fe and Cu and might be important for assimilation of metals (Rezaiki et al., 2008 ). The levels of menaquinone found in L. lactis are strain-dependent and vary in response to aerobic vs. anaerobic conditions as well as culture medium, carbon source and temperature. In L. lactis MK-9 is produced as the dominating menaquinone species, but minor amounts of MK-3, MK-7, MK-8 and MK-10 are also formed (Morishita et al., 1999 ; Rezaiki et al., 2008 ; Brooijmans et al., 2009 ). One recent study show that adjusting fermentation parameters like preculture conditions, carbon source and temperature result in up to 50% increase of vitamin K2 in fermented milk (Liu et al., 2019 ). However, there are no other reports available describing how to increase strain performance or optimize conditions to elevate menaquinone content during food fermentations, neither is information on the contribution of each enzyme to the biosynthetic pathway of menaquinones in lactococci. Such knowledge could be helpful in selecting the optimal lactococci for fermentation of milk into a product with higher functional value regarding vitamin K2. Therefore, in the present study several genes of the biosynthetic pathway of menaquinones in L. lactis ssp. cremoris MG1363 were overexpressed singly or in combination to investigate their potential to raise menaquinone levels. We identify bottle-necks and key genes for biosynthesis of menaquinones in MG1363 and thereby provide a foundation for development of strains capable of higher K2-production during food | cremoris strain MG1363 and mutants. MK biosynthesis in L. cremoris / L. lactis is predicted to follow a pathway consisting of three parts: (i) synthesis of the naphthoquinone structure (the head group), (ii) synthesis of the isoprenyl side chain (the tail group), and (iii) joining of the head and tail structures giving the MK. The head group synthesis starts with chorismate generated from the Shikimate pathway with the first step catalyzed by a menaquinone-specific isochorismate synthase (predicted encoding gene is menF ), and the tail group synthesis starts with isopentenyl diphosphate (IPP), containing a single isoprene unit, generated from mevalonate pathway. For building the side chain, first a geranyltranstransferase (predicted encoding gene is ispA ) is required to form farnesyl diphosphate (FPP) containing three isoprene units. More IPP is linked to FPP to form longer isoprene chains, and this step is catalyzed by a prenyl diphosphate synthase (predicted encoding gene is llmg_0196 ). The latter enzyme also is thought to play a role in determination of the length of the isoprene chain ( Nagel et al., 2018 ; Johnston and Bulloch, 2020 ). Finally, the naphthoquinone head group – 1.4-dihydroxy-2-naphthoic acid (DHNA), and the polyprenyl tail group are combined by isoprenyl diphosphate:1,4-dihydroxy-2-naphthoate isoprenyltransferase to form demethylmenaquinone (DMK), which is methylated to give MK. Mainly MK-9, MK-8, and MK-3 are formed in original L. cremoris strain MG1363 (green box). Mutants Δ menF ,Δ ispA , and Δ llmg_0196 are expected to produce no MK, only MK-1, and only MK-3, respectively. Genes targeted in this study are shown in green color. Predicted MK production route and profiles in respective gene deletion mutants are shown in red boxes.",,
entity,/entities/compounds/18,heptaprenyl diphosphate (HDP),C,single-source (review),,,,1,False,"0.4368 (heuristic, not a probability)",Combination of SPH and SP80 prolongs the lifespan of &lt;i&gt;Bacillus subtilis&lt;/i&gt; natto to enhance industrial menaquinone-7 biosynthesis. (PMC12174048) -- results section,"+ reduced to 44% ( Equations 1–3 ) ( Figure 7D ). The ratio of NADH/NAD + has been proven to be inversely proportional to MK-7 content in B. subtilis ( Wang et al., 2019 ). 3.6 SPH+SP80 affected the pathway related to the biosynthesis of MK-7 Four modules named glycerol metabolism pathway (Module I), methylerythritol phosphate (MEP) pathway (Module II), shikimate (SA) pathway (Module III), and MK-7 pathway (Module IV) were involved in the biosynthesis pathway of MK-7 in B. subtilis natto ( Figure 3A ; Yang et al., 2019 ). The different expression changes of genes involved in four modules were detected ( Supplementary Table S1 ). In Module I, three enzymes, such as glycerol kinase (GlpK), Gly-3P dehydrogenase (GlpD), and glycerol facilitator (GlpF), played crucial roles in the SPH+SP80 group because the expression of glpK, glpD , and glpF was upregulated 1.78-, 1.62-, and 1.43-fold, respectively. The change of most of the enzymes in Module II was not significant in the SPH+SP80 group ( Figures 3A , B ). Except for membrane proteins like Fni and HepS, which catalyzed a reversible reaction of isopentenyl diphosphate (IPP) to form dimethylallyl diphosphate (DMAPP), the reaction of farnesyl diphosphate (FPP) to heptaprenyl diphosphate (HDP) was upregulated 1.42-fold, and 1.16-fold, respectively. As for Module III, the expression of aroA , aroB , aroC , aroD , aroK , and aroE was upregulated 1.47-, 0.75-, 0.64-, 0.77-, 2.30-, and 0.28-fold, respectively ( Figure 3B ), which verified a previous study showing that AroA and AroK played a crucial role in the SA pathway ( Cui et al., 2019 ). The genes encoding PabA, PabB, AroH, and TrpE, which were used to synthesize aromatic amino acids such as tryptophan (Trp), tyrosine (Tyr), and phenylalanine (Phe) from chorismate, were downregulated by 36, 26, 25, and 53%, respectively. Nine enzymes (MenA, B, C, D, E, F, G, H, and I) were involved in the synthesis of 1,4-dihydroxy-2-naphthoyl-CoA (DHNA-CoA) in Module IV. Interestingly, only genes encoding membrane proteins ( menA , menB , menD , menE , and menG ) were upregulated, especially menA , menG, and menD, whose expression levels were highly regulated by 1.43-, 1.12-, and 1.47-fold, respectively, in the SPH+SP80. These results provide clues for further modification of MK-7 biosynthesis at the transcriptional level. Taken together, an active electron transfer system stimulated the expression of related genes on the cell membrane, such as ispE , hepS , aroA , aroK , menA , menD , and menG , which were key enzyme-encoding genes for synthesizing MK-7, and finally promoted the synthesis of MK-7. 4",,
entity,/entities/compounds/19,IPP,B,corroborated by a second paper (no identifier),,,,2,False,"0.6326 (heuristic, not a probability)",Engineering <i>Lactococcus lactis</i> for Increased Vitamin K2 Production. (PMC7093718) -- introduction section | Physiological Roles of Short-Chain and Long-Chain Menaquinones (Vitamin K2) in <i>Lactococcus cremoris</i>. (PMC8965153) -- introduction section,"value of fermented food, but until very recently there were no reports on optimization of dairy production or metabolic engineering of LAB strains to achieve higher menaquinone levels. Several genomes of the dominating vitamin K2 producing LAB, L. lactis have been sequenced, and putative genes encoding the enzymes for the individual steps of menaquinone biosynthesis annotated (Wegmann et al., 2007 ). In L. lactis menaquinones are synthesized from acetyl-CoA, phosphoenolpyruvate and D-erythrose-4-phosphate. The precursors are converted step by step to a hydrophobic polyprenyl diphosphate (PP) chain (mevalonate and polyprenyl pathways) and a hydrophilic naphtoquinone ring; 1,4-dihydroxy-2-napthoate (DHNA) (shikimate and menaquinone pathways). Finally, MenA, a DHNA polyprenyltransferase, joins the prenyl diphosphate and DHNA to form demethylmenaquinone ( Figure 1 ). The product of the shikimate pathway, chorismate, is also a substrate for synthesis of the essential aromatic amino acids (AAA) and folate and its production and further conversion is highly regulated (Dosselaere and Vanderleyden, 2001 ). For instance, the first enzyme of the shikimate pathway, 3-Deoxy-D-arabinoheptulosonate 7-phosphate synthase (DAHPS), is known to be feedback inhibited by AAA in diverse microorganisms (Mir et al., 2015 ) and similar regulatory events are likely to exist in lactococci. Chorismate is converted to DHNA through 7 enzymatic steps starting with isochorismate synthase (encoded by menF ). The polyprenyl diphosphate chain is synthesized from isopentenyl pyrophosphate (IPP) units formed through the mevalonate pathway. Six enzymatic steps, catalyzed by 3-ketoacyl-CoA thiolase ( thiL ), hydroxymethylglutaryl-CoA synthase ( hmcM ), hydroxymethylglutaryl-CoA reductase ( mvaA ), mevalonate kinase ( mvk ), phosphomevalonate kinase ( pmk ), and diphosphomevalonate decarboxylase ( mvaD ) are required to convert acetyl-CoA into IPP (C5). These reactions constitute the most energy- and substrate-consuming part of menaquinone synthesis as they require 3 acetyl-CoA, 3 ATP, and 1 NADPH per IPP formed. The geranyltranstransferase ( ispA ) and isopentenyl-diphosphate delta-isomerase ( fni ) then combine IPP units into FPP (farnesyl diphosphate, C15). FPP is a scaffold for further lengthening of the prenyl diphosphate chain by consecutive addition of IPP units to make the all-trans polyprenyl diphosphate (for MK-n production) or di-trans, poly-cis-undecaprenyl pyrophosphate (UPP, C55). UPP is essential for lactococci as it is a substrate for synthesis of peptidoglycan (Bouhss et al., 2008 ). In L. lactis 2 genomic loci encode possible prenyl diphosphate synthases. The gerCA ( llmg_1111 ) and ispB ( llmg_1110 ) locus encodes proteins with homology to 2-component heptaprenyl diphosphate synthases. The gene llmg_0196 is in an operon with menA (DHNA polyprenyltransferase) and encodes a putative geranylgeranyl pyrophosphate synthase. In L. lactis ssp. lactis the gene and gene product of llmg_0196 are called preA and PreA and we will hereafter employ these names also for L. lactis ssp. cremoris MG1363. Figure 1 The lactococcal biosynthetic pathways for menaquinone(s). Intermediates that are substrates for competing essential pathways are shown as branched points (chorismate and FPP). IPP, isopentenyl pyrophosphate; FPP, farnesyl pyrophosphate; UPP, undecaprenyl pyrophosphate. Menaquinones play an essential role in electron transport but are not essential for fermentative growth in L. lactis (Rezaiki et al., 2008 ). However, in the presence of heme L. lactis can produce cytochrome and a functional electron transport chain enabling respiratory growth resulting in improved growth and survival in stationary phase (Sijpesteijn, 1970 ; Duwat et al., 2001 ; Gaudu et al., 2002 ; Rezaiki et al., 2008 ; Brooijmans et al., 2009 ). In addition, menaquinones can reduce both Fe and Cu and might be important for assimilation of metals (Rezaiki et al., 2008 ). The levels of menaquinone found in L. lactis are strain-dependent and vary in response to aerobic vs. anaerobic conditions as well as culture medium, carbon source and temperature. In L. lactis MK-9 is produced as the dominating menaquinone species, but minor amounts of MK-3, MK-7, MK-8 and MK-10 are also formed (Morishita et al., 1999 ; Rezaiki et al., 2008 ; Brooijmans et al., 2009 ). One recent study show that adjusting fermentation parameters like preculture conditions, carbon source and temperature result in up to 50% increase of vitamin K2 in fermented milk (Liu et al., 2019 ). However, there are no other reports available describing how to increase strain performance or optimize conditions to elevate menaquinone content during food fermentations, neither is information on the contribution of each enzyme to the biosynthetic pathway of menaquinones in lactococci. Such knowledge could be helpful in selecting the optimal lactococci for fermentation of milk into a product with higher functional value regarding vitamin K2. Therefore, in the present study several genes of the biosynthetic pathway of menaquinones in L. lactis ssp. cremoris MG1363 were overexpressed singly or in combination to investigate their potential to raise menaquinone levels. We identify bottle-necks and key genes for biosynthesis of menaquinones in MG1363 and thereby provide a foundation for development of strains capable of higher K2-production during food | cremoris strain MG1363 and mutants. MK biosynthesis in L. cremoris / L. lactis is predicted to follow a pathway consisting of three parts: (i) synthesis of the naphthoquinone structure (the head group), (ii) synthesis of the isoprenyl side chain (the tail group), and (iii) joining of the head and tail structures giving the MK. The head group synthesis starts with chorismate generated from the Shikimate pathway with the first step catalyzed by a menaquinone-specific isochorismate synthase (predicted encoding gene is menF ), and the tail group synthesis starts with isopentenyl diphosphate (IPP), containing a single isoprene unit, generated from mevalonate pathway. For building the side chain, first a geranyltranstransferase (predicted encoding gene is ispA ) is required to form farnesyl diphosphate (FPP) containing three isoprene units. More IPP is linked to FPP to form longer isoprene chains, and this step is catalyzed by a prenyl diphosphate synthase (predicted encoding gene is llmg_0196 ). The latter enzyme also is thought to play a role in determination of the length of the isoprene chain ( Nagel et al., 2018 ; Johnston and Bulloch, 2020 ). Finally, the naphthoquinone head group – 1.4-dihydroxy-2-naphthoic acid (DHNA), and the polyprenyl tail group are combined by isoprenyl diphosphate:1,4-dihydroxy-2-naphthoate isoprenyltransferase to form demethylmenaquinone (DMK), which is methylated to give MK. Mainly MK-9, MK-8, and MK-3 are formed in original L. cremoris strain MG1363 (green box). Mutants Δ menF ,Δ ispA , and Δ llmg_0196 are expected to produce no MK, only MK-1, and only MK-3, respectively. Genes targeted in this study are shown in green color. Predicted MK production route and profiles in respective gene deletion mutants are shown in red boxes.",,
entity,/entities/compounds/20,isochorismate,B,corroborated by a second paper (no identifier),,,,2,False,"0.8509 (heuristic, not a probability)",New aspects of microbial vitamin K2 production by expanding the product spectrum. (PMC8042841) -- figure section | DHNA biosynthesis (menaquinone precursor) (seed_paper) -- results section,"Fig. 1 a) [ 33 , 34 ]. In the first step of the classical MK pathway, MenF converts chorismate into isochorismate, which is further converted by six enzymes encoded by the menDHCEB operon to form 1,4-dihydroxy-2-naphthoate (Fig. 1 b) [ 17 , 26 ]. In the first step of the futalosine pathway, MqnA cat | results ( 11 ), largely due to limited understanding of the regulatory mechanisms governing quinone biosynthesis. MK biosynthesis starts from chorismate and proceeds through a seven-enzyme pathway consisting of MenF, MenD, MenH, MenC, MenE, MenB, and MenI to produce DHNA. Subsequently, MenA joins DHNA and prenyl diphosphate to produce demethylmenaquinone (DMK), and MenG demethylates DMK to generate MK ( Fig. 1A ). Strategies have attempted to enhance DHNA supply by overexpressing individual enzymes ( 13 – 17 ) or the entire DHNA biosynthesis operon ( 14 , 18 ). However, these efforts often lead to inconsistent and modest increases in DHNA/MK levels despite upregulated transcription of the respective genes ( 14 , 15 ). Conflicting outcomes have also been reported across different studies; for example, overexpressing MenF or MenD enhanced MK production in some cases but not others ( 13 , 15 – 17 ). These data suggest that a regulatory network might exist to control DHNA and MK levels and buffer against genetic perturbations. While these regulations are physiologically plausible, as microbes must resist quinone overproduction to avoid oxidative stress and growth inhibition ( 4 ), the molecular mechanisms remain elusive. Fig 1 A biosensing system for quantitative detection of DHNA at picomolar concentration. ( A ) Schematic showing the menaquinone biosynthesis pathway. DHNA is the precursor of menaquinone. ( B ) Workflow of the DHNA biosensing system. L. lactis was incubated for 2 hours to allow DHNA synthesis. The cell-free supernatant was collected and mixed with L. plantarum and iron reduction reagents, including iron(III) oxide and ferrozine (FZ). L. plantarum utilizes DHNA secreted by L. lactis to reduce Fe 3+ to Fe 2+ . The resulting Fe 2+ reacts with ferrozine, producing a magenta color product whose absorbance correlates with DHNA concentration. ( C ) Calibration curve of DHNA concentration versus absorbance at 562 nm. L. plantarum was incubated with varying concentrations of exogenous DHNA. The [DHNA]-OD 562 curve was fitted to a non-linear function. The top panel shows a scanned image of the assay plate. ( D ) L. plantarum can detect DHNA secreted from varying cell densities of quinone-producing L. lactis but not from the deficient mutant. Δ menC + menC represents menC gene complementation under a constitutive promoter on a plasmid in the Δ menC background. DHNA concentrations were calculated based on the calibration curve in panel C . The top panel shows a scanned image of the assay plate. All data represent mean ± 1 s.d. for three biological replicates. Bacterial biosensing system detecting DHNA in menaquinone biosynthesis through L. lactis-L. plantarum interaction and iron reduction colorimetry. Calibration shows picomolar sensitivity (R²=0.99) with validation using wild-type and menC mutant strains. Previous studies shed light on the quinone regulatory mechanism, but a system-level understanding has not been achieved. Studies have revealed that MenD can be allosterically inhibited by DHNA in Staphylococcus aureus ( 19 ) and Mycobacterium tuberculosis ( 20 ), suggesting an end-product feedback mechanism. In addition, MenF is also known to be capable of catalyzing both forward and reverse conversion of chorismate to isochorismate ( 21 ). However, it is unclear how these individual mechanisms interact to control DHNA production. Here, we study one of the major quinone producers, Lactococcus lactis, and reveal a multi-layer mechanism regulating DHNA biosynthesis. Leveraging a novel biosensing system, we quantified DHNA concentration at picomolar sensitivity. We then synthetically perturbed enzyme levels on genetic constructs and found that DHNA concentration can be modulated by both MenF and MenD, but to different degrees. A mathematical model uncovers a two-phase regulatory pattern resulting from the interplay of reversible flux and end-product feedback inhibition, where the regulatory roles of MenF and MenD shift based on their relative expression levels. The model also predicts limited availability of the substrate chorismate, which restrains DHNA from being overproduced. These mechanisms can collectively contribute to quinone homeostasis and imply new strategies to efficiently engineer quinone production. RESULTS A biosensing system allows sensitive and quantitative DHNA detection Since DHNA is the common precursor for all MK derivatives, we sought to interrogate the regulatory mechanism of quinone biosynthesis by focusing on DHNA. To precisely measure DHNA concentration, we constructed a L. lactis mutant lacking DHNA-utilizing pathways. We knocked out menA (encodes for DHNA prenyltransferase) to prevent DHNA from being utilized for DMK and MK biosynthesis ( Fig. 1A ). In addition, we knocked out noxAB (encodes for NADH:quinone oxidoreductases) to prevent DHNA from interacting with quinone reductases ( 22 ) , which may otherwise alter DHNA redox state and interfere with DHNA quantification. We next developed a high-throughput method for quantitative DHNA detection. While previous studies mainly measured DHNA concentration with high-performance liquid chromatography (HPLC) ( 23 – 26 ), this approach requires complex sample preparation and purification processes and has a limited detection of 1 µM",,
entity,/entities/compounds/21,isochorismate (B),C,single-source (review),,,,1,False,"0.759 (heuristic, not a probability)",DHNA biosynthesis (menaquinone precursor) (seed_paper) -- discussion section,"mM17 + 2.5 µL AFC, or 90 µL mM17. The final concentrations of AFC were 2, 1, or 0 mM, with an initial cell OD 600 = 0.1. The plate was sealed with a transparent PCR plate seal (Axygen), and the OD 600 was monitored using a Byonoy Absorbance 96 plate reader in the anaerobic chamber. Steady-state chemical kinetics analysis Model 1 To elucidate the rate-limiting step in the biosynthesis of DHNA from chorismate in L. lactis , we employed a steady-state modeling approach using Michaelis-Menten kinetics. We simplified notation by assigning capital letters to intermediates in the pathway as follows: A for chorismate, B for isochorismate, C for SEPHCHC, D for SHCHC, E for OSB, F for OSB-CoA, and G for DHNA-CoA. The enzyme MenF catalyzes a reversible reaction converting chorismate (A) to isochorismate (B) ( 43 ), and the isochorismate (B) production rate can be expressed as follows: (2) v B = ( k 2 [ M e n F ] [ A ] K M , 1 F − k − 1 [ M e n F ] [ B ] K M , 2 F ) 1 + [ A ] K M , 1 F + [ B ] K M , 2 F where k 2 and k - 1 are the forward and reverse rate constants for the MenF-catalyzed step, and K M , 1 F , K M , 2 F are the Michaelis constants for chorismate (A) and isochorismate (B), respectively. Subsequently, MenD facilitates the conversion of isochorismate (B) to 2-succinyl-5-enolpyruvyl-6-hydroxy-3-cyclohexene-1-carboxylate (SEPHCHC, C), with DHNA acting as a non-competitive inhibitor ( 19 , 20 ), and the SEPHCHC (C) production rate can be expressed as follows: (3) v C = k c a t D [ M e n D ] [ B ] ( 1 + [ D H N A ] K i ) K M D + ( 1 + [ D H N A ] K i ) [ B ] where k c a t D is the catalytic turnover number for MenD, K M D is the Michaelis constant for isochorismate (B), and K i is the inhibition constant for DHNA. Other enzymes involved, namely, MenH, MenC, MenE, MenB, and MenI, are modeled using Michaelis-Menten kinetics, and their production rates can be expressed as follows: (4) v α = k c a t α [ E n z y m e ] [ S u b s t r a t e ] K M α + [ S u b s t r a t e ] where superscript α = H, C, E, B, and I stands for MenH, MenC, MenE, MenB, and MenI, respectively. For each enzyme, k c a t α [ E n z y m e ] = V m a x α . In the first model, we set the chorismate concentration as a constant. The DHNA diffusion through the membrane occurs at a rate k D H N A . The dynamic equations are as follows: (5) d [ B ] d t = ( k 2 [ M e n F ] [ A ] K M , 1 F − k − 1 [ M e n F ] [ B ] K M , 2 F ) 1 + [ A ] K M , 1 F + [ B ] K M , 2 F − k c a t D [ M e n D ] [ B ] ( 1 + [ D H N A ] K i ) K M D + ( 1 + [ D H N A ] K i ) [ B ] = 0 (6) d [ C ] d t = k c a t D [ M e n D ] [ B ] ( 1 + [ D H N A ] K i ) K M D + ( 1 + [ D H N A ] K i ) [ B ] − k c a t H [ M e n H ] [ C ] K M H + [ C ] = 0 (7) d [ D ] d t = k c a t H [ M e n H ] [ C ] K M H + [ C ] − k c a t C [ M e n C ] [ D ] K M C + [ D ] = 0 (8) d [ E ] d t = k c a t C [ M e n C ] [ D ] K M C + [ D ] − k c a t E [ M e n E ] [ E ] K M E + [ E",,
entity,/entities/compounds/22,longer isoprene chains,C,single-source (review),,,,1,False,"0.4631 (heuristic, not a probability)",Physiological Roles of Short-Chain and Long-Chain Menaquinones (Vitamin K2) in <i>Lactococcus cremoris</i>. (PMC8965153) -- introduction section,"cremoris strain MG1363 and mutants. MK biosynthesis in L. cremoris / L. lactis is predicted to follow a pathway consisting of three parts: (i) synthesis of the naphthoquinone structure (the head group), (ii) synthesis of the isoprenyl side chain (the tail group), and (iii) joining of the head and tail structures giving the MK. The head group synthesis starts with chorismate generated from the Shikimate pathway with the first step catalyzed by a menaquinone-specific isochorismate synthase (predicted encoding gene is menF ), and the tail group synthesis starts with isopentenyl diphosphate (IPP), containing a single isoprene unit, generated from mevalonate pathway. For building the side chain, first a geranyltranstransferase (predicted encoding gene is ispA ) is required to form farnesyl diphosphate (FPP) containing three isoprene units. More IPP is linked to FPP to form longer isoprene chains, and this step is catalyzed by a prenyl diphosphate synthase (predicted encoding gene is llmg_0196 ). The latter enzyme also is thought to play a role in determination of the length of the isoprene chain ( Nagel et al., 2018 ; Johnston and Bulloch, 2020 ). Finally, the naphthoquinone head group – 1.4-dihydroxy-2-naphthoic acid (DHNA), and the polyprenyl tail group are combined by isoprenyl diphosphate:1,4-dihydroxy-2-naphthoate isoprenyltransferase to form demethylmenaquinone (DMK), which is methylated to give MK. Mainly MK-9, MK-8, and MK-3 are formed in original L. cremoris strain MG1363 (green box). Mutants Δ menF ,Δ ispA , and Δ llmg_0196 are expected to produce no MK, only MK-1, and only MK-3, respectively. Genes targeted in this study are shown in green color. Predicted MK production route and profiles in respective gene deletion mutants are shown in red boxes.",,
entity,/entities/compounds/23,menaquinones,C,single-source (review),,,,1,False,"0.6326 (heuristic, not a probability)",Engineering <i>Lactococcus lactis</i> for Increased Vitamin K2 Production. (PMC7093718) -- introduction section,"value of fermented food, but until very recently there were no reports on optimization of dairy production or metabolic engineering of LAB strains to achieve higher menaquinone levels. Several genomes of the dominating vitamin K2 producing LAB, L. lactis have been sequenced, and putative genes encoding the enzymes for the individual steps of menaquinone biosynthesis annotated (Wegmann et al., 2007 ). In L. lactis menaquinones are synthesized from acetyl-CoA, phosphoenolpyruvate and D-erythrose-4-phosphate. The precursors are converted step by step to a hydrophobic polyprenyl diphosphate (PP) chain (mevalonate and polyprenyl pathways) and a hydrophilic naphtoquinone ring; 1,4-dihydroxy-2-napthoate (DHNA) (shikimate and menaquinone pathways). Finally, MenA, a DHNA polyprenyltransferase, joins the prenyl diphosphate and DHNA to form demethylmenaquinone ( Figure 1 ). The product of the shikimate pathway, chorismate, is also a substrate for synthesis of the essential aromatic amino acids (AAA) and folate and its production and further conversion is highly regulated (Dosselaere and Vanderleyden, 2001 ). For instance, the first enzyme of the shikimate pathway, 3-Deoxy-D-arabinoheptulosonate 7-phosphate synthase (DAHPS), is known to be feedback inhibited by AAA in diverse microorganisms (Mir et al., 2015 ) and similar regulatory events are likely to exist in lactococci. Chorismate is converted to DHNA through 7 enzymatic steps starting with isochorismate synthase (encoded by menF ). The polyprenyl diphosphate chain is synthesized from isopentenyl pyrophosphate (IPP) units formed through the mevalonate pathway. Six enzymatic steps, catalyzed by 3-ketoacyl-CoA thiolase ( thiL ), hydroxymethylglutaryl-CoA synthase ( hmcM ), hydroxymethylglutaryl-CoA reductase ( mvaA ), mevalonate kinase ( mvk ), phosphomevalonate kinase ( pmk ), and diphosphomevalonate decarboxylase ( mvaD ) are required to convert acetyl-CoA into IPP (C5). These reactions constitute the most energy- and substrate-consuming part of menaquinone synthesis as they require 3 acetyl-CoA, 3 ATP, and 1 NADPH per IPP formed. The geranyltranstransferase ( ispA ) and isopentenyl-diphosphate delta-isomerase ( fni ) then combine IPP units into FPP (farnesyl diphosphate, C15). FPP is a scaffold for further lengthening of the prenyl diphosphate chain by consecutive addition of IPP units to make the all-trans polyprenyl diphosphate (for MK-n production) or di-trans, poly-cis-undecaprenyl pyrophosphate (UPP, C55). UPP is essential for lactococci as it is a substrate for synthesis of peptidoglycan (Bouhss et al., 2008 ). In L. lactis 2 genomic loci encode possible prenyl diphosphate synthases. The gerCA ( llmg_1111 ) and ispB ( llmg_1110 ) locus encodes proteins with homology to 2-component heptaprenyl diphosphate synthases. The gene llmg_0196 is in an operon with menA (DHNA polyprenyltransferase) and encodes a putative geranylgeranyl pyrophosphate synthase. In L. lactis ssp. lactis the gene and gene product of llmg_0196 are called preA and PreA and we will hereafter employ these names also for L. lactis ssp. cremoris MG1363. Figure 1 The lactococcal biosynthetic pathways for menaquinone(s). Intermediates that are substrates for competing essential pathways are shown as branched points (chorismate and FPP). IPP, isopentenyl pyrophosphate; FPP, farnesyl pyrophosphate; UPP, undecaprenyl pyrophosphate. Menaquinones play an essential role in electron transport but are not essential for fermentative growth in L. lactis (Rezaiki et al., 2008 ). However, in the presence of heme L. lactis can produce cytochrome and a functional electron transport chain enabling respiratory growth resulting in improved growth and survival in stationary phase (Sijpesteijn, 1970 ; Duwat et al., 2001 ; Gaudu et al., 2002 ; Rezaiki et al., 2008 ; Brooijmans et al., 2009 ). In addition, menaquinones can reduce both Fe and Cu and might be important for assimilation of metals (Rezaiki et al., 2008 ). The levels of menaquinone found in L. lactis are strain-dependent and vary in response to aerobic vs. anaerobic conditions as well as culture medium, carbon source and temperature. In L. lactis MK-9 is produced as the dominating menaquinone species, but minor amounts of MK-3, MK-7, MK-8 and MK-10 are also formed (Morishita et al., 1999 ; Rezaiki et al., 2008 ; Brooijmans et al., 2009 ). One recent study show that adjusting fermentation parameters like preculture conditions, carbon source and temperature result in up to 50% increase of vitamin K2 in fermented milk (Liu et al., 2019 ). However, there are no other reports available describing how to increase strain performance or optimize conditions to elevate menaquinone content during food fermentations, neither is information on the contribution of each enzyme to the biosynthetic pathway of menaquinones in lactococci. Such knowledge could be helpful in selecting the optimal lactococci for fermentation of milk into a product with higher functional value regarding vitamin K2. Therefore, in the present study several genes of the biosynthetic pathway of menaquinones in L. lactis ssp. cremoris MG1363 were overexpressed singly or in combination to investigate their potential to raise menaquinone levels. We identify bottle-necks and key genes for biosynthesis of menaquinones in MG1363 and thereby provide a foundation for development of strains capable of higher K2-production during food",,
entity,/entities/compounds/24,MK,B,corroborated by a second paper (no identifier),,,,2,False,"0.8509 (heuristic, not a probability)",Physiological Roles of Short-Chain and Long-Chain Menaquinones (Vitamin K2) in <i>Lactococcus cremoris</i>. (PMC8965153) -- introduction section | DHNA biosynthesis (menaquinone precursor) (seed_paper) -- results section,"cremoris strain MG1363 and mutants. MK biosynthesis in L. cremoris / L. lactis is predicted to follow a pathway consisting of three parts: (i) synthesis of the naphthoquinone structure (the head group), (ii) synthesis of the isoprenyl side chain (the tail group), and (iii) joining of the head and tail structures giving the MK. The head group synthesis starts with chorismate generated from the Shikimate pathway with the first step catalyzed by a menaquinone-specific isochorismate synthase (predicted encoding gene is menF ), and the tail group synthesis starts with isopentenyl diphosphate (IPP), containing a single isoprene unit, generated from mevalonate pathway. For building the side chain, first a geranyltranstransferase (predicted encoding gene is ispA ) is required to form farnesyl diphosphate (FPP) containing three isoprene units. More IPP is linked to FPP to form longer isoprene chains, and this step is catalyzed by a prenyl diphosphate synthase (predicted encoding gene is llmg_0196 ). The latter enzyme also is thought to play a role in determination of the length of the isoprene chain ( Nagel et al., 2018 ; Johnston and Bulloch, 2020 ). Finally, the naphthoquinone head group – 1.4-dihydroxy-2-naphthoic acid (DHNA), and the polyprenyl tail group are combined by isoprenyl diphosphate:1,4-dihydroxy-2-naphthoate isoprenyltransferase to form demethylmenaquinone (DMK), which is methylated to give MK. Mainly MK-9, MK-8, and MK-3 are formed in original L. cremoris strain MG1363 (green box). Mutants Δ menF ,Δ ispA , and Δ llmg_0196 are expected to produce no MK, only MK-1, and only MK-3, respectively. Genes targeted in this study are shown in green color. Predicted MK production route and profiles in respective gene deletion mutants are shown in red boxes. | results ( 11 ), largely due to limited understanding of the regulatory mechanisms governing quinone biosynthesis. MK biosynthesis starts from chorismate and proceeds through a seven-enzyme pathway consisting of MenF, MenD, MenH, MenC, MenE, MenB, and MenI to produce DHNA. Subsequently, MenA joins DHNA and prenyl diphosphate to produce demethylmenaquinone (DMK), and MenG demethylates DMK to generate MK ( Fig. 1A ). Strategies have attempted to enhance DHNA supply by overexpressing individual enzymes ( 13 – 17 ) or the entire DHNA biosynthesis operon ( 14 , 18 ). However, these efforts often lead to inconsistent and modest increases in DHNA/MK levels despite upregulated transcription of the respective genes ( 14 , 15 ). Conflicting outcomes have also been reported across different studies; for example, overexpressing MenF or MenD enhanced MK production in some cases but not others ( 13 , 15 – 17 ). These data suggest that a regulatory network might exist to control DHNA and MK levels and buffer against genetic perturbations. While these regulations are physiologically plausible, as microbes must resist quinone overproduction to avoid oxidative stress and growth inhibition ( 4 ), the molecular mechanisms remain elusive. Fig 1 A biosensing system for quantitative detection of DHNA at picomolar concentration. ( A ) Schematic showing the menaquinone biosynthesis pathway. DHNA is the precursor of menaquinone. ( B ) Workflow of the DHNA biosensing system. L. lactis was incubated for 2 hours to allow DHNA synthesis. The cell-free supernatant was collected and mixed with L. plantarum and iron reduction reagents, including iron(III) oxide and ferrozine (FZ). L. plantarum utilizes DHNA secreted by L. lactis to reduce Fe 3+ to Fe 2+ . The resulting Fe 2+ reacts with ferrozine, producing a magenta color product whose absorbance correlates with DHNA concentration. ( C ) Calibration curve of DHNA concentration versus absorbance at 562 nm. L. plantarum was incubated with varying concentrations of exogenous DHNA. The [DHNA]-OD 562 curve was fitted to a non-linear function. The top panel shows a scanned image of the assay plate. ( D ) L. plantarum can detect DHNA secreted from varying cell densities of quinone-producing L. lactis but not from the deficient mutant. Δ menC + menC represents menC gene complementation under a constitutive promoter on a plasmid in the Δ menC background. DHNA concentrations were calculated based on the calibration curve in panel C . The top panel shows a scanned image of the assay plate. All data represent mean ± 1 s.d. for three biological replicates. Bacterial biosensing system detecting DHNA in menaquinone biosynthesis through L. lactis-L. plantarum interaction and iron reduction colorimetry. Calibration shows picomolar sensitivity (R²=0.99) with validation using wild-type and menC mutant strains. Previous studies shed light on the quinone regulatory mechanism, but a system-level understanding has not been achieved. Studies have revealed that MenD can be allosterically inhibited by DHNA in Staphylococcus aureus ( 19 ) and Mycobacterium tuberculosis ( 20 ), suggesting an end-product feedback mechanism. In addition, MenF is also known to be capable of catalyzing both forward and reverse conversion of chorismate to isochorismate ( 21 ). However, it is unclear how these individual mechanisms interact to control DHNA production. Here, we study one of the major quinone producers, Lactococcus lactis, and reveal a multi-layer mechanism regulating DHNA biosynthesis. Leveraging a novel biosensing system, we quantified DHNA concentration at picomolar sensitivity. We then synthetically perturbed enzyme levels on genetic constructs and found that DHNA concentration can be modulated by both MenF and MenD, but to different degrees. A mathematical model uncovers a two-phase regulatory pattern resulting from the interplay of reversible flux and end-product feedback inhibition, where the regulatory roles of MenF and MenD shift based on their relative expression levels. The model also predicts limited availability of the substrate chorismate, which restrains DHNA from being overproduced. These mechanisms can collectively contribute to quinone homeostasis and imply new strategies to efficiently engineer quinone production. RESULTS A biosensing system allows sensitive and quantitative DHNA detection Since DHNA is the common precursor for all MK derivatives, we sought to interrogate the regulatory mechanism of quinone biosynthesis by focusing on DHNA. To precisely measure DHNA concentration, we constructed a L. lactis mutant lacking DHNA-utilizing pathways. We knocked out menA (encodes for DHNA prenyltransferase) to prevent DHNA from being utilized for DMK and MK biosynthesis ( Fig. 1A ). In addition, we knocked out noxAB (encodes for NADH:quinone oxidoreductases) to prevent DHNA from interacting with quinone reductases ( 22 ) , which may otherwise alter DHNA redox state and interfere with DHNA quantification. We next developed a high-throughput method for quantitative DHNA detection. While previous studies mainly measured DHNA concentration with high-performance liquid chromatography (HPLC) ( 23 – 26 ), this approach requires complex sample preparation and purification processes and has a limited detection of 1 µM",,
entity,/entities/compounds/25,OSB,C,single-source (review),,,,0,False,"0.6 (heuristic, not a probability)",DHNA biosynthesis (menaquinone precursor) (seed_paper) -- (section unknown),,,stated in the uploaded seed paper; no retrieved paper corroborates it
entity,/entities/compounds/26,OSB-CoA,C,single-source (review),,,,0,False,"0.6 (heuristic, not a probability)",DHNA biosynthesis (menaquinone precursor) (seed_paper) -- (section unknown),,,stated in the uploaded seed paper; no retrieved paper corroborates it
entity,/entities/compounds/27,polyprenyl tail group,C,single-source (review),,,,1,False,"0.4631 (heuristic, not a probability)",Physiological Roles of Short-Chain and Long-Chain Menaquinones (Vitamin K2) in <i>Lactococcus cremoris</i>. (PMC8965153) -- introduction section,"cremoris strain MG1363 and mutants. MK biosynthesis in L. cremoris / L. lactis is predicted to follow a pathway consisting of three parts: (i) synthesis of the naphthoquinone structure (the head group), (ii) synthesis of the isoprenyl side chain (the tail group), and (iii) joining of the head and tail structures giving the MK. The head group synthesis starts with chorismate generated from the Shikimate pathway with the first step catalyzed by a menaquinone-specific isochorismate synthase (predicted encoding gene is menF ), and the tail group synthesis starts with isopentenyl diphosphate (IPP), containing a single isoprene unit, generated from mevalonate pathway. For building the side chain, first a geranyltranstransferase (predicted encoding gene is ispA ) is required to form farnesyl diphosphate (FPP) containing three isoprene units. More IPP is linked to FPP to form longer isoprene chains, and this step is catalyzed by a prenyl diphosphate synthase (predicted encoding gene is llmg_0196 ). The latter enzyme also is thought to play a role in determination of the length of the isoprene chain ( Nagel et al., 2018 ; Johnston and Bulloch, 2020 ). Finally, the naphthoquinone head group – 1.4-dihydroxy-2-naphthoic acid (DHNA), and the polyprenyl tail group are combined by isoprenyl diphosphate:1,4-dihydroxy-2-naphthoate isoprenyltransferase to form demethylmenaquinone (DMK), which is methylated to give MK. Mainly MK-9, MK-8, and MK-3 are formed in original L. cremoris strain MG1363 (green box). Mutants Δ menF ,Δ ispA , and Δ llmg_0196 are expected to produce no MK, only MK-1, and only MK-3, respectively. Genes targeted in this study are shown in green color. Predicted MK production route and profiles in respective gene deletion mutants are shown in red boxes.",,
entity,/entities/compounds/28,prenyl diphosphate chain,C,single-source (review),,,,1,False,"0.5743 (heuristic, not a probability)",Engineering <i>Lactococcus lactis</i> for Increased Vitamin K2 Production. (PMC7093718) -- figure section,"Figure 2A ). The second gene chosen for overexpression, menA , encodes the DHNA polyprenyltransferase catalyzing the joining of the prenyl diphosphate chain and DHNA resulting in demethylated menaquinone. The content of MK7-9 in L. lactis expressing this gene from P32 on pMG36e was also higher ( p -",,
entity,/entities/compounds/29,SEPHCHC,C,single-source (review),,,,1,False,"0.7224 (heuristic, not a probability)",DHNA biosynthesis (menaquinone precursor) (seed_paper) -- methods section,"Materials and Methods). This calibration curve indicates our ability to reliably detect DHNA concentrations within a linear range of 100 pM to 1 µM. To evaluate the biosensor’s ability to detect DHNA secreted by L. lactis , we collected CFS from L. lactis strains with varying cell densities (OD 600 ). These include strains with a wild-type (WT) DHNA pathway, a deficient DHNA pathway (Δ menC ), or a complemented pathway with menC expressed under a constitutive promoter (Δ menC + menC ). The biosensor detected no DHNA from the Δ menC strain ( Fig. 1D ). In comparison, DHNA was detected from strains containing the WT or menC -complemented DHNA pathway, with DHNA concentrations (10–60 nM) proportional to L. lactis cell density (OD 600 = 0.03–2) ( Fig. 1D ). These DHNA concentrations fall in the middle of the linear range of the calibration curve, demonstrating reliable detection. These results confirmed that the biosensing system could specifically and reliably detect DHNA from CFS of L. lactis . We also noticed a trend of DHNA saturation at higher cell densities of L. lactis (OD 600 = 0.5–2.0). To avoid potential inhibition of DHNA biosynthesis at high cell densities, we decided to use L. lactis cultures with an OD 600 of 0.2 for subsequent experiments to explore the regulatory mechanism of DHNA biosynthesis. DHNA biosynthesis exhibits different degrees of sensitivity to MenF or MenD We next sought to use synthetic biology to alter the expression levels of the enzymes and explore their regulatory roles in DHNA biosynthesis. We focused on three enzymes in the DHNA biosynthesis pathway: MenC, MenF, and MenD. The o-succinylbenzoate synthase MenC catalyzes one of the intermediate reactions, whereas the isochorismate synthase MenF and the SEPHCHC synthase MenD catalyze the first and the second reactions, respectively ( Fig. 1A ). In bacteria such as Escherichia coli , MenF’s product isochorismate also participates in siderophore biosynthesis, and MenD is considered the first step solely committed to DHNA biosynthesis ( 30 ). However, L. lactis lacks the pathway for siderophore biosynthesis, and we consider MenF as the first step in L. lactis for DHNA biosynthesis. To perturb the enzyme levels, we used combined transcriptional and translational strategies. For transcriptional regulation, we deleted the respective genes from the L. lactis genome and controlled their expression on a plasmid from a promoter that can be induced by the antimicrobial peptide nisin ( 31 ) ( Fig. 2A ). For translational regulation, we used either strong or weak ribosome binding sites (RBSs) to control the translation initiation rate ( Fig. 2A ). In addition, we fused mCherry to the N-terminal of MenC, MenF, and MenD and measured fluorescent intensity to monitor enzyme expression levels. Notably, menF and menD knockouts were constructed in the Δ menC background. In these cases, menC was expressed on the plasmid under a constitutive promoter, which yielded a DHNA level similar to the wild-type pathway ( Fig. 1D ), ensuring the effects of MenF or MenD on DHNA could be studied without interference. Fig 2 Effects of enzyme level perturbation of MenC, MenF, MenD, and MenFD on DHNA biosynthesis. ( A ) The menC , menF , or menD genes were knocked out from the genome and reintroduced under the control of a nisin-inducible promoter (P nisA ) on a plasmid with either a strong or a weak ribosome-binding site (RBS). mCherry was fused to the N-terminal of each enzyme to monitor enzyme expression. ( B ) Enzyme expression levels with or without nisin induction (25 ng/mL) were quantified by the fluorescent intensity. RFU, relative fluorescent unit. ( C ) DHNA concentrations under varying enzyme expression levels. ( D ) DHNA concentrations from perturbations of mCherry-tagged MenC, MenF, or MenD were compared to those resulting from the untagged enzymes and the wild-type pathway. All genes were expressed under the weak RBS. Varying concentrations of nisin were used to induce different enzyme expression levels. Nisin was also added to the wild-type pathway as a control. ( E ) The menFD genes were knocked out from the genome, and the identical gene cassette was expressed under P nisA with a strong or weak RBS. ( F ) DHNA concentrations under varying MenFD expression levels, with or without nisin induction (25 ng/mL). ( G ) DHNA concentrations resulting from MenFD perturbations were compared to the wild-type pathway. All data represent mean ± 1 s.d. of n = 3 biological replicates. P -values were determined by one-way ANOVA with Tukey’s test. * P inhibition constant), MenF produces sufficient isochorismate, but the reaction flow is constrained by MenD, making MenD the rate-limiting step ( Fig. 3B , below the phase boundary). On the flip side, when MenF level is lower than MenD by the same folds, the insufficient isochorismate production makes MenF the rate-limiting",,
entity,/entities/compounds/30,SEPHCHC (C),C,single-source (review),,,,1,False,"0.759 (heuristic, not a probability)",DHNA biosynthesis (menaquinone precursor) (seed_paper) -- discussion section,"mM17 + 2.5 µL AFC, or 90 µL mM17. The final concentrations of AFC were 2, 1, or 0 mM, with an initial cell OD 600 = 0.1. The plate was sealed with a transparent PCR plate seal (Axygen), and the OD 600 was monitored using a Byonoy Absorbance 96 plate reader in the anaerobic chamber. Steady-state chemical kinetics analysis Model 1 To elucidate the rate-limiting step in the biosynthesis of DHNA from chorismate in L. lactis , we employed a steady-state modeling approach using Michaelis-Menten kinetics. We simplified notation by assigning capital letters to intermediates in the pathway as follows: A for chorismate, B for isochorismate, C for SEPHCHC, D for SHCHC, E for OSB, F for OSB-CoA, and G for DHNA-CoA. The enzyme MenF catalyzes a reversible reaction converting chorismate (A) to isochorismate (B) ( 43 ), and the isochorismate (B) production rate can be expressed as follows: (2) v B = ( k 2 [ M e n F ] [ A ] K M , 1 F − k − 1 [ M e n F ] [ B ] K M , 2 F ) 1 + [ A ] K M , 1 F + [ B ] K M , 2 F where k 2 and k - 1 are the forward and reverse rate constants for the MenF-catalyzed step, and K M , 1 F , K M , 2 F are the Michaelis constants for chorismate (A) and isochorismate (B), respectively. Subsequently, MenD facilitates the conversion of isochorismate (B) to 2-succinyl-5-enolpyruvyl-6-hydroxy-3-cyclohexene-1-carboxylate (SEPHCHC, C), with DHNA acting as a non-competitive inhibitor ( 19 , 20 ), and the SEPHCHC (C) production rate can be expressed as follows: (3) v C = k c a t D [ M e n D ] [ B ] ( 1 + [ D H N A ] K i ) K M D + ( 1 + [ D H N A ] K i ) [ B ] where k c a t D is the catalytic turnover number for MenD, K M D is the Michaelis constant for isochorismate (B), and K i is the inhibition constant for DHNA. Other enzymes involved, namely, MenH, MenC, MenE, MenB, and MenI, are modeled using Michaelis-Menten kinetics, and their production rates can be expressed as follows: (4) v α = k c a t α [ E n z y m e ] [ S u b s t r a t e ] K M α + [ S u b s t r a t e ] where superscript α = H, C, E, B, and I stands for MenH, MenC, MenE, MenB, and MenI, respectively. For each enzyme, k c a t α [ E n z y m e ] = V m a x α . In the first model, we set the chorismate concentration as a constant. The DHNA diffusion through the membrane occurs at a rate k D H N A . The dynamic equations are as follows: (5) d [ B ] d t = ( k 2 [ M e n F ] [ A ] K M , 1 F − k − 1 [ M e n F ] [ B ] K M , 2 F ) 1 + [ A ] K M , 1 F + [ B ] K M , 2 F − k c a t D [ M e n D ] [ B ] ( 1 + [ D H N A ] K i ) K M D + ( 1 + [ D H N A ] K i ) [ B ] = 0 (6) d [ C ] d t = k c a t D [ M e n D ] [ B ] ( 1 + [ D H N A ] K i ) K M D + ( 1 + [ D H N A ] K i ) [ B ] − k c a t H [ M e n H ] [ C ] K M H + [ C ] = 0 (7) d [ D ] d t = k c a t H [ M e n H ] [ C ] K M H + [ C ] − k c a t C [ M e n C ] [ D ] K M C + [ D ] = 0 (8) d [ E ] d t = k c a t C [ M e n C ] [ D ] K M C + [ D ] − k c a t E [ M e n E ] [ E ] K M E + [ E",,
entity,/entities/compounds/31,SHCHC,C,single-source (review),,,,0,False,"0.6 (heuristic, not a probability)",DHNA biosynthesis (menaquinone precursor) (seed_paper) -- (section unknown),,,stated in the uploaded seed paper; no retrieved paper corroborates it
entity,/entities/compounds/32,tyrosine (Tyr),C,single-source (review),,,,1,False,"0.4368 (heuristic, not a probability)",Combination of SPH and SP80 prolongs the lifespan of &lt;i&gt;Bacillus subtilis&lt;/i&gt; natto to enhance industrial menaquinone-7 biosynthesis. (PMC12174048) -- results section,"+ reduced to 44% ( Equations 1–3 ) ( Figure 7D ). The ratio of NADH/NAD + has been proven to be inversely proportional to MK-7 content in B. subtilis ( Wang et al., 2019 ). 3.6 SPH+SP80 affected the pathway related to the biosynthesis of MK-7 Four modules named glycerol metabolism pathway (Module I), methylerythritol phosphate (MEP) pathway (Module II), shikimate (SA) pathway (Module III), and MK-7 pathway (Module IV) were involved in the biosynthesis pathway of MK-7 in B. subtilis natto ( Figure 3A ; Yang et al., 2019 ). The different expression changes of genes involved in four modules were detected ( Supplementary Table S1 ). In Module I, three enzymes, such as glycerol kinase (GlpK), Gly-3P dehydrogenase (GlpD), and glycerol facilitator (GlpF), played crucial roles in the SPH+SP80 group because the expression of glpK, glpD , and glpF was upregulated 1.78-, 1.62-, and 1.43-fold, respectively. The change of most of the enzymes in Module II was not significant in the SPH+SP80 group ( Figures 3A , B ). Except for membrane proteins like Fni and HepS, which catalyzed a reversible reaction of isopentenyl diphosphate (IPP) to form dimethylallyl diphosphate (DMAPP), the reaction of farnesyl diphosphate (FPP) to heptaprenyl diphosphate (HDP) was upregulated 1.42-fold, and 1.16-fold, respectively. As for Module III, the expression of aroA , aroB , aroC , aroD , aroK , and aroE was upregulated 1.47-, 0.75-, 0.64-, 0.77-, 2.30-, and 0.28-fold, respectively ( Figure 3B ), which verified a previous study showing that AroA and AroK played a crucial role in the SA pathway ( Cui et al., 2019 ). The genes encoding PabA, PabB, AroH, and TrpE, which were used to synthesize aromatic amino acids such as tryptophan (Trp), tyrosine (Tyr), and phenylalanine (Phe) from chorismate, were downregulated by 36, 26, 25, and 53%, respectively. Nine enzymes (MenA, B, C, D, E, F, G, H, and I) were involved in the synthesis of 1,4-dihydroxy-2-naphthoyl-CoA (DHNA-CoA) in Module IV. Interestingly, only genes encoding membrane proteins ( menA , menB , menD , menE , and menG ) were upregulated, especially menA , menG, and menD, whose expression levels were highly regulated by 1.43-, 1.12-, and 1.47-fold, respectively, in the SPH+SP80. These results provide clues for further modification of MK-7 biosynthesis at the transcriptional level. Taken together, an active electron transfer system stimulated the expression of related genes on the cell membrane, such as ispE , hepS , aroA , aroK , menA , menD , and menG , which were key enzyme-encoding genes for synthesizing MK-7, and finally promoted the synthesis of MK-7. 4",,
entity,/entities/compounds/33,"1,4-dihydroxy-2-naphthoate",A,DB-grounded,,40747,pathbank_compound_id,1,False,"0.7265 (heuristic, not a probability)",New aspects of microbial vitamin K2 production by expanding the product spectrum. (PMC8042841) -- figure section,"Fig. 1 a) [ 33 , 34 ]. In the first step of the classical MK pathway, MenF converts chorismate into isochorismate, which is further converted by six enzymes encoded by the menDHCEB operon to form 1,4-dihydroxy-2-naphthoate (Fig. 1 b) [ 17 , 26 ]. In the first step of the futalosine pathway, MqnA cat",,
entity,/entities/compounds/34,Acetyl-CoA,A,DB-grounded,,940,pathbank_compound_id,1,False,"0.6326 (heuristic, not a probability)",Engineering <i>Lactococcus lactis</i> for Increased Vitamin K2 Production. (PMC7093718) -- introduction section,"value of fermented food, but until very recently there were no reports on optimization of dairy production or metabolic engineering of LAB strains to achieve higher menaquinone levels. Several genomes of the dominating vitamin K2 producing LAB, L. lactis have been sequenced, and putative genes encoding the enzymes for the individual steps of menaquinone biosynthesis annotated (Wegmann et al., 2007 ). In L. lactis menaquinones are synthesized from acetyl-CoA, phosphoenolpyruvate and D-erythrose-4-phosphate. The precursors are converted step by step to a hydrophobic polyprenyl diphosphate (PP) chain (mevalonate and polyprenyl pathways) and a hydrophilic naphtoquinone ring; 1,4-dihydroxy-2-napthoate (DHNA) (shikimate and menaquinone pathways). Finally, MenA, a DHNA polyprenyltransferase, joins the prenyl diphosphate and DHNA to form demethylmenaquinone ( Figure 1 ). The product of the shikimate pathway, chorismate, is also a substrate for synthesis of the essential aromatic amino acids (AAA) and folate and its production and further conversion is highly regulated (Dosselaere and Vanderleyden, 2001 ). For instance, the first enzyme of the shikimate pathway, 3-Deoxy-D-arabinoheptulosonate 7-phosphate synthase (DAHPS), is known to be feedback inhibited by AAA in diverse microorganisms (Mir et al., 2015 ) and similar regulatory events are likely to exist in lactococci. Chorismate is converted to DHNA through 7 enzymatic steps starting with isochorismate synthase (encoded by menF ). The polyprenyl diphosphate chain is synthesized from isopentenyl pyrophosphate (IPP) units formed through the mevalonate pathway. Six enzymatic steps, catalyzed by 3-ketoacyl-CoA thiolase ( thiL ), hydroxymethylglutaryl-CoA synthase ( hmcM ), hydroxymethylglutaryl-CoA reductase ( mvaA ), mevalonate kinase ( mvk ), phosphomevalonate kinase ( pmk ), and diphosphomevalonate decarboxylase ( mvaD ) are required to convert acetyl-CoA into IPP (C5). These reactions constitute the most energy- and substrate-consuming part of menaquinone synthesis as they require 3 acetyl-CoA, 3 ATP, and 1 NADPH per IPP formed. The geranyltranstransferase ( ispA ) and isopentenyl-diphosphate delta-isomerase ( fni ) then combine IPP units into FPP (farnesyl diphosphate, C15). FPP is a scaffold for further lengthening of the prenyl diphosphate chain by consecutive addition of IPP units to make the all-trans polyprenyl diphosphate (for MK-n production) or di-trans, poly-cis-undecaprenyl pyrophosphate (UPP, C55). UPP is essential for lactococci as it is a substrate for synthesis of peptidoglycan (Bouhss et al., 2008 ). In L. lactis 2 genomic loci encode possible prenyl diphosphate synthases. The gerCA ( llmg_1111 ) and ispB ( llmg_1110 ) locus encodes proteins with homology to 2-component heptaprenyl diphosphate synthases. The gene llmg_0196 is in an operon with menA (DHNA polyprenyltransferase) and encodes a putative geranylgeranyl pyrophosphate synthase. In L. lactis ssp. lactis the gene and gene product of llmg_0196 are called preA and PreA and we will hereafter employ these names also for L. lactis ssp. cremoris MG1363. Figure 1 The lactococcal biosynthetic pathways for menaquinone(s). Intermediates that are substrates for competing essential pathways are shown as branched points (chorismate and FPP). IPP, isopentenyl pyrophosphate; FPP, farnesyl pyrophosphate; UPP, undecaprenyl pyrophosphate. Menaquinones play an essential role in electron transport but are not essential for fermentative growth in L. lactis (Rezaiki et al., 2008 ). However, in the presence of heme L. lactis can produce cytochrome and a functional electron transport chain enabling respiratory growth resulting in improved growth and survival in stationary phase (Sijpesteijn, 1970 ; Duwat et al., 2001 ; Gaudu et al., 2002 ; Rezaiki et al., 2008 ; Brooijmans et al., 2009 ). In addition, menaquinones can reduce both Fe and Cu and might be important for assimilation of metals (Rezaiki et al., 2008 ). The levels of menaquinone found in L. lactis are strain-dependent and vary in response to aerobic vs. anaerobic conditions as well as culture medium, carbon source and temperature. In L. lactis MK-9 is produced as the dominating menaquinone species, but minor amounts of MK-3, MK-7, MK-8 and MK-10 are also formed (Morishita et al., 1999 ; Rezaiki et al., 2008 ; Brooijmans et al., 2009 ). One recent study show that adjusting fermentation parameters like preculture conditions, carbon source and temperature result in up to 50% increase of vitamin K2 in fermented milk (Liu et al., 2019 ). However, there are no other reports available describing how to increase strain performance or optimize conditions to elevate menaquinone content during food fermentations, neither is information on the contribution of each enzyme to the biosynthetic pathway of menaquinones in lactococci. Such knowledge could be helpful in selecting the optimal lactococci for fermentation of milk into a product with higher functional value regarding vitamin K2. Therefore, in the present study several genes of the biosynthetic pathway of menaquinones in L. lactis ssp. cremoris MG1363 were overexpressed singly or in combination to investigate their potential to raise menaquinone levels. We identify bottle-necks and key genes for biosynthesis of menaquinones in MG1363 and thereby provide a foundation for development of strains capable of higher K2-production during food",,
entity,/entities/compounds/35,ATP,A,DB-grounded,,DB00171,drugbank,1,False,"0.6326 (heuristic, not a probability)",Engineering <i>Lactococcus lactis</i> for Increased Vitamin K2 Production. (PMC7093718) -- introduction section,"value of fermented food, but until very recently there were no reports on optimization of dairy production or metabolic engineering of LAB strains to achieve higher menaquinone levels. Several genomes of the dominating vitamin K2 producing LAB, L. lactis have been sequenced, and putative genes encoding the enzymes for the individual steps of menaquinone biosynthesis annotated (Wegmann et al., 2007 ). In L. lactis menaquinones are synthesized from acetyl-CoA, phosphoenolpyruvate and D-erythrose-4-phosphate. The precursors are converted step by step to a hydrophobic polyprenyl diphosphate (PP) chain (mevalonate and polyprenyl pathways) and a hydrophilic naphtoquinone ring; 1,4-dihydroxy-2-napthoate (DHNA) (shikimate and menaquinone pathways). Finally, MenA, a DHNA polyprenyltransferase, joins the prenyl diphosphate and DHNA to form demethylmenaquinone ( Figure 1 ). The product of the shikimate pathway, chorismate, is also a substrate for synthesis of the essential aromatic amino acids (AAA) and folate and its production and further conversion is highly regulated (Dosselaere and Vanderleyden, 2001 ). For instance, the first enzyme of the shikimate pathway, 3-Deoxy-D-arabinoheptulosonate 7-phosphate synthase (DAHPS), is known to be feedback inhibited by AAA in diverse microorganisms (Mir et al., 2015 ) and similar regulatory events are likely to exist in lactococci. Chorismate is converted to DHNA through 7 enzymatic steps starting with isochorismate synthase (encoded by menF ). The polyprenyl diphosphate chain is synthesized from isopentenyl pyrophosphate (IPP) units formed through the mevalonate pathway. Six enzymatic steps, catalyzed by 3-ketoacyl-CoA thiolase ( thiL ), hydroxymethylglutaryl-CoA synthase ( hmcM ), hydroxymethylglutaryl-CoA reductase ( mvaA ), mevalonate kinase ( mvk ), phosphomevalonate kinase ( pmk ), and diphosphomevalonate decarboxylase ( mvaD ) are required to convert acetyl-CoA into IPP (C5). These reactions constitute the most energy- and substrate-consuming part of menaquinone synthesis as they require 3 acetyl-CoA, 3 ATP, and 1 NADPH per IPP formed. The geranyltranstransferase ( ispA ) and isopentenyl-diphosphate delta-isomerase ( fni ) then combine IPP units into FPP (farnesyl diphosphate, C15). FPP is a scaffold for further lengthening of the prenyl diphosphate chain by consecutive addition of IPP units to make the all-trans polyprenyl diphosphate (for MK-n production) or di-trans, poly-cis-undecaprenyl pyrophosphate (UPP, C55). UPP is essential for lactococci as it is a substrate for synthesis of peptidoglycan (Bouhss et al., 2008 ). In L. lactis 2 genomic loci encode possible prenyl diphosphate synthases. The gerCA ( llmg_1111 ) and ispB ( llmg_1110 ) locus encodes proteins with homology to 2-component heptaprenyl diphosphate synthases. The gene llmg_0196 is in an operon with menA (DHNA polyprenyltransferase) and encodes a putative geranylgeranyl pyrophosphate synthase. In L. lactis ssp. lactis the gene and gene product of llmg_0196 are called preA and PreA and we will hereafter employ these names also for L. lactis ssp. cremoris MG1363. Figure 1 The lactococcal biosynthetic pathways for menaquinone(s). Intermediates that are substrates for competing essential pathways are shown as branched points (chorismate and FPP). IPP, isopentenyl pyrophosphate; FPP, farnesyl pyrophosphate; UPP, undecaprenyl pyrophosphate. Menaquinones play an essential role in electron transport but are not essential for fermentative growth in L. lactis (Rezaiki et al., 2008 ). However, in the presence of heme L. lactis can produce cytochrome and a functional electron transport chain enabling respiratory growth resulting in improved growth and survival in stationary phase (Sijpesteijn, 1970 ; Duwat et al., 2001 ; Gaudu et al., 2002 ; Rezaiki et al., 2008 ; Brooijmans et al., 2009 ). In addition, menaquinones can reduce both Fe and Cu and might be important for assimilation of metals (Rezaiki et al., 2008 ). The levels of menaquinone found in L. lactis are strain-dependent and vary in response to aerobic vs. anaerobic conditions as well as culture medium, carbon source and temperature. In L. lactis MK-9 is produced as the dominating menaquinone species, but minor amounts of MK-3, MK-7, MK-8 and MK-10 are also formed (Morishita et al., 1999 ; Rezaiki et al., 2008 ; Brooijmans et al., 2009 ). One recent study show that adjusting fermentation parameters like preculture conditions, carbon source and temperature result in up to 50% increase of vitamin K2 in fermented milk (Liu et al., 2019 ). However, there are no other reports available describing how to increase strain performance or optimize conditions to elevate menaquinone content during food fermentations, neither is information on the contribution of each enzyme to the biosynthetic pathway of menaquinones in lactococci. Such knowledge could be helpful in selecting the optimal lactococci for fermentation of milk into a product with higher functional value regarding vitamin K2. Therefore, in the present study several genes of the biosynthetic pathway of menaquinones in L. lactis ssp. cremoris MG1363 were overexpressed singly or in combination to investigate their potential to raise menaquinone levels. We identify bottle-necks and key genes for biosynthesis of menaquinones in MG1363 and thereby provide a foundation for development of strains capable of higher K2-production during food",,
entity,/entities/compounds/36,prenyl diphosphate,B,corroborated by a second paper (no identifier),,,,3,False,"0.8509 (heuristic, not a probability)",Combination of SPH and SP80 prolongs the lifespan of &lt;i&gt;Bacillus subtilis&lt;/i&gt; natto to enhance industrial menaquinone-7 biosynthesis. (PMC12174048) -- (section unknown) | Engineering <i>Lactococcus lactis</i> for Increased Vitamin K2 Production. (PMC7093718) -- introduction section | DHNA biosynthesis (menaquinone precursor) (seed_paper) -- results section,"value of fermented food, but until very recently there were no reports on optimization of dairy production or metabolic engineering of LAB strains to achieve higher menaquinone levels. Several genomes of the dominating vitamin K2 producing LAB, L. lactis have been sequenced, and putative genes encoding the enzymes for the individual steps of menaquinone biosynthesis annotated (Wegmann et al., 2007 ). In L. lactis menaquinones are synthesized from acetyl-CoA, phosphoenolpyruvate and D-erythrose-4-phosphate. The precursors are converted step by step to a hydrophobic polyprenyl diphosphate (PP) chain (mevalonate and polyprenyl pathways) and a hydrophilic naphtoquinone ring; 1,4-dihydroxy-2-napthoate (DHNA) (shikimate and menaquinone pathways). Finally, MenA, a DHNA polyprenyltransferase, joins the prenyl diphosphate and DHNA to form demethylmenaquinone ( Figure 1 ). The product of the shikimate pathway, chorismate, is also a substrate for synthesis of the essential aromatic amino acids (AAA) and folate and its production and further conversion is highly regulated (Dosselaere and Vanderleyden, 2001 ). For instance, the first enzyme of the shikimate pathway, 3-Deoxy-D-arabinoheptulosonate 7-phosphate synthase (DAHPS), is known to be feedback inhibited by AAA in diverse microorganisms (Mir et al., 2015 ) and similar regulatory events are likely to exist in lactococci. Chorismate is converted to DHNA through 7 enzymatic steps starting with isochorismate synthase (encoded by menF ). The polyprenyl diphosphate chain is synthesized from isopentenyl pyrophosphate (IPP) units formed through the mevalonate pathway. Six enzymatic steps, catalyzed by 3-ketoacyl-CoA thiolase ( thiL ), hydroxymethylglutaryl-CoA synthase ( hmcM ), hydroxymethylglutaryl-CoA reductase ( mvaA ), mevalonate kinase ( mvk ), phosphomevalonate kinase ( pmk ), and diphosphomevalonate decarboxylase ( mvaD ) are required to convert acetyl-CoA into IPP (C5). These reactions constitute the most energy- and substrate-consuming part of menaquinone synthesis as they require 3 acetyl-CoA, 3 ATP, and 1 NADPH per IPP formed. The geranyltranstransferase ( ispA ) and isopentenyl-diphosphate delta-isomerase ( fni ) then combine IPP units into FPP (farnesyl diphosphate, C15). FPP is a scaffold for further lengthening of the prenyl diphosphate chain by consecutive addition of IPP units to make the all-trans polyprenyl diphosphate (for MK-n production) or di-trans, poly-cis-undecaprenyl pyrophosphate (UPP, C55). UPP is essential for lactococci as it is a substrate for synthesis of peptidoglycan (Bouhss et al., 2008 ). In L. lactis 2 genomic loci encode possible prenyl diphosphate synthases. The gerCA ( llmg_1111 ) and ispB ( llmg_1110 ) locus encodes proteins with homology to 2-component heptaprenyl diphosphate synthases. The gene llmg_0196 is in an operon with menA (DHNA polyprenyltransferase) and encodes a putative geranylgeranyl pyrophosphate synthase. In L. lactis ssp. lactis the gene and gene product of llmg_0196 are called preA and PreA and we will hereafter employ these names also for L. lactis ssp. cremoris MG1363. Figure 1 The lactococcal biosynthetic pathways for menaquinone(s). Intermediates that are substrates for competing essential pathways are shown as branched points (chorismate and FPP). IPP, isopentenyl pyrophosphate; FPP, farnesyl pyrophosphate; UPP, undecaprenyl pyrophosphate. Menaquinones play an essential role in electron transport but are not essential for fermentative growth in L. lactis (Rezaiki et al., 2008 ). However, in the presence of heme L. lactis can produce cytochrome and a functional electron transport chain enabling respiratory growth resulting in improved growth and survival in stationary phase (Sijpesteijn, 1970 ; Duwat et al., 2001 ; Gaudu et al., 2002 ; Rezaiki et al., 2008 ; Brooijmans et al., 2009 ). In addition, menaquinones can reduce both Fe and Cu and might be important for assimilation of metals (Rezaiki et al., 2008 ). The levels of menaquinone found in L. lactis are strain-dependent and vary in response to aerobic vs. anaerobic conditions as well as culture medium, carbon source and temperature. In L. lactis MK-9 is produced as the dominating menaquinone species, but minor amounts of MK-3, MK-7, MK-8 and MK-10 are also formed (Morishita et al., 1999 ; Rezaiki et al., 2008 ; Brooijmans et al., 2009 ). One recent study show that adjusting fermentation parameters like preculture conditions, carbon source and temperature result in up to 50% increase of vitamin K2 in fermented milk (Liu et al., 2019 ). However, there are no other reports available describing how to increase strain performance or optimize conditions to elevate menaquinone content during food fermentations, neither is information on the contribution of each enzyme to the biosynthetic pathway of menaquinones in lactococci. Such knowledge could be helpful in selecting the optimal lactococci for fermentation of milk into a product with higher functional value regarding vitamin K2. Therefore, in the present study several genes of the biosynthetic pathway of menaquinones in L. lactis ssp. cremoris MG1363 were overexpressed singly or in combination to investigate their potential to raise menaquinone levels. We identify bottle-necks and key genes for biosynthesis of menaquinones in MG1363 and thereby provide a foundation for development of strains capable of higher K2-production during food | results ( 11 ), largely due to limited understanding of the regulatory mechanisms governing quinone biosynthesis. MK biosynthesis starts from chorismate and proceeds through a seven-enzyme pathway consisting of MenF, MenD, MenH, MenC, MenE, MenB, and MenI to produce DHNA. Subsequently, MenA joins DHNA and prenyl diphosphate to produce demethylmenaquinone (DMK), and MenG demethylates DMK to generate MK ( Fig. 1A ). Strategies have attempted to enhance DHNA supply by overexpressing individual enzymes ( 13 – 17 ) or the entire DHNA biosynthesis operon ( 14 , 18 ). However, these efforts often lead to inconsistent and modest increases in DHNA/MK levels despite upregulated transcription of the respective genes ( 14 , 15 ). Conflicting outcomes have also been reported across different studies; for example, overexpressing MenF or MenD enhanced MK production in some cases but not others ( 13 , 15 – 17 ). These data suggest that a regulatory network might exist to control DHNA and MK levels and buffer against genetic perturbations. While these regulations are physiologically plausible, as microbes must resist quinone overproduction to avoid oxidative stress and growth inhibition ( 4 ), the molecular mechanisms remain elusive. Fig 1 A biosensing system for quantitative detection of DHNA at picomolar concentration. ( A ) Schematic showing the menaquinone biosynthesis pathway. DHNA is the precursor of menaquinone. ( B ) Workflow of the DHNA biosensing system. L. lactis was incubated for 2 hours to allow DHNA synthesis. The cell-free supernatant was collected and mixed with L. plantarum and iron reduction reagents, including iron(III) oxide and ferrozine (FZ). L. plantarum utilizes DHNA secreted by L. lactis to reduce Fe 3+ to Fe 2+ . The resulting Fe 2+ reacts with ferrozine, producing a magenta color product whose absorbance correlates with DHNA concentration. ( C ) Calibration curve of DHNA concentration versus absorbance at 562 nm. L. plantarum was incubated with varying concentrations of exogenous DHNA. The [DHNA]-OD 562 curve was fitted to a non-linear function. The top panel shows a scanned image of the assay plate. ( D ) L. plantarum can detect DHNA secreted from varying cell densities of quinone-producing L. lactis but not from the deficient mutant. Δ menC + menC represents menC gene complementation under a constitutive promoter on a plasmid in the Δ menC background. DHNA concentrations were calculated based on the calibration curve in panel C . The top panel shows a scanned image of the assay plate. All data represent mean ± 1 s.d. for three biological replicates. Bacterial biosensing system detecting DHNA in menaquinone biosynthesis through L. lactis-L. plantarum interaction and iron reduction colorimetry. Calibration shows picomolar sensitivity (R²=0.99) with validation using wild-type and menC mutant strains. Previous studies shed light on the quinone regulatory mechanism, but a system-level understanding has not been achieved. Studies have revealed that MenD can be allosterically inhibited by DHNA in Staphylococcus aureus ( 19 ) and Mycobacterium tuberculosis ( 20 ), suggesting an end-product feedback mechanism. In addition, MenF is also known to be capable of catalyzing both forward and reverse conversion of chorismate to isochorismate ( 21 ). However, it is unclear how these individual mechanisms interact to control DHNA production. Here, we study one of the major quinone producers, Lactococcus lactis, and reveal a multi-layer mechanism regulating DHNA biosynthesis. Leveraging a novel biosensing system, we quantified DHNA concentration at picomolar sensitivity. We then synthetically perturbed enzyme levels on genetic constructs and found that DHNA concentration can be modulated by both MenF and MenD, but to different degrees. A mathematical model uncovers a two-phase regulatory pattern resulting from the interplay of reversible flux and end-product feedback inhibition, where the regulatory roles of MenF and MenD shift based on their relative expression levels. The model also predicts limited availability of the substrate chorismate, which restrains DHNA from being overproduced. These mechanisms can collectively contribute to quinone homeostasis and imply new strategies to efficiently engineer quinone production. RESULTS A biosensing system allows sensitive and quantitative DHNA detection Since DHNA is the common precursor for all MK derivatives, we sought to interrogate the regulatory mechanism of quinone biosynthesis by focusing on DHNA. To precisely measure DHNA concentration, we constructed a L. lactis mutant lacking DHNA-utilizing pathways. We knocked out menA (encodes for DHNA prenyltransferase) to prevent DHNA from being utilized for DMK and MK biosynthesis ( Fig. 1A ). In addition, we knocked out noxAB (encodes for NADH:quinone oxidoreductases) to prevent DHNA from interacting with quinone reductases ( 22 ) , which may otherwise alter DHNA redox state and interfere with DHNA quantification. We next developed a high-throughput method for quantitative DHNA detection. While previous studies mainly measured DHNA concentration with high-performance liquid chromatography (HPLC) ( 23 – 26 ), this approach requires complex sample preparation and purification processes and has a limited detection of 1 µM",,
entity,/entities/compounds/37,menaquinone,A,DB-grounded,,247693,pathbank_compound_id,1,False,"0.5379 (heuristic, not a probability)",Analysis and Reconstitution of the Menaquinone Biosynthesis Pathway in &lt;i&gt;Lactiplantibacillus plantarum&lt;/i&gt; and &lt;i&gt;Lentilactibacillus buchneri&lt;/i&gt;. (PMC8303990) -- figure section,"Figure 3 a). The menG gene encodes demethylmenaquinone methyltransferase (MenG), which adds a methyl group to the aromatic ring of demethylmenaquinone (DMK) and is the final step of menaquinone biosynthesis [ 32 , 33 ]. The functional verification of the menA genes from Lactipl . plantarum WCFS1 and",,
entity,/entities/compounds/38,NADPH,A,DB-grounded,,146,pathbank_compound_id,1,False,"0.6326 (heuristic, not a probability)",Engineering <i>Lactococcus lactis</i> for Increased Vitamin K2 Production. (PMC7093718) -- introduction section,"value of fermented food, but until very recently there were no reports on optimization of dairy production or metabolic engineering of LAB strains to achieve higher menaquinone levels. Several genomes of the dominating vitamin K2 producing LAB, L. lactis have been sequenced, and putative genes encoding the enzymes for the individual steps of menaquinone biosynthesis annotated (Wegmann et al., 2007 ). In L. lactis menaquinones are synthesized from acetyl-CoA, phosphoenolpyruvate and D-erythrose-4-phosphate. The precursors are converted step by step to a hydrophobic polyprenyl diphosphate (PP) chain (mevalonate and polyprenyl pathways) and a hydrophilic naphtoquinone ring; 1,4-dihydroxy-2-napthoate (DHNA) (shikimate and menaquinone pathways). Finally, MenA, a DHNA polyprenyltransferase, joins the prenyl diphosphate and DHNA to form demethylmenaquinone ( Figure 1 ). The product of the shikimate pathway, chorismate, is also a substrate for synthesis of the essential aromatic amino acids (AAA) and folate and its production and further conversion is highly regulated (Dosselaere and Vanderleyden, 2001 ). For instance, the first enzyme of the shikimate pathway, 3-Deoxy-D-arabinoheptulosonate 7-phosphate synthase (DAHPS), is known to be feedback inhibited by AAA in diverse microorganisms (Mir et al., 2015 ) and similar regulatory events are likely to exist in lactococci. Chorismate is converted to DHNA through 7 enzymatic steps starting with isochorismate synthase (encoded by menF ). The polyprenyl diphosphate chain is synthesized from isopentenyl pyrophosphate (IPP) units formed through the mevalonate pathway. Six enzymatic steps, catalyzed by 3-ketoacyl-CoA thiolase ( thiL ), hydroxymethylglutaryl-CoA synthase ( hmcM ), hydroxymethylglutaryl-CoA reductase ( mvaA ), mevalonate kinase ( mvk ), phosphomevalonate kinase ( pmk ), and diphosphomevalonate decarboxylase ( mvaD ) are required to convert acetyl-CoA into IPP (C5). These reactions constitute the most energy- and substrate-consuming part of menaquinone synthesis as they require 3 acetyl-CoA, 3 ATP, and 1 NADPH per IPP formed. The geranyltranstransferase ( ispA ) and isopentenyl-diphosphate delta-isomerase ( fni ) then combine IPP units into FPP (farnesyl diphosphate, C15). FPP is a scaffold for further lengthening of the prenyl diphosphate chain by consecutive addition of IPP units to make the all-trans polyprenyl diphosphate (for MK-n production) or di-trans, poly-cis-undecaprenyl pyrophosphate (UPP, C55). UPP is essential for lactococci as it is a substrate for synthesis of peptidoglycan (Bouhss et al., 2008 ). In L. lactis 2 genomic loci encode possible prenyl diphosphate synthases. The gerCA ( llmg_1111 ) and ispB ( llmg_1110 ) locus encodes proteins with homology to 2-component heptaprenyl diphosphate synthases. The gene llmg_0196 is in an operon with menA (DHNA polyprenyltransferase) and encodes a putative geranylgeranyl pyrophosphate synthase. In L. lactis ssp. lactis the gene and gene product of llmg_0196 are called preA and PreA and we will hereafter employ these names also for L. lactis ssp. cremoris MG1363. Figure 1 The lactococcal biosynthetic pathways for menaquinone(s). Intermediates that are substrates for competing essential pathways are shown as branched points (chorismate and FPP). IPP, isopentenyl pyrophosphate; FPP, farnesyl pyrophosphate; UPP, undecaprenyl pyrophosphate. Menaquinones play an essential role in electron transport but are not essential for fermentative growth in L. lactis (Rezaiki et al., 2008 ). However, in the presence of heme L. lactis can produce cytochrome and a functional electron transport chain enabling respiratory growth resulting in improved growth and survival in stationary phase (Sijpesteijn, 1970 ; Duwat et al., 2001 ; Gaudu et al., 2002 ; Rezaiki et al., 2008 ; Brooijmans et al., 2009 ). In addition, menaquinones can reduce both Fe and Cu and might be important for assimilation of metals (Rezaiki et al., 2008 ). The levels of menaquinone found in L. lactis are strain-dependent and vary in response to aerobic vs. anaerobic conditions as well as culture medium, carbon source and temperature. In L. lactis MK-9 is produced as the dominating menaquinone species, but minor amounts of MK-3, MK-7, MK-8 and MK-10 are also formed (Morishita et al., 1999 ; Rezaiki et al., 2008 ; Brooijmans et al., 2009 ). One recent study show that adjusting fermentation parameters like preculture conditions, carbon source and temperature result in up to 50% increase of vitamin K2 in fermented milk (Liu et al., 2019 ). However, there are no other reports available describing how to increase strain performance or optimize conditions to elevate menaquinone content during food fermentations, neither is information on the contribution of each enzyme to the biosynthetic pathway of menaquinones in lactococci. Such knowledge could be helpful in selecting the optimal lactococci for fermentation of milk into a product with higher functional value regarding vitamin K2. Therefore, in the present study several genes of the biosynthetic pathway of menaquinones in L. lactis ssp. cremoris MG1363 were overexpressed singly or in combination to investigate their potential to raise menaquinone levels. We identify bottle-necks and key genes for biosynthesis of menaquinones in MG1363 and thereby provide a foundation for development of strains capable of higher K2-production during food",,
entity,/entities/compounds/39,phenylalanine (Phe),C,single-source (review),,,,1,False,"0.4368 (heuristic, not a probability)",Combination of SPH and SP80 prolongs the lifespan of &lt;i&gt;Bacillus subtilis&lt;/i&gt; natto to enhance industrial menaquinone-7 biosynthesis. (PMC12174048) -- results section,"+ reduced to 44% ( Equations 1–3 ) ( Figure 7D ). The ratio of NADH/NAD + has been proven to be inversely proportional to MK-7 content in B. subtilis ( Wang et al., 2019 ). 3.6 SPH+SP80 affected the pathway related to the biosynthesis of MK-7 Four modules named glycerol metabolism pathway (Module I), methylerythritol phosphate (MEP) pathway (Module II), shikimate (SA) pathway (Module III), and MK-7 pathway (Module IV) were involved in the biosynthesis pathway of MK-7 in B. subtilis natto ( Figure 3A ; Yang et al., 2019 ). The different expression changes of genes involved in four modules were detected ( Supplementary Table S1 ). In Module I, three enzymes, such as glycerol kinase (GlpK), Gly-3P dehydrogenase (GlpD), and glycerol facilitator (GlpF), played crucial roles in the SPH+SP80 group because the expression of glpK, glpD , and glpF was upregulated 1.78-, 1.62-, and 1.43-fold, respectively. The change of most of the enzymes in Module II was not significant in the SPH+SP80 group ( Figures 3A , B ). Except for membrane proteins like Fni and HepS, which catalyzed a reversible reaction of isopentenyl diphosphate (IPP) to form dimethylallyl diphosphate (DMAPP), the reaction of farnesyl diphosphate (FPP) to heptaprenyl diphosphate (HDP) was upregulated 1.42-fold, and 1.16-fold, respectively. As for Module III, the expression of aroA , aroB , aroC , aroD , aroK , and aroE was upregulated 1.47-, 0.75-, 0.64-, 0.77-, 2.30-, and 0.28-fold, respectively ( Figure 3B ), which verified a previous study showing that AroA and AroK played a crucial role in the SA pathway ( Cui et al., 2019 ). The genes encoding PabA, PabB, AroH, and TrpE, which were used to synthesize aromatic amino acids such as tryptophan (Trp), tyrosine (Tyr), and phenylalanine (Phe) from chorismate, were downregulated by 36, 26, 25, and 53%, respectively. Nine enzymes (MenA, B, C, D, E, F, G, H, and I) were involved in the synthesis of 1,4-dihydroxy-2-naphthoyl-CoA (DHNA-CoA) in Module IV. Interestingly, only genes encoding membrane proteins ( menA , menB , menD , menE , and menG ) were upregulated, especially menA , menG, and menD, whose expression levels were highly regulated by 1.43-, 1.12-, and 1.47-fold, respectively, in the SPH+SP80. These results provide clues for further modification of MK-7 biosynthesis at the transcriptional level. Taken together, an active electron transfer system stimulated the expression of related genes on the cell membrane, such as ispE , hepS , aroA , aroK , menA , menD , and menG , which were key enzyme-encoding genes for synthesizing MK-7, and finally promoted the synthesis of MK-7. 4",,
entity,/entities/compounds/40,chorismate,A,DB-grounded,,7748,pathbank_compound_id,3,False,"0.8509 (heuristic, not a probability)",Combination of SPH and SP80 prolongs the lifespan of &lt;i&gt;Bacillus subtilis&lt;/i&gt; natto to enhance industrial menaquinone-7 biosynthesis. (PMC12174048) -- results section | Engineering <i>Lactococcus lactis</i> for Increased Vitamin K2 Production. (PMC7093718) -- introduction section | DHNA biosynthesis (menaquinone precursor) (seed_paper) -- results section,"+ reduced to 44% ( Equations 1–3 ) ( Figure 7D ). The ratio of NADH/NAD + has been proven to be inversely proportional to MK-7 content in B. subtilis ( Wang et al., 2019 ). 3.6 SPH+SP80 affected the pathway related to the biosynthesis of MK-7 Four modules named glycerol metabolism pathway (Module I), methylerythritol phosphate (MEP) pathway (Module II), shikimate (SA) pathway (Module III), and MK-7 pathway (Module IV) were involved in the biosynthesis pathway of MK-7 in B. subtilis natto ( Figure 3A ; Yang et al., 2019 ). The different expression changes of genes involved in four modules were detected ( Supplementary Table S1 ). In Module I, three enzymes, such as glycerol kinase (GlpK), Gly-3P dehydrogenase (GlpD), and glycerol facilitator (GlpF), played crucial roles in the SPH+SP80 group because the expression of glpK, glpD , and glpF was upregulated 1.78-, 1.62-, and 1.43-fold, respectively. The change of most of the enzymes in Module II was not significant in the SPH+SP80 group ( Figures 3A , B ). Except for membrane proteins like Fni and HepS, which catalyzed a reversible reaction of isopentenyl diphosphate (IPP) to form dimethylallyl diphosphate (DMAPP), the reaction of farnesyl diphosphate (FPP) to heptaprenyl diphosphate (HDP) was upregulated 1.42-fold, and 1.16-fold, respectively. As for Module III, the expression of aroA , aroB , aroC , aroD , aroK , and aroE was upregulated 1.47-, 0.75-, 0.64-, 0.77-, 2.30-, and 0.28-fold, respectively ( Figure 3B ), which verified a previous study showing that AroA and AroK played a crucial role in the SA pathway ( Cui et al., 2019 ). The genes encoding PabA, PabB, AroH, and TrpE, which were used to synthesize aromatic amino acids such as tryptophan (Trp), tyrosine (Tyr), and phenylalanine (Phe) from chorismate, were downregulated by 36, 26, 25, and 53%, respectively. Nine enzymes (MenA, B, C, D, E, F, G, H, and I) were involved in the synthesis of 1,4-dihydroxy-2-naphthoyl-CoA (DHNA-CoA) in Module IV. Interestingly, only genes encoding membrane proteins ( menA , menB , menD , menE , and menG ) were upregulated, especially menA , menG, and menD, whose expression levels were highly regulated by 1.43-, 1.12-, and 1.47-fold, respectively, in the SPH+SP80. These results provide clues for further modification of MK-7 biosynthesis at the transcriptional level. Taken together, an active electron transfer system stimulated the expression of related genes on the cell membrane, such as ispE , hepS , aroA , aroK , menA , menD , and menG , which were key enzyme-encoding genes for synthesizing MK-7, and finally promoted the synthesis of MK-7. 4 | value of fermented food, but until very recently there were no reports on optimization of dairy production or metabolic engineering of LAB strains to achieve higher menaquinone levels. Several genomes of the dominating vitamin K2 producing LAB, L. lactis have been sequenced, and putative genes encoding the enzymes for the individual steps of menaquinone biosynthesis annotated (Wegmann et al., 2007 ). In L. lactis menaquinones are synthesized from acetyl-CoA, phosphoenolpyruvate and D-erythrose-4-phosphate. The precursors are converted step by step to a hydrophobic polyprenyl diphosphate (PP) chain (mevalonate and polyprenyl pathways) and a hydrophilic naphtoquinone ring; 1,4-dihydroxy-2-napthoate (DHNA) (shikimate and menaquinone pathways). Finally, MenA, a DHNA polyprenyltransferase, joins the prenyl diphosphate and DHNA to form demethylmenaquinone ( Figure 1 ). The product of the shikimate pathway, chorismate, is also a substrate for synthesis of the essential aromatic amino acids (AAA) and folate and its production and further conversion is highly regulated (Dosselaere and Vanderleyden, 2001 ). For instance, the first enzyme of the shikimate pathway, 3-Deoxy-D-arabinoheptulosonate 7-phosphate synthase (DAHPS), is known to be feedback inhibited by AAA in diverse microorganisms (Mir et al., 2015 ) and similar regulatory events are likely to exist in lactococci. Chorismate is converted to DHNA through 7 enzymatic steps starting with isochorismate synthase (encoded by menF ). The polyprenyl diphosphate chain is synthesized from isopentenyl pyrophosphate (IPP) units formed through the mevalonate pathway. Six enzymatic steps, catalyzed by 3-ketoacyl-CoA thiolase ( thiL ), hydroxymethylglutaryl-CoA synthase ( hmcM ), hydroxymethylglutaryl-CoA reductase ( mvaA ), mevalonate kinase ( mvk ), phosphomevalonate kinase ( pmk ), and diphosphomevalonate decarboxylase ( mvaD ) are required to convert acetyl-CoA into IPP (C5). These reactions constitute the most energy- and substrate-consuming part of menaquinone synthesis as they require 3 acetyl-CoA, 3 ATP, and 1 NADPH per IPP formed. The geranyltranstransferase ( ispA ) and isopentenyl-diphosphate delta-isomerase ( fni ) then combine IPP units into FPP (farnesyl diphosphate, C15). FPP is a scaffold for further lengthening of the prenyl diphosphate chain by consecutive addition of IPP units to make the all-trans polyprenyl diphosphate (for MK-n production) or di-trans, poly-cis-undecaprenyl pyrophosphate (UPP, C55). UPP is essential for lactococci as it is a substrate for synthesis of peptidoglycan (Bouhss et al., 2008 ). In L. lactis 2 genomic loci encode possible prenyl diphosphate synthases. The gerCA ( llmg_1111 ) and ispB ( llmg_1110 ) locus encodes proteins with homology to 2-component heptaprenyl diphosphate synthases. The gene llmg_0196 is in an operon with menA (DHNA polyprenyltransferase) and encodes a putative geranylgeranyl pyrophosphate synthase. In L. lactis ssp. lactis the gene and gene product of llmg_0196 are called preA and PreA and we will hereafter employ these names also for L. lactis ssp. cremoris MG1363. Figure 1 The lactococcal biosynthetic pathways for menaquinone(s). Intermediates that are substrates for competing essential pathways are shown as branched points (chorismate and FPP). IPP, isopentenyl pyrophosphate; FPP, farnesyl pyrophosphate; UPP, undecaprenyl pyrophosphate. Menaquinones play an essential role in electron transport but are not essential for fermentative growth in L. lactis (Rezaiki et al., 2008 ). However, in the presence of heme L. lactis can produce cytochrome and a functional electron transport chain enabling respiratory growth resulting in improved growth and survival in stationary phase (Sijpesteijn, 1970 ; Duwat et al., 2001 ; Gaudu et al., 2002 ; Rezaiki et al., 2008 ; Brooijmans et al., 2009 ). In addition, menaquinones can reduce both Fe and Cu and might be important for assimilation of metals (Rezaiki et al., 2008 ). The levels of menaquinone found in L. lactis are strain-dependent and vary in response to aerobic vs. anaerobic conditions as well as culture medium, carbon source and temperature. In L. lactis MK-9 is produced as the dominating menaquinone species, but minor amounts of MK-3, MK-7, MK-8 and MK-10 are also formed (Morishita et al., 1999 ; Rezaiki et al., 2008 ; Brooijmans et al., 2009 ). One recent study show that adjusting fermentation parameters like preculture conditions, carbon source and temperature result in up to 50% increase of vitamin K2 in fermented milk (Liu et al., 2019 ). However, there are no other reports available describing how to increase strain performance or optimize conditions to elevate menaquinone content during food fermentations, neither is information on the contribution of each enzyme to the biosynthetic pathway of menaquinones in lactococci. Such knowledge could be helpful in selecting the optimal lactococci for fermentation of milk into a product with higher functional value regarding vitamin K2. Therefore, in the present study several genes of the biosynthetic pathway of menaquinones in L. lactis ssp. cremoris MG1363 were overexpressed singly or in combination to investigate their potential to raise menaquinone levels. We identify bottle-necks and key genes for biosynthesis of menaquinones in MG1363 and thereby provide a foundation for development of strains capable of higher K2-production during food | results ( 11 ), largely due to limited understanding of the regulatory mechanisms governing quinone biosynthesis. MK biosynthesis starts from chorismate and proceeds through a seven-enzyme pathway consisting of MenF, MenD, MenH, MenC, MenE, MenB, and MenI to produce DHNA. Subsequently, MenA joins DHNA and prenyl diphosphate to produce demethylmenaquinone (DMK), and MenG demethylates DMK to generate MK ( Fig. 1A ). Strategies have attempted to enhance DHNA supply by overexpressing individual enzymes ( 13 – 17 ) or the entire DHNA biosynthesis operon ( 14 , 18 ). However, these efforts often lead to inconsistent and modest increases in DHNA/MK levels despite upregulated transcription of the respective genes ( 14 , 15 ). Conflicting outcomes have also been reported across different studies; for example, overexpressing MenF or MenD enhanced MK production in some cases but not others ( 13 , 15 – 17 ). These data suggest that a regulatory network might exist to control DHNA and MK levels and buffer against genetic perturbations. While these regulations are physiologically plausible, as microbes must resist quinone overproduction to avoid oxidative stress and growth inhibition ( 4 ), the molecular mechanisms remain elusive. Fig 1 A biosensing system for quantitative detection of DHNA at picomolar concentration. ( A ) Schematic showing the menaquinone biosynthesis pathway. DHNA is the precursor of menaquinone. ( B ) Workflow of the DHNA biosensing system. L. lactis was incubated for 2 hours to allow DHNA synthesis. The cell-free supernatant was collected and mixed with L. plantarum and iron reduction reagents, including iron(III) oxide and ferrozine (FZ). L. plantarum utilizes DHNA secreted by L. lactis to reduce Fe 3+ to Fe 2+ . The resulting Fe 2+ reacts with ferrozine, producing a magenta color product whose absorbance correlates with DHNA concentration. ( C ) Calibration curve of DHNA concentration versus absorbance at 562 nm. L. plantarum was incubated with varying concentrations of exogenous DHNA. The [DHNA]-OD 562 curve was fitted to a non-linear function. The top panel shows a scanned image of the assay plate. ( D ) L. plantarum can detect DHNA secreted from varying cell densities of quinone-producing L. lactis but not from the deficient mutant. Δ menC + menC represents menC gene complementation under a constitutive promoter on a plasmid in the Δ menC background. DHNA concentrations were calculated based on the calibration curve in panel C . The top panel shows a scanned image of the assay plate. All data represent mean ± 1 s.d. for three biological replicates. Bacterial biosensing system detecting DHNA in menaquinone biosynthesis through L. lactis-L. plantarum interaction and iron reduction colorimetry. Calibration shows picomolar sensitivity (R²=0.99) with validation using wild-type and menC mutant strains. Previous studies shed light on the quinone regulatory mechanism, but a system-level understanding has not been achieved. Studies have revealed that MenD can be allosterically inhibited by DHNA in Staphylococcus aureus ( 19 ) and Mycobacterium tuberculosis ( 20 ), suggesting an end-product feedback mechanism. In addition, MenF is also known to be capable of catalyzing both forward and reverse conversion of chorismate to isochorismate ( 21 ). However, it is unclear how these individual mechanisms interact to control DHNA production. Here, we study one of the major quinone producers, Lactococcus lactis, and reveal a multi-layer mechanism regulating DHNA biosynthesis. Leveraging a novel biosensing system, we quantified DHNA concentration at picomolar sensitivity. We then synthetically perturbed enzyme levels on genetic constructs and found that DHNA concentration can be modulated by both MenF and MenD, but to different degrees. A mathematical model uncovers a two-phase regulatory pattern resulting from the interplay of reversible flux and end-product feedback inhibition, where the regulatory roles of MenF and MenD shift based on their relative expression levels. The model also predicts limited availability of the substrate chorismate, which restrains DHNA from being overproduced. These mechanisms can collectively contribute to quinone homeostasis and imply new strategies to efficiently engineer quinone production. RESULTS A biosensing system allows sensitive and quantitative DHNA detection Since DHNA is the common precursor for all MK derivatives, we sought to interrogate the regulatory mechanism of quinone biosynthesis by focusing on DHNA. To precisely measure DHNA concentration, we constructed a L. lactis mutant lacking DHNA-utilizing pathways. We knocked out menA (encodes for DHNA prenyltransferase) to prevent DHNA from being utilized for DMK and MK biosynthesis ( Fig. 1A ). In addition, we knocked out noxAB (encodes for NADH:quinone oxidoreductases) to prevent DHNA from interacting with quinone reductases ( 22 ) , which may otherwise alter DHNA redox state and interfere with DHNA quantification. We next developed a high-throughput method for quantitative DHNA detection. While previous studies mainly measured DHNA concentration with high-performance liquid chromatography (HPLC) ( 23 – 26 ), this approach requires complex sample preparation and purification processes and has a limited detection of 1 µM",,
entity,/entities/compounds/41,phosphoenolpyruvate,A,DB-grounded,,108866,pathbank_compound_id,1,False,"0.6326 (heuristic, not a probability)",Engineering <i>Lactococcus lactis</i> for Increased Vitamin K2 Production. (PMC7093718) -- introduction section,"value of fermented food, but until very recently there were no reports on optimization of dairy production or metabolic engineering of LAB strains to achieve higher menaquinone levels. Several genomes of the dominating vitamin K2 producing LAB, L. lactis have been sequenced, and putative genes encoding the enzymes for the individual steps of menaquinone biosynthesis annotated (Wegmann et al., 2007 ). In L. lactis menaquinones are synthesized from acetyl-CoA, phosphoenolpyruvate and D-erythrose-4-phosphate. The precursors are converted step by step to a hydrophobic polyprenyl diphosphate (PP) chain (mevalonate and polyprenyl pathways) and a hydrophilic naphtoquinone ring; 1,4-dihydroxy-2-napthoate (DHNA) (shikimate and menaquinone pathways). Finally, MenA, a DHNA polyprenyltransferase, joins the prenyl diphosphate and DHNA to form demethylmenaquinone ( Figure 1 ). The product of the shikimate pathway, chorismate, is also a substrate for synthesis of the essential aromatic amino acids (AAA) and folate and its production and further conversion is highly regulated (Dosselaere and Vanderleyden, 2001 ). For instance, the first enzyme of the shikimate pathway, 3-Deoxy-D-arabinoheptulosonate 7-phosphate synthase (DAHPS), is known to be feedback inhibited by AAA in diverse microorganisms (Mir et al., 2015 ) and similar regulatory events are likely to exist in lactococci. Chorismate is converted to DHNA through 7 enzymatic steps starting with isochorismate synthase (encoded by menF ). The polyprenyl diphosphate chain is synthesized from isopentenyl pyrophosphate (IPP) units formed through the mevalonate pathway. Six enzymatic steps, catalyzed by 3-ketoacyl-CoA thiolase ( thiL ), hydroxymethylglutaryl-CoA synthase ( hmcM ), hydroxymethylglutaryl-CoA reductase ( mvaA ), mevalonate kinase ( mvk ), phosphomevalonate kinase ( pmk ), and diphosphomevalonate decarboxylase ( mvaD ) are required to convert acetyl-CoA into IPP (C5). These reactions constitute the most energy- and substrate-consuming part of menaquinone synthesis as they require 3 acetyl-CoA, 3 ATP, and 1 NADPH per IPP formed. The geranyltranstransferase ( ispA ) and isopentenyl-diphosphate delta-isomerase ( fni ) then combine IPP units into FPP (farnesyl diphosphate, C15). FPP is a scaffold for further lengthening of the prenyl diphosphate chain by consecutive addition of IPP units to make the all-trans polyprenyl diphosphate (for MK-n production) or di-trans, poly-cis-undecaprenyl pyrophosphate (UPP, C55). UPP is essential for lactococci as it is a substrate for synthesis of peptidoglycan (Bouhss et al., 2008 ). In L. lactis 2 genomic loci encode possible prenyl diphosphate synthases. The gerCA ( llmg_1111 ) and ispB ( llmg_1110 ) locus encodes proteins with homology to 2-component heptaprenyl diphosphate synthases. The gene llmg_0196 is in an operon with menA (DHNA polyprenyltransferase) and encodes a putative geranylgeranyl pyrophosphate synthase. In L. lactis ssp. lactis the gene and gene product of llmg_0196 are called preA and PreA and we will hereafter employ these names also for L. lactis ssp. cremoris MG1363. Figure 1 The lactococcal biosynthetic pathways for menaquinone(s). Intermediates that are substrates for competing essential pathways are shown as branched points (chorismate and FPP). IPP, isopentenyl pyrophosphate; FPP, farnesyl pyrophosphate; UPP, undecaprenyl pyrophosphate. Menaquinones play an essential role in electron transport but are not essential for fermentative growth in L. lactis (Rezaiki et al., 2008 ). However, in the presence of heme L. lactis can produce cytochrome and a functional electron transport chain enabling respiratory growth resulting in improved growth and survival in stationary phase (Sijpesteijn, 1970 ; Duwat et al., 2001 ; Gaudu et al., 2002 ; Rezaiki et al., 2008 ; Brooijmans et al., 2009 ). In addition, menaquinones can reduce both Fe and Cu and might be important for assimilation of metals (Rezaiki et al., 2008 ). The levels of menaquinone found in L. lactis are strain-dependent and vary in response to aerobic vs. anaerobic conditions as well as culture medium, carbon source and temperature. In L. lactis MK-9 is produced as the dominating menaquinone species, but minor amounts of MK-3, MK-7, MK-8 and MK-10 are also formed (Morishita et al., 1999 ; Rezaiki et al., 2008 ; Brooijmans et al., 2009 ). One recent study show that adjusting fermentation parameters like preculture conditions, carbon source and temperature result in up to 50% increase of vitamin K2 in fermented milk (Liu et al., 2019 ). However, there are no other reports available describing how to increase strain performance or optimize conditions to elevate menaquinone content during food fermentations, neither is information on the contribution of each enzyme to the biosynthetic pathway of menaquinones in lactococci. Such knowledge could be helpful in selecting the optimal lactococci for fermentation of milk into a product with higher functional value regarding vitamin K2. Therefore, in the present study several genes of the biosynthetic pathway of menaquinones in L. lactis ssp. cremoris MG1363 were overexpressed singly or in combination to investigate their potential to raise menaquinone levels. We identify bottle-necks and key genes for biosynthesis of menaquinones in MG1363 and thereby provide a foundation for development of strains capable of higher K2-production during food",,
entity,/entities/compounds/42,demethylmenaquinone (DMK),B,corroborated by a second paper (no identifier),,,,4,False,"0.8509 (heuristic, not a probability)",Engineering <i>Lactococcus lactis</i> for Increased Vitamin K2 Production. (PMC7093718) -- introduction section | Analysis and Reconstitution of the Menaquinone Biosynthesis Pathway in &lt;i&gt;Lactiplantibacillus plantarum&lt;/i&gt; and &lt;i&gt;Lentilactibacillus buchneri&lt;/i&gt;. (PMC8303990) -- (section unknown) | Physiological Roles of Short-Chain and Long-Chain Menaquinones (Vitamin K2) in <i>Lactococcus cremoris</i>. (PMC8965153) -- introduction section | DHNA biosynthesis (menaquinone precursor) (seed_paper) -- results section,"value of fermented food, but until very recently there were no reports on optimization of dairy production or metabolic engineering of LAB strains to achieve higher menaquinone levels. Several genomes of the dominating vitamin K2 producing LAB, L. lactis have been sequenced, and putative genes encoding the enzymes for the individual steps of menaquinone biosynthesis annotated (Wegmann et al., 2007 ). In L. lactis menaquinones are synthesized from acetyl-CoA, phosphoenolpyruvate and D-erythrose-4-phosphate. The precursors are converted step by step to a hydrophobic polyprenyl diphosphate (PP) chain (mevalonate and polyprenyl pathways) and a hydrophilic naphtoquinone ring; 1,4-dihydroxy-2-napthoate (DHNA) (shikimate and menaquinone pathways). Finally, MenA, a DHNA polyprenyltransferase, joins the prenyl diphosphate and DHNA to form demethylmenaquinone ( Figure 1 ). The product of the shikimate pathway, chorismate, is also a substrate for synthesis of the essential aromatic amino acids (AAA) and folate and its production and further conversion is highly regulated (Dosselaere and Vanderleyden, 2001 ). For instance, the first enzyme of the shikimate pathway, 3-Deoxy-D-arabinoheptulosonate 7-phosphate synthase (DAHPS), is known to be feedback inhibited by AAA in diverse microorganisms (Mir et al., 2015 ) and similar regulatory events are likely to exist in lactococci. Chorismate is converted to DHNA through 7 enzymatic steps starting with isochorismate synthase (encoded by menF ). The polyprenyl diphosphate chain is synthesized from isopentenyl pyrophosphate (IPP) units formed through the mevalonate pathway. Six enzymatic steps, catalyzed by 3-ketoacyl-CoA thiolase ( thiL ), hydroxymethylglutaryl-CoA synthase ( hmcM ), hydroxymethylglutaryl-CoA reductase ( mvaA ), mevalonate kinase ( mvk ), phosphomevalonate kinase ( pmk ), and diphosphomevalonate decarboxylase ( mvaD ) are required to convert acetyl-CoA into IPP (C5). These reactions constitute the most energy- and substrate-consuming part of menaquinone synthesis as they require 3 acetyl-CoA, 3 ATP, and 1 NADPH per IPP formed. The geranyltranstransferase ( ispA ) and isopentenyl-diphosphate delta-isomerase ( fni ) then combine IPP units into FPP (farnesyl diphosphate, C15). FPP is a scaffold for further lengthening of the prenyl diphosphate chain by consecutive addition of IPP units to make the all-trans polyprenyl diphosphate (for MK-n production) or di-trans, poly-cis-undecaprenyl pyrophosphate (UPP, C55). UPP is essential for lactococci as it is a substrate for synthesis of peptidoglycan (Bouhss et al., 2008 ). In L. lactis 2 genomic loci encode possible prenyl diphosphate synthases. The gerCA ( llmg_1111 ) and ispB ( llmg_1110 ) locus encodes proteins with homology to 2-component heptaprenyl diphosphate synthases. The gene llmg_0196 is in an operon with menA (DHNA polyprenyltransferase) and encodes a putative geranylgeranyl pyrophosphate synthase. In L. lactis ssp. lactis the gene and gene product of llmg_0196 are called preA and PreA and we will hereafter employ these names also for L. lactis ssp. cremoris MG1363. Figure 1 The lactococcal biosynthetic pathways for menaquinone(s). Intermediates that are substrates for competing essential pathways are shown as branched points (chorismate and FPP). IPP, isopentenyl pyrophosphate; FPP, farnesyl pyrophosphate; UPP, undecaprenyl pyrophosphate. Menaquinones play an essential role in electron transport but are not essential for fermentative growth in L. lactis (Rezaiki et al., 2008 ). However, in the presence of heme L. lactis can produce cytochrome and a functional electron transport chain enabling respiratory growth resulting in improved growth and survival in stationary phase (Sijpesteijn, 1970 ; Duwat et al., 2001 ; Gaudu et al., 2002 ; Rezaiki et al., 2008 ; Brooijmans et al., 2009 ). In addition, menaquinones can reduce both Fe and Cu and might be important for assimilation of metals (Rezaiki et al., 2008 ). The levels of menaquinone found in L. lactis are strain-dependent and vary in response to aerobic vs. anaerobic conditions as well as culture medium, carbon source and temperature. In L. lactis MK-9 is produced as the dominating menaquinone species, but minor amounts of MK-3, MK-7, MK-8 and MK-10 are also formed (Morishita et al., 1999 ; Rezaiki et al., 2008 ; Brooijmans et al., 2009 ). One recent study show that adjusting fermentation parameters like preculture conditions, carbon source and temperature result in up to 50% increase of vitamin K2 in fermented milk (Liu et al., 2019 ). However, there are no other reports available describing how to increase strain performance or optimize conditions to elevate menaquinone content during food fermentations, neither is information on the contribution of each enzyme to the biosynthetic pathway of menaquinones in lactococci. Such knowledge could be helpful in selecting the optimal lactococci for fermentation of milk into a product with higher functional value regarding vitamin K2. Therefore, in the present study several genes of the biosynthetic pathway of menaquinones in L. lactis ssp. cremoris MG1363 were overexpressed singly or in combination to investigate their potential to raise menaquinone levels. We identify bottle-necks and key genes for biosynthesis of menaquinones in MG1363 and thereby provide a foundation for development of strains capable of higher K2-production during food | cremoris strain MG1363 and mutants. MK biosynthesis in L. cremoris / L. lactis is predicted to follow a pathway consisting of three parts: (i) synthesis of the naphthoquinone structure (the head group), (ii) synthesis of the isoprenyl side chain (the tail group), and (iii) joining of the head and tail structures giving the MK. The head group synthesis starts with chorismate generated from the Shikimate pathway with the first step catalyzed by a menaquinone-specific isochorismate synthase (predicted encoding gene is menF ), and the tail group synthesis starts with isopentenyl diphosphate (IPP), containing a single isoprene unit, generated from mevalonate pathway. For building the side chain, first a geranyltranstransferase (predicted encoding gene is ispA ) is required to form farnesyl diphosphate (FPP) containing three isoprene units. More IPP is linked to FPP to form longer isoprene chains, and this step is catalyzed by a prenyl diphosphate synthase (predicted encoding gene is llmg_0196 ). The latter enzyme also is thought to play a role in determination of the length of the isoprene chain ( Nagel et al., 2018 ; Johnston and Bulloch, 2020 ). Finally, the naphthoquinone head group – 1.4-dihydroxy-2-naphthoic acid (DHNA), and the polyprenyl tail group are combined by isoprenyl diphosphate:1,4-dihydroxy-2-naphthoate isoprenyltransferase to form demethylmenaquinone (DMK), which is methylated to give MK. Mainly MK-9, MK-8, and MK-3 are formed in original L. cremoris strain MG1363 (green box). Mutants Δ menF ,Δ ispA , and Δ llmg_0196 are expected to produce no MK, only MK-1, and only MK-3, respectively. Genes targeted in this study are shown in green color. Predicted MK production route and profiles in respective gene deletion mutants are shown in red boxes. | results ( 11 ), largely due to limited understanding of the regulatory mechanisms governing quinone biosynthesis. MK biosynthesis starts from chorismate and proceeds through a seven-enzyme pathway consisting of MenF, MenD, MenH, MenC, MenE, MenB, and MenI to produce DHNA. Subsequently, MenA joins DHNA and prenyl diphosphate to produce demethylmenaquinone (DMK), and MenG demethylates DMK to generate MK ( Fig. 1A ). Strategies have attempted to enhance DHNA supply by overexpressing individual enzymes ( 13 – 17 ) or the entire DHNA biosynthesis operon ( 14 , 18 ). However, these efforts often lead to inconsistent and modest increases in DHNA/MK levels despite upregulated transcription of the respective genes ( 14 , 15 ). Conflicting outcomes have also been reported across different studies; for example, overexpressing MenF or MenD enhanced MK production in some cases but not others ( 13 , 15 – 17 ). These data suggest that a regulatory network might exist to control DHNA and MK levels and buffer against genetic perturbations. While these regulations are physiologically plausible, as microbes must resist quinone overproduction to avoid oxidative stress and growth inhibition ( 4 ), the molecular mechanisms remain elusive. Fig 1 A biosensing system for quantitative detection of DHNA at picomolar concentration. ( A ) Schematic showing the menaquinone biosynthesis pathway. DHNA is the precursor of menaquinone. ( B ) Workflow of the DHNA biosensing system. L. lactis was incubated for 2 hours to allow DHNA synthesis. The cell-free supernatant was collected and mixed with L. plantarum and iron reduction reagents, including iron(III) oxide and ferrozine (FZ). L. plantarum utilizes DHNA secreted by L. lactis to reduce Fe 3+ to Fe 2+ . The resulting Fe 2+ reacts with ferrozine, producing a magenta color product whose absorbance correlates with DHNA concentration. ( C ) Calibration curve of DHNA concentration versus absorbance at 562 nm. L. plantarum was incubated with varying concentrations of exogenous DHNA. The [DHNA]-OD 562 curve was fitted to a non-linear function. The top panel shows a scanned image of the assay plate. ( D ) L. plantarum can detect DHNA secreted from varying cell densities of quinone-producing L. lactis but not from the deficient mutant. Δ menC + menC represents menC gene complementation under a constitutive promoter on a plasmid in the Δ menC background. DHNA concentrations were calculated based on the calibration curve in panel C . The top panel shows a scanned image of the assay plate. All data represent mean ± 1 s.d. for three biological replicates. Bacterial biosensing system detecting DHNA in menaquinone biosynthesis through L. lactis-L. plantarum interaction and iron reduction colorimetry. Calibration shows picomolar sensitivity (R²=0.99) with validation using wild-type and menC mutant strains. Previous studies shed light on the quinone regulatory mechanism, but a system-level understanding has not been achieved. Studies have revealed that MenD can be allosterically inhibited by DHNA in Staphylococcus aureus ( 19 ) and Mycobacterium tuberculosis ( 20 ), suggesting an end-product feedback mechanism. In addition, MenF is also known to be capable of catalyzing both forward and reverse conversion of chorismate to isochorismate ( 21 ). However, it is unclear how these individual mechanisms interact to control DHNA production. Here, we study one of the major quinone producers, Lactococcus lactis, and reveal a multi-layer mechanism regulating DHNA biosynthesis. Leveraging a novel biosensing system, we quantified DHNA concentration at picomolar sensitivity. We then synthetically perturbed enzyme levels on genetic constructs and found that DHNA concentration can be modulated by both MenF and MenD, but to different degrees. A mathematical model uncovers a two-phase regulatory pattern resulting from the interplay of reversible flux and end-product feedback inhibition, where the regulatory roles of MenF and MenD shift based on their relative expression levels. The model also predicts limited availability of the substrate chorismate, which restrains DHNA from being overproduced. These mechanisms can collectively contribute to quinone homeostasis and imply new strategies to efficiently engineer quinone production. RESULTS A biosensing system allows sensitive and quantitative DHNA detection Since DHNA is the common precursor for all MK derivatives, we sought to interrogate the regulatory mechanism of quinone biosynthesis by focusing on DHNA. To precisely measure DHNA concentration, we constructed a L. lactis mutant lacking DHNA-utilizing pathways. We knocked out menA (encodes for DHNA prenyltransferase) to prevent DHNA from being utilized for DMK and MK biosynthesis ( Fig. 1A ). In addition, we knocked out noxAB (encodes for NADH:quinone oxidoreductases) to prevent DHNA from interacting with quinone reductases ( 22 ) , which may otherwise alter DHNA redox state and interfere with DHNA quantification. We next developed a high-throughput method for quantitative DHNA detection. While previous studies mainly measured DHNA concentration with high-performance liquid chromatography (HPLC) ( 23 – 26 ), this approach requires complex sample preparation and purification processes and has a limited detection of 1 µM",,
entity,/entities/compounds/43,isopentenyl diphosphate (IPP),B,corroborated by a second paper (no identifier),,,,2,False,"0.4631 (heuristic, not a probability)",Combination of SPH and SP80 prolongs the lifespan of &lt;i&gt;Bacillus subtilis&lt;/i&gt; natto to enhance industrial menaquinone-7 biosynthesis. (PMC12174048) -- results section | Physiological Roles of Short-Chain and Long-Chain Menaquinones (Vitamin K2) in <i>Lactococcus cremoris</i>. (PMC8965153) -- introduction section,"+ reduced to 44% ( Equations 1–3 ) ( Figure 7D ). The ratio of NADH/NAD + has been proven to be inversely proportional to MK-7 content in B. subtilis ( Wang et al., 2019 ). 3.6 SPH+SP80 affected the pathway related to the biosynthesis of MK-7 Four modules named glycerol metabolism pathway (Module I), methylerythritol phosphate (MEP) pathway (Module II), shikimate (SA) pathway (Module III), and MK-7 pathway (Module IV) were involved in the biosynthesis pathway of MK-7 in B. subtilis natto ( Figure 3A ; Yang et al., 2019 ). The different expression changes of genes involved in four modules were detected ( Supplementary Table S1 ). In Module I, three enzymes, such as glycerol kinase (GlpK), Gly-3P dehydrogenase (GlpD), and glycerol facilitator (GlpF), played crucial roles in the SPH+SP80 group because the expression of glpK, glpD , and glpF was upregulated 1.78-, 1.62-, and 1.43-fold, respectively. The change of most of the enzymes in Module II was not significant in the SPH+SP80 group ( Figures 3A , B ). Except for membrane proteins like Fni and HepS, which catalyzed a reversible reaction of isopentenyl diphosphate (IPP) to form dimethylallyl diphosphate (DMAPP), the reaction of farnesyl diphosphate (FPP) to heptaprenyl diphosphate (HDP) was upregulated 1.42-fold, and 1.16-fold, respectively. As for Module III, the expression of aroA , aroB , aroC , aroD , aroK , and aroE was upregulated 1.47-, 0.75-, 0.64-, 0.77-, 2.30-, and 0.28-fold, respectively ( Figure 3B ), which verified a previous study showing that AroA and AroK played a crucial role in the SA pathway ( Cui et al., 2019 ). The genes encoding PabA, PabB, AroH, and TrpE, which were used to synthesize aromatic amino acids such as tryptophan (Trp), tyrosine (Tyr), and phenylalanine (Phe) from chorismate, were downregulated by 36, 26, 25, and 53%, respectively. Nine enzymes (MenA, B, C, D, E, F, G, H, and I) were involved in the synthesis of 1,4-dihydroxy-2-naphthoyl-CoA (DHNA-CoA) in Module IV. Interestingly, only genes encoding membrane proteins ( menA , menB , menD , menE , and menG ) were upregulated, especially menA , menG, and menD, whose expression levels were highly regulated by 1.43-, 1.12-, and 1.47-fold, respectively, in the SPH+SP80. These results provide clues for further modification of MK-7 biosynthesis at the transcriptional level. Taken together, an active electron transfer system stimulated the expression of related genes on the cell membrane, such as ispE , hepS , aroA , aroK , menA , menD , and menG , which were key enzyme-encoding genes for synthesizing MK-7, and finally promoted the synthesis of MK-7. 4 | cremoris strain MG1363 and mutants. MK biosynthesis in L. cremoris / L. lactis is predicted to follow a pathway consisting of three parts: (i) synthesis of the naphthoquinone structure (the head group), (ii) synthesis of the isoprenyl side chain (the tail group), and (iii) joining of the head and tail structures giving the MK. The head group synthesis starts with chorismate generated from the Shikimate pathway with the first step catalyzed by a menaquinone-specific isochorismate synthase (predicted encoding gene is menF ), and the tail group synthesis starts with isopentenyl diphosphate (IPP), containing a single isoprene unit, generated from mevalonate pathway. For building the side chain, first a geranyltranstransferase (predicted encoding gene is ispA ) is required to form farnesyl diphosphate (FPP) containing three isoprene units. More IPP is linked to FPP to form longer isoprene chains, and this step is catalyzed by a prenyl diphosphate synthase (predicted encoding gene is llmg_0196 ). The latter enzyme also is thought to play a role in determination of the length of the isoprene chain ( Nagel et al., 2018 ; Johnston and Bulloch, 2020 ). Finally, the naphthoquinone head group – 1.4-dihydroxy-2-naphthoic acid (DHNA), and the polyprenyl tail group are combined by isoprenyl diphosphate:1,4-dihydroxy-2-naphthoate isoprenyltransferase to form demethylmenaquinone (DMK), which is methylated to give MK. Mainly MK-9, MK-8, and MK-3 are formed in original L. cremoris strain MG1363 (green box). Mutants Δ menF ,Δ ispA , and Δ llmg_0196 are expected to produce no MK, only MK-1, and only MK-3, respectively. Genes targeted in this study are shown in green color. Predicted MK production route and profiles in respective gene deletion mutants are shown in red boxes.",,
entity,/entities/compounds/44,tryptophan (Trp),C,single-source (review),,,,1,False,"0.4368 (heuristic, not a probability)",Combination of SPH and SP80 prolongs the lifespan of &lt;i&gt;Bacillus subtilis&lt;/i&gt; natto to enhance industrial menaquinone-7 biosynthesis. (PMC12174048) -- results section,"+ reduced to 44% ( Equations 1–3 ) ( Figure 7D ). The ratio of NADH/NAD + has been proven to be inversely proportional to MK-7 content in B. subtilis ( Wang et al., 2019 ). 3.6 SPH+SP80 affected the pathway related to the biosynthesis of MK-7 Four modules named glycerol metabolism pathway (Module I), methylerythritol phosphate (MEP) pathway (Module II), shikimate (SA) pathway (Module III), and MK-7 pathway (Module IV) were involved in the biosynthesis pathway of MK-7 in B. subtilis natto ( Figure 3A ; Yang et al., 2019 ). The different expression changes of genes involved in four modules were detected ( Supplementary Table S1 ). In Module I, three enzymes, such as glycerol kinase (GlpK), Gly-3P dehydrogenase (GlpD), and glycerol facilitator (GlpF), played crucial roles in the SPH+SP80 group because the expression of glpK, glpD , and glpF was upregulated 1.78-, 1.62-, and 1.43-fold, respectively. The change of most of the enzymes in Module II was not significant in the SPH+SP80 group ( Figures 3A , B ). Except for membrane proteins like Fni and HepS, which catalyzed a reversible reaction of isopentenyl diphosphate (IPP) to form dimethylallyl diphosphate (DMAPP), the reaction of farnesyl diphosphate (FPP) to heptaprenyl diphosphate (HDP) was upregulated 1.42-fold, and 1.16-fold, respectively. As for Module III, the expression of aroA , aroB , aroC , aroD , aroK , and aroE was upregulated 1.47-, 0.75-, 0.64-, 0.77-, 2.30-, and 0.28-fold, respectively ( Figure 3B ), which verified a previous study showing that AroA and AroK played a crucial role in the SA pathway ( Cui et al., 2019 ). The genes encoding PabA, PabB, AroH, and TrpE, which were used to synthesize aromatic amino acids such as tryptophan (Trp), tyrosine (Tyr), and phenylalanine (Phe) from chorismate, were downregulated by 36, 26, 25, and 53%, respectively. Nine enzymes (MenA, B, C, D, E, F, G, H, and I) were involved in the synthesis of 1,4-dihydroxy-2-naphthoyl-CoA (DHNA-CoA) in Module IV. Interestingly, only genes encoding membrane proteins ( menA , menB , menD , menE , and menG ) were upregulated, especially menA , menG, and menD, whose expression levels were highly regulated by 1.43-, 1.12-, and 1.47-fold, respectively, in the SPH+SP80. These results provide clues for further modification of MK-7 biosynthesis at the transcriptional level. Taken together, an active electron transfer system stimulated the expression of related genes on the cell membrane, such as ispE , hepS , aroA , aroK , menA , menD , and menG , which were key enzyme-encoding genes for synthesizing MK-7, and finally promoted the synthesis of MK-7. 4",,
entity,/entities/proteins/0,3-ketoacyl-CoA thiolase ( thiL ),C,single-source (review),,,,1,False,"0.6326 (heuristic, not a probability)",Engineering <i>Lactococcus lactis</i> for Increased Vitamin K2 Production. (PMC7093718) -- introduction section,"value of fermented food, but until very recently there were no reports on optimization of dairy production or metabolic engineering of LAB strains to achieve higher menaquinone levels. Several genomes of the dominating vitamin K2 producing LAB, L. lactis have been sequenced, and putative genes encoding the enzymes for the individual steps of menaquinone biosynthesis annotated (Wegmann et al., 2007 ). In L. lactis menaquinones are synthesized from acetyl-CoA, phosphoenolpyruvate and D-erythrose-4-phosphate. The precursors are converted step by step to a hydrophobic polyprenyl diphosphate (PP) chain (mevalonate and polyprenyl pathways) and a hydrophilic naphtoquinone ring; 1,4-dihydroxy-2-napthoate (DHNA) (shikimate and menaquinone pathways). Finally, MenA, a DHNA polyprenyltransferase, joins the prenyl diphosphate and DHNA to form demethylmenaquinone ( Figure 1 ). The product of the shikimate pathway, chorismate, is also a substrate for synthesis of the essential aromatic amino acids (AAA) and folate and its production and further conversion is highly regulated (Dosselaere and Vanderleyden, 2001 ). For instance, the first enzyme of the shikimate pathway, 3-Deoxy-D-arabinoheptulosonate 7-phosphate synthase (DAHPS), is known to be feedback inhibited by AAA in diverse microorganisms (Mir et al., 2015 ) and similar regulatory events are likely to exist in lactococci. Chorismate is converted to DHNA through 7 enzymatic steps starting with isochorismate synthase (encoded by menF ). The polyprenyl diphosphate chain is synthesized from isopentenyl pyrophosphate (IPP) units formed through the mevalonate pathway. Six enzymatic steps, catalyzed by 3-ketoacyl-CoA thiolase ( thiL ), hydroxymethylglutaryl-CoA synthase ( hmcM ), hydroxymethylglutaryl-CoA reductase ( mvaA ), mevalonate kinase ( mvk ), phosphomevalonate kinase ( pmk ), and diphosphomevalonate decarboxylase ( mvaD ) are required to convert acetyl-CoA into IPP (C5). These reactions constitute the most energy- and substrate-consuming part of menaquinone synthesis as they require 3 acetyl-CoA, 3 ATP, and 1 NADPH per IPP formed. The geranyltranstransferase ( ispA ) and isopentenyl-diphosphate delta-isomerase ( fni ) then combine IPP units into FPP (farnesyl diphosphate, C15). FPP is a scaffold for further lengthening of the prenyl diphosphate chain by consecutive addition of IPP units to make the all-trans polyprenyl diphosphate (for MK-n production) or di-trans, poly-cis-undecaprenyl pyrophosphate (UPP, C55). UPP is essential for lactococci as it is a substrate for synthesis of peptidoglycan (Bouhss et al., 2008 ). In L. lactis 2 genomic loci encode possible prenyl diphosphate synthases. The gerCA ( llmg_1111 ) and ispB ( llmg_1110 ) locus encodes proteins with homology to 2-component heptaprenyl diphosphate synthases. The gene llmg_0196 is in an operon with menA (DHNA polyprenyltransferase) and encodes a putative geranylgeranyl pyrophosphate synthase. In L. lactis ssp. lactis the gene and gene product of llmg_0196 are called preA and PreA and we will hereafter employ these names also for L. lactis ssp. cremoris MG1363. Figure 1 The lactococcal biosynthetic pathways for menaquinone(s). Intermediates that are substrates for competing essential pathways are shown as branched points (chorismate and FPP). IPP, isopentenyl pyrophosphate; FPP, farnesyl pyrophosphate; UPP, undecaprenyl pyrophosphate. Menaquinones play an essential role in electron transport but are not essential for fermentative growth in L. lactis (Rezaiki et al., 2008 ). However, in the presence of heme L. lactis can produce cytochrome and a functional electron transport chain enabling respiratory growth resulting in improved growth and survival in stationary phase (Sijpesteijn, 1970 ; Duwat et al., 2001 ; Gaudu et al., 2002 ; Rezaiki et al., 2008 ; Brooijmans et al., 2009 ). In addition, menaquinones can reduce both Fe and Cu and might be important for assimilation of metals (Rezaiki et al., 2008 ). The levels of menaquinone found in L. lactis are strain-dependent and vary in response to aerobic vs. anaerobic conditions as well as culture medium, carbon source and temperature. In L. lactis MK-9 is produced as the dominating menaquinone species, but minor amounts of MK-3, MK-7, MK-8 and MK-10 are also formed (Morishita et al., 1999 ; Rezaiki et al., 2008 ; Brooijmans et al., 2009 ). One recent study show that adjusting fermentation parameters like preculture conditions, carbon source and temperature result in up to 50% increase of vitamin K2 in fermented milk (Liu et al., 2019 ). However, there are no other reports available describing how to increase strain performance or optimize conditions to elevate menaquinone content during food fermentations, neither is information on the contribution of each enzyme to the biosynthetic pathway of menaquinones in lactococci. Such knowledge could be helpful in selecting the optimal lactococci for fermentation of milk into a product with higher functional value regarding vitamin K2. Therefore, in the present study several genes of the biosynthetic pathway of menaquinones in L. lactis ssp. cremoris MG1363 were overexpressed singly or in combination to investigate their potential to raise menaquinone levels. We identify bottle-necks and key genes for biosynthesis of menaquinones in MG1363 and thereby provide a foundation for development of strains capable of higher K2-production during food",,"identity rejected: best_effort guess (top candidate accepted unconditionally) | identity rejected: mapping rule best_effort_fallback is a guess, not a match"
entity,/entities/proteins/1,AroH,C,single-source (review),,,,1,False,"0.4368 (heuristic, not a probability)",Combination of SPH and SP80 prolongs the lifespan of &lt;i&gt;Bacillus subtilis&lt;/i&gt; natto to enhance industrial menaquinone-7 biosynthesis. (PMC12174048) -- results section,"+ reduced to 44% ( Equations 1–3 ) ( Figure 7D ). The ratio of NADH/NAD + has been proven to be inversely proportional to MK-7 content in B. subtilis ( Wang et al., 2019 ). 3.6 SPH+SP80 affected the pathway related to the biosynthesis of MK-7 Four modules named glycerol metabolism pathway (Module I), methylerythritol phosphate (MEP) pathway (Module II), shikimate (SA) pathway (Module III), and MK-7 pathway (Module IV) were involved in the biosynthesis pathway of MK-7 in B. subtilis natto ( Figure 3A ; Yang et al., 2019 ). The different expression changes of genes involved in four modules were detected ( Supplementary Table S1 ). In Module I, three enzymes, such as glycerol kinase (GlpK), Gly-3P dehydrogenase (GlpD), and glycerol facilitator (GlpF), played crucial roles in the SPH+SP80 group because the expression of glpK, glpD , and glpF was upregulated 1.78-, 1.62-, and 1.43-fold, respectively. The change of most of the enzymes in Module II was not significant in the SPH+SP80 group ( Figures 3A , B ). Except for membrane proteins like Fni and HepS, which catalyzed a reversible reaction of isopentenyl diphosphate (IPP) to form dimethylallyl diphosphate (DMAPP), the reaction of farnesyl diphosphate (FPP) to heptaprenyl diphosphate (HDP) was upregulated 1.42-fold, and 1.16-fold, respectively. As for Module III, the expression of aroA , aroB , aroC , aroD , aroK , and aroE was upregulated 1.47-, 0.75-, 0.64-, 0.77-, 2.30-, and 0.28-fold, respectively ( Figure 3B ), which verified a previous study showing that AroA and AroK played a crucial role in the SA pathway ( Cui et al., 2019 ). The genes encoding PabA, PabB, AroH, and TrpE, which were used to synthesize aromatic amino acids such as tryptophan (Trp), tyrosine (Tyr), and phenylalanine (Phe) from chorismate, were downregulated by 36, 26, 25, and 53%, respectively. Nine enzymes (MenA, B, C, D, E, F, G, H, and I) were involved in the synthesis of 1,4-dihydroxy-2-naphthoyl-CoA (DHNA-CoA) in Module IV. Interestingly, only genes encoding membrane proteins ( menA , menB , menD , menE , and menG ) were upregulated, especially menA , menG, and menD, whose expression levels were highly regulated by 1.43-, 1.12-, and 1.47-fold, respectively, in the SPH+SP80. These results provide clues for further modification of MK-7 biosynthesis at the transcriptional level. Taken together, an active electron transfer system stimulated the expression of related genes on the cell membrane, such as ispE , hepS , aroA , aroK , menA , menD , and menG , which were key enzyme-encoding genes for synthesizing MK-7, and finally promoted the synthesis of MK-7. 4",,"identity rejected: best_effort guess (top candidate accepted unconditionally) | identity rejected: mapping rule best_effort_fallback is a guess, not a match"
entity,/entities/proteins/2,demethylmenaquinone methyltransferase,C,single-source (review),,,,1,False,"0.5379 (heuristic, not a probability)",Analysis and Reconstitution of the Menaquinone Biosynthesis Pathway in &lt;i&gt;Lactiplantibacillus plantarum&lt;/i&gt; and &lt;i&gt;Lentilactibacillus buchneri&lt;/i&gt;. (PMC8303990) -- figure section,"Figure 3 a). The menG gene encodes demethylmenaquinone methyltransferase (MenG), which adds a methyl group to the aromatic ring of demethylmenaquinone (DMK) and is the final step of menaquinone biosynthesis [ 32 , 33 ]. The functional verification of the menA genes from Lactipl . plantarum WCFS1 and",,"identity rejected: best_effort guess (top candidate accepted unconditionally) | identity rejected: mapping rule best_effort_fallback is a guess, not a match"
entity,/entities/proteins/3,diphosphomevalonate decarboxylase ( mvaD ),C,single-source (review),,,,1,False,"0.6326 (heuristic, not a probability)",Engineering <i>Lactococcus lactis</i> for Increased Vitamin K2 Production. (PMC7093718) -- introduction section,"value of fermented food, but until very recently there were no reports on optimization of dairy production or metabolic engineering of LAB strains to achieve higher menaquinone levels. Several genomes of the dominating vitamin K2 producing LAB, L. lactis have been sequenced, and putative genes encoding the enzymes for the individual steps of menaquinone biosynthesis annotated (Wegmann et al., 2007 ). In L. lactis menaquinones are synthesized from acetyl-CoA, phosphoenolpyruvate and D-erythrose-4-phosphate. The precursors are converted step by step to a hydrophobic polyprenyl diphosphate (PP) chain (mevalonate and polyprenyl pathways) and a hydrophilic naphtoquinone ring; 1,4-dihydroxy-2-napthoate (DHNA) (shikimate and menaquinone pathways). Finally, MenA, a DHNA polyprenyltransferase, joins the prenyl diphosphate and DHNA to form demethylmenaquinone ( Figure 1 ). The product of the shikimate pathway, chorismate, is also a substrate for synthesis of the essential aromatic amino acids (AAA) and folate and its production and further conversion is highly regulated (Dosselaere and Vanderleyden, 2001 ). For instance, the first enzyme of the shikimate pathway, 3-Deoxy-D-arabinoheptulosonate 7-phosphate synthase (DAHPS), is known to be feedback inhibited by AAA in diverse microorganisms (Mir et al., 2015 ) and similar regulatory events are likely to exist in lactococci. Chorismate is converted to DHNA through 7 enzymatic steps starting with isochorismate synthase (encoded by menF ). The polyprenyl diphosphate chain is synthesized from isopentenyl pyrophosphate (IPP) units formed through the mevalonate pathway. Six enzymatic steps, catalyzed by 3-ketoacyl-CoA thiolase ( thiL ), hydroxymethylglutaryl-CoA synthase ( hmcM ), hydroxymethylglutaryl-CoA reductase ( mvaA ), mevalonate kinase ( mvk ), phosphomevalonate kinase ( pmk ), and diphosphomevalonate decarboxylase ( mvaD ) are required to convert acetyl-CoA into IPP (C5). These reactions constitute the most energy- and substrate-consuming part of menaquinone synthesis as they require 3 acetyl-CoA, 3 ATP, and 1 NADPH per IPP formed. The geranyltranstransferase ( ispA ) and isopentenyl-diphosphate delta-isomerase ( fni ) then combine IPP units into FPP (farnesyl diphosphate, C15). FPP is a scaffold for further lengthening of the prenyl diphosphate chain by consecutive addition of IPP units to make the all-trans polyprenyl diphosphate (for MK-n production) or di-trans, poly-cis-undecaprenyl pyrophosphate (UPP, C55). UPP is essential for lactococci as it is a substrate for synthesis of peptidoglycan (Bouhss et al., 2008 ). In L. lactis 2 genomic loci encode possible prenyl diphosphate synthases. The gerCA ( llmg_1111 ) and ispB ( llmg_1110 ) locus encodes proteins with homology to 2-component heptaprenyl diphosphate synthases. The gene llmg_0196 is in an operon with menA (DHNA polyprenyltransferase) and encodes a putative geranylgeranyl pyrophosphate synthase. In L. lactis ssp. lactis the gene and gene product of llmg_0196 are called preA and PreA and we will hereafter employ these names also for L. lactis ssp. cremoris MG1363. Figure 1 The lactococcal biosynthetic pathways for menaquinone(s). Intermediates that are substrates for competing essential pathways are shown as branched points (chorismate and FPP). IPP, isopentenyl pyrophosphate; FPP, farnesyl pyrophosphate; UPP, undecaprenyl pyrophosphate. Menaquinones play an essential role in electron transport but are not essential for fermentative growth in L. lactis (Rezaiki et al., 2008 ). However, in the presence of heme L. lactis can produce cytochrome and a functional electron transport chain enabling respiratory growth resulting in improved growth and survival in stationary phase (Sijpesteijn, 1970 ; Duwat et al., 2001 ; Gaudu et al., 2002 ; Rezaiki et al., 2008 ; Brooijmans et al., 2009 ). In addition, menaquinones can reduce both Fe and Cu and might be important for assimilation of metals (Rezaiki et al., 2008 ). The levels of menaquinone found in L. lactis are strain-dependent and vary in response to aerobic vs. anaerobic conditions as well as culture medium, carbon source and temperature. In L. lactis MK-9 is produced as the dominating menaquinone species, but minor amounts of MK-3, MK-7, MK-8 and MK-10 are also formed (Morishita et al., 1999 ; Rezaiki et al., 2008 ; Brooijmans et al., 2009 ). One recent study show that adjusting fermentation parameters like preculture conditions, carbon source and temperature result in up to 50% increase of vitamin K2 in fermented milk (Liu et al., 2019 ). However, there are no other reports available describing how to increase strain performance or optimize conditions to elevate menaquinone content during food fermentations, neither is information on the contribution of each enzyme to the biosynthetic pathway of menaquinones in lactococci. Such knowledge could be helpful in selecting the optimal lactococci for fermentation of milk into a product with higher functional value regarding vitamin K2. Therefore, in the present study several genes of the biosynthetic pathway of menaquinones in L. lactis ssp. cremoris MG1363 were overexpressed singly or in combination to investigate their potential to raise menaquinone levels. We identify bottle-necks and key genes for biosynthesis of menaquinones in MG1363 and thereby provide a foundation for development of strains capable of higher K2-production during food",,"identity rejected: best_effort guess (top candidate accepted unconditionally) | identity rejected: mapping rule best_effort_fallback is a guess, not a match"
entity,/entities/proteins/4,Fni,C,single-source (review),,,,1,False,"0.4368 (heuristic, not a probability)",Combination of SPH and SP80 prolongs the lifespan of &lt;i&gt;Bacillus subtilis&lt;/i&gt; natto to enhance industrial menaquinone-7 biosynthesis. (PMC12174048) -- results section,"+ reduced to 44% ( Equations 1–3 ) ( Figure 7D ). The ratio of NADH/NAD + has been proven to be inversely proportional to MK-7 content in B. subtilis ( Wang et al., 2019 ). 3.6 SPH+SP80 affected the pathway related to the biosynthesis of MK-7 Four modules named glycerol metabolism pathway (Module I), methylerythritol phosphate (MEP) pathway (Module II), shikimate (SA) pathway (Module III), and MK-7 pathway (Module IV) were involved in the biosynthesis pathway of MK-7 in B. subtilis natto ( Figure 3A ; Yang et al., 2019 ). The different expression changes of genes involved in four modules were detected ( Supplementary Table S1 ). In Module I, three enzymes, such as glycerol kinase (GlpK), Gly-3P dehydrogenase (GlpD), and glycerol facilitator (GlpF), played crucial roles in the SPH+SP80 group because the expression of glpK, glpD , and glpF was upregulated 1.78-, 1.62-, and 1.43-fold, respectively. The change of most of the enzymes in Module II was not significant in the SPH+SP80 group ( Figures 3A , B ). Except for membrane proteins like Fni and HepS, which catalyzed a reversible reaction of isopentenyl diphosphate (IPP) to form dimethylallyl diphosphate (DMAPP), the reaction of farnesyl diphosphate (FPP) to heptaprenyl diphosphate (HDP) was upregulated 1.42-fold, and 1.16-fold, respectively. As for Module III, the expression of aroA , aroB , aroC , aroD , aroK , and aroE was upregulated 1.47-, 0.75-, 0.64-, 0.77-, 2.30-, and 0.28-fold, respectively ( Figure 3B ), which verified a previous study showing that AroA and AroK played a crucial role in the SA pathway ( Cui et al., 2019 ). The genes encoding PabA, PabB, AroH, and TrpE, which were used to synthesize aromatic amino acids such as tryptophan (Trp), tyrosine (Tyr), and phenylalanine (Phe) from chorismate, were downregulated by 36, 26, 25, and 53%, respectively. Nine enzymes (MenA, B, C, D, E, F, G, H, and I) were involved in the synthesis of 1,4-dihydroxy-2-naphthoyl-CoA (DHNA-CoA) in Module IV. Interestingly, only genes encoding membrane proteins ( menA , menB , menD , menE , and menG ) were upregulated, especially menA , menG, and menD, whose expression levels were highly regulated by 1.43-, 1.12-, and 1.47-fold, respectively, in the SPH+SP80. These results provide clues for further modification of MK-7 biosynthesis at the transcriptional level. Taken together, an active electron transfer system stimulated the expression of related genes on the cell membrane, such as ispE , hepS , aroA , aroK , menA , menD , and menG , which were key enzyme-encoding genes for synthesizing MK-7, and finally promoted the synthesis of MK-7. 4",,"identity rejected: best_effort guess (top candidate accepted unconditionally) | identity rejected: mapping rule best_effort_fallback is a guess, not a match"
entity,/entities/proteins/5,geranyltranstransferase,C,single-source (review),,,,1,False,"0.4631 (heuristic, not a probability)",Physiological Roles of Short-Chain and Long-Chain Menaquinones (Vitamin K2) in <i>Lactococcus cremoris</i>. (PMC8965153) -- introduction section,"cremoris strain MG1363 and mutants. MK biosynthesis in L. cremoris / L. lactis is predicted to follow a pathway consisting of three parts: (i) synthesis of the naphthoquinone structure (the head group), (ii) synthesis of the isoprenyl side chain (the tail group), and (iii) joining of the head and tail structures giving the MK. The head group synthesis starts with chorismate generated from the Shikimate pathway with the first step catalyzed by a menaquinone-specific isochorismate synthase (predicted encoding gene is menF ), and the tail group synthesis starts with isopentenyl diphosphate (IPP), containing a single isoprene unit, generated from mevalonate pathway. For building the side chain, first a geranyltranstransferase (predicted encoding gene is ispA ) is required to form farnesyl diphosphate (FPP) containing three isoprene units. More IPP is linked to FPP to form longer isoprene chains, and this step is catalyzed by a prenyl diphosphate synthase (predicted encoding gene is llmg_0196 ). The latter enzyme also is thought to play a role in determination of the length of the isoprene chain ( Nagel et al., 2018 ; Johnston and Bulloch, 2020 ). Finally, the naphthoquinone head group – 1.4-dihydroxy-2-naphthoic acid (DHNA), and the polyprenyl tail group are combined by isoprenyl diphosphate:1,4-dihydroxy-2-naphthoate isoprenyltransferase to form demethylmenaquinone (DMK), which is methylated to give MK. Mainly MK-9, MK-8, and MK-3 are formed in original L. cremoris strain MG1363 (green box). Mutants Δ menF ,Δ ispA , and Δ llmg_0196 are expected to produce no MK, only MK-1, and only MK-3, respectively. Genes targeted in this study are shown in green color. Predicted MK production route and profiles in respective gene deletion mutants are shown in red boxes.",,
entity,/entities/proteins/6,geranyltranstransferase ( ispA ),C,single-source (review),,,,1,False,"0.6326 (heuristic, not a probability)",Engineering <i>Lactococcus lactis</i> for Increased Vitamin K2 Production. (PMC7093718) -- introduction section,"value of fermented food, but until very recently there were no reports on optimization of dairy production or metabolic engineering of LAB strains to achieve higher menaquinone levels. Several genomes of the dominating vitamin K2 producing LAB, L. lactis have been sequenced, and putative genes encoding the enzymes for the individual steps of menaquinone biosynthesis annotated (Wegmann et al., 2007 ). In L. lactis menaquinones are synthesized from acetyl-CoA, phosphoenolpyruvate and D-erythrose-4-phosphate. The precursors are converted step by step to a hydrophobic polyprenyl diphosphate (PP) chain (mevalonate and polyprenyl pathways) and a hydrophilic naphtoquinone ring; 1,4-dihydroxy-2-napthoate (DHNA) (shikimate and menaquinone pathways). Finally, MenA, a DHNA polyprenyltransferase, joins the prenyl diphosphate and DHNA to form demethylmenaquinone ( Figure 1 ). The product of the shikimate pathway, chorismate, is also a substrate for synthesis of the essential aromatic amino acids (AAA) and folate and its production and further conversion is highly regulated (Dosselaere and Vanderleyden, 2001 ). For instance, the first enzyme of the shikimate pathway, 3-Deoxy-D-arabinoheptulosonate 7-phosphate synthase (DAHPS), is known to be feedback inhibited by AAA in diverse microorganisms (Mir et al., 2015 ) and similar regulatory events are likely to exist in lactococci. Chorismate is converted to DHNA through 7 enzymatic steps starting with isochorismate synthase (encoded by menF ). The polyprenyl diphosphate chain is synthesized from isopentenyl pyrophosphate (IPP) units formed through the mevalonate pathway. Six enzymatic steps, catalyzed by 3-ketoacyl-CoA thiolase ( thiL ), hydroxymethylglutaryl-CoA synthase ( hmcM ), hydroxymethylglutaryl-CoA reductase ( mvaA ), mevalonate kinase ( mvk ), phosphomevalonate kinase ( pmk ), and diphosphomevalonate decarboxylase ( mvaD ) are required to convert acetyl-CoA into IPP (C5). These reactions constitute the most energy- and substrate-consuming part of menaquinone synthesis as they require 3 acetyl-CoA, 3 ATP, and 1 NADPH per IPP formed. The geranyltranstransferase ( ispA ) and isopentenyl-diphosphate delta-isomerase ( fni ) then combine IPP units into FPP (farnesyl diphosphate, C15). FPP is a scaffold for further lengthening of the prenyl diphosphate chain by consecutive addition of IPP units to make the all-trans polyprenyl diphosphate (for MK-n production) or di-trans, poly-cis-undecaprenyl pyrophosphate (UPP, C55). UPP is essential for lactococci as it is a substrate for synthesis of peptidoglycan (Bouhss et al., 2008 ). In L. lactis 2 genomic loci encode possible prenyl diphosphate synthases. The gerCA ( llmg_1111 ) and ispB ( llmg_1110 ) locus encodes proteins with homology to 2-component heptaprenyl diphosphate synthases. The gene llmg_0196 is in an operon with menA (DHNA polyprenyltransferase) and encodes a putative geranylgeranyl pyrophosphate synthase. In L. lactis ssp. lactis the gene and gene product of llmg_0196 are called preA and PreA and we will hereafter employ these names also for L. lactis ssp. cremoris MG1363. Figure 1 The lactococcal biosynthetic pathways for menaquinone(s). Intermediates that are substrates for competing essential pathways are shown as branched points (chorismate and FPP). IPP, isopentenyl pyrophosphate; FPP, farnesyl pyrophosphate; UPP, undecaprenyl pyrophosphate. Menaquinones play an essential role in electron transport but are not essential for fermentative growth in L. lactis (Rezaiki et al., 2008 ). However, in the presence of heme L. lactis can produce cytochrome and a functional electron transport chain enabling respiratory growth resulting in improved growth and survival in stationary phase (Sijpesteijn, 1970 ; Duwat et al., 2001 ; Gaudu et al., 2002 ; Rezaiki et al., 2008 ; Brooijmans et al., 2009 ). In addition, menaquinones can reduce both Fe and Cu and might be important for assimilation of metals (Rezaiki et al., 2008 ). The levels of menaquinone found in L. lactis are strain-dependent and vary in response to aerobic vs. anaerobic conditions as well as culture medium, carbon source and temperature. In L. lactis MK-9 is produced as the dominating menaquinone species, but minor amounts of MK-3, MK-7, MK-8 and MK-10 are also formed (Morishita et al., 1999 ; Rezaiki et al., 2008 ; Brooijmans et al., 2009 ). One recent study show that adjusting fermentation parameters like preculture conditions, carbon source and temperature result in up to 50% increase of vitamin K2 in fermented milk (Liu et al., 2019 ). However, there are no other reports available describing how to increase strain performance or optimize conditions to elevate menaquinone content during food fermentations, neither is information on the contribution of each enzyme to the biosynthetic pathway of menaquinones in lactococci. Such knowledge could be helpful in selecting the optimal lactococci for fermentation of milk into a product with higher functional value regarding vitamin K2. Therefore, in the present study several genes of the biosynthetic pathway of menaquinones in L. lactis ssp. cremoris MG1363 were overexpressed singly or in combination to investigate their potential to raise menaquinone levels. We identify bottle-necks and key genes for biosynthesis of menaquinones in MG1363 and thereby provide a foundation for development of strains capable of higher K2-production during food",,
entity,/entities/proteins/7,HepS,C,single-source (review),,,,1,False,"0.4368 (heuristic, not a probability)",Combination of SPH and SP80 prolongs the lifespan of &lt;i&gt;Bacillus subtilis&lt;/i&gt; natto to enhance industrial menaquinone-7 biosynthesis. (PMC12174048) -- results section,"+ reduced to 44% ( Equations 1–3 ) ( Figure 7D ). The ratio of NADH/NAD + has been proven to be inversely proportional to MK-7 content in B. subtilis ( Wang et al., 2019 ). 3.6 SPH+SP80 affected the pathway related to the biosynthesis of MK-7 Four modules named glycerol metabolism pathway (Module I), methylerythritol phosphate (MEP) pathway (Module II), shikimate (SA) pathway (Module III), and MK-7 pathway (Module IV) were involved in the biosynthesis pathway of MK-7 in B. subtilis natto ( Figure 3A ; Yang et al., 2019 ). The different expression changes of genes involved in four modules were detected ( Supplementary Table S1 ). In Module I, three enzymes, such as glycerol kinase (GlpK), Gly-3P dehydrogenase (GlpD), and glycerol facilitator (GlpF), played crucial roles in the SPH+SP80 group because the expression of glpK, glpD , and glpF was upregulated 1.78-, 1.62-, and 1.43-fold, respectively. The change of most of the enzymes in Module II was not significant in the SPH+SP80 group ( Figures 3A , B ). Except for membrane proteins like Fni and HepS, which catalyzed a reversible reaction of isopentenyl diphosphate (IPP) to form dimethylallyl diphosphate (DMAPP), the reaction of farnesyl diphosphate (FPP) to heptaprenyl diphosphate (HDP) was upregulated 1.42-fold, and 1.16-fold, respectively. As for Module III, the expression of aroA , aroB , aroC , aroD , aroK , and aroE was upregulated 1.47-, 0.75-, 0.64-, 0.77-, 2.30-, and 0.28-fold, respectively ( Figure 3B ), which verified a previous study showing that AroA and AroK played a crucial role in the SA pathway ( Cui et al., 2019 ). The genes encoding PabA, PabB, AroH, and TrpE, which were used to synthesize aromatic amino acids such as tryptophan (Trp), tyrosine (Tyr), and phenylalanine (Phe) from chorismate, were downregulated by 36, 26, 25, and 53%, respectively. Nine enzymes (MenA, B, C, D, E, F, G, H, and I) were involved in the synthesis of 1,4-dihydroxy-2-naphthoyl-CoA (DHNA-CoA) in Module IV. Interestingly, only genes encoding membrane proteins ( menA , menB , menD , menE , and menG ) were upregulated, especially menA , menG, and menD, whose expression levels were highly regulated by 1.43-, 1.12-, and 1.47-fold, respectively, in the SPH+SP80. These results provide clues for further modification of MK-7 biosynthesis at the transcriptional level. Taken together, an active electron transfer system stimulated the expression of related genes on the cell membrane, such as ispE , hepS , aroA , aroK , menA , menD , and menG , which were key enzyme-encoding genes for synthesizing MK-7, and finally promoted the synthesis of MK-7. 4",,"identity rejected: best_effort guess (top candidate accepted unconditionally) | identity rejected: mapping rule best_effort_fallback is a guess, not a match"
entity,/entities/proteins/8,hydroxymethylglutaryl-CoA reductase ( mvaA ),C,single-source (review),,,,1,False,"0.6326 (heuristic, not a probability)",Engineering <i>Lactococcus lactis</i> for Increased Vitamin K2 Production. (PMC7093718) -- introduction section,"value of fermented food, but until very recently there were no reports on optimization of dairy production or metabolic engineering of LAB strains to achieve higher menaquinone levels. Several genomes of the dominating vitamin K2 producing LAB, L. lactis have been sequenced, and putative genes encoding the enzymes for the individual steps of menaquinone biosynthesis annotated (Wegmann et al., 2007 ). In L. lactis menaquinones are synthesized from acetyl-CoA, phosphoenolpyruvate and D-erythrose-4-phosphate. The precursors are converted step by step to a hydrophobic polyprenyl diphosphate (PP) chain (mevalonate and polyprenyl pathways) and a hydrophilic naphtoquinone ring; 1,4-dihydroxy-2-napthoate (DHNA) (shikimate and menaquinone pathways). Finally, MenA, a DHNA polyprenyltransferase, joins the prenyl diphosphate and DHNA to form demethylmenaquinone ( Figure 1 ). The product of the shikimate pathway, chorismate, is also a substrate for synthesis of the essential aromatic amino acids (AAA) and folate and its production and further conversion is highly regulated (Dosselaere and Vanderleyden, 2001 ). For instance, the first enzyme of the shikimate pathway, 3-Deoxy-D-arabinoheptulosonate 7-phosphate synthase (DAHPS), is known to be feedback inhibited by AAA in diverse microorganisms (Mir et al., 2015 ) and similar regulatory events are likely to exist in lactococci. Chorismate is converted to DHNA through 7 enzymatic steps starting with isochorismate synthase (encoded by menF ). The polyprenyl diphosphate chain is synthesized from isopentenyl pyrophosphate (IPP) units formed through the mevalonate pathway. Six enzymatic steps, catalyzed by 3-ketoacyl-CoA thiolase ( thiL ), hydroxymethylglutaryl-CoA synthase ( hmcM ), hydroxymethylglutaryl-CoA reductase ( mvaA ), mevalonate kinase ( mvk ), phosphomevalonate kinase ( pmk ), and diphosphomevalonate decarboxylase ( mvaD ) are required to convert acetyl-CoA into IPP (C5). These reactions constitute the most energy- and substrate-consuming part of menaquinone synthesis as they require 3 acetyl-CoA, 3 ATP, and 1 NADPH per IPP formed. The geranyltranstransferase ( ispA ) and isopentenyl-diphosphate delta-isomerase ( fni ) then combine IPP units into FPP (farnesyl diphosphate, C15). FPP is a scaffold for further lengthening of the prenyl diphosphate chain by consecutive addition of IPP units to make the all-trans polyprenyl diphosphate (for MK-n production) or di-trans, poly-cis-undecaprenyl pyrophosphate (UPP, C55). UPP is essential for lactococci as it is a substrate for synthesis of peptidoglycan (Bouhss et al., 2008 ). In L. lactis 2 genomic loci encode possible prenyl diphosphate synthases. The gerCA ( llmg_1111 ) and ispB ( llmg_1110 ) locus encodes proteins with homology to 2-component heptaprenyl diphosphate synthases. The gene llmg_0196 is in an operon with menA (DHNA polyprenyltransferase) and encodes a putative geranylgeranyl pyrophosphate synthase. In L. lactis ssp. lactis the gene and gene product of llmg_0196 are called preA and PreA and we will hereafter employ these names also for L. lactis ssp. cremoris MG1363. Figure 1 The lactococcal biosynthetic pathways for menaquinone(s). Intermediates that are substrates for competing essential pathways are shown as branched points (chorismate and FPP). IPP, isopentenyl pyrophosphate; FPP, farnesyl pyrophosphate; UPP, undecaprenyl pyrophosphate. Menaquinones play an essential role in electron transport but are not essential for fermentative growth in L. lactis (Rezaiki et al., 2008 ). However, in the presence of heme L. lactis can produce cytochrome and a functional electron transport chain enabling respiratory growth resulting in improved growth and survival in stationary phase (Sijpesteijn, 1970 ; Duwat et al., 2001 ; Gaudu et al., 2002 ; Rezaiki et al., 2008 ; Brooijmans et al., 2009 ). In addition, menaquinones can reduce both Fe and Cu and might be important for assimilation of metals (Rezaiki et al., 2008 ). The levels of menaquinone found in L. lactis are strain-dependent and vary in response to aerobic vs. anaerobic conditions as well as culture medium, carbon source and temperature. In L. lactis MK-9 is produced as the dominating menaquinone species, but minor amounts of MK-3, MK-7, MK-8 and MK-10 are also formed (Morishita et al., 1999 ; Rezaiki et al., 2008 ; Brooijmans et al., 2009 ). One recent study show that adjusting fermentation parameters like preculture conditions, carbon source and temperature result in up to 50% increase of vitamin K2 in fermented milk (Liu et al., 2019 ). However, there are no other reports available describing how to increase strain performance or optimize conditions to elevate menaquinone content during food fermentations, neither is information on the contribution of each enzyme to the biosynthetic pathway of menaquinones in lactococci. Such knowledge could be helpful in selecting the optimal lactococci for fermentation of milk into a product with higher functional value regarding vitamin K2. Therefore, in the present study several genes of the biosynthetic pathway of menaquinones in L. lactis ssp. cremoris MG1363 were overexpressed singly or in combination to investigate their potential to raise menaquinone levels. We identify bottle-necks and key genes for biosynthesis of menaquinones in MG1363 and thereby provide a foundation for development of strains capable of higher K2-production during food",,"identity rejected: best_effort guess (top candidate accepted unconditionally) | identity rejected: mapping rule best_effort_fallback is a guess, not a match"
entity,/entities/proteins/9,hydroxymethylglutaryl-CoA synthase ( hmcM ),C,single-source (review),,,,1,False,"0.6326 (heuristic, not a probability)",Engineering <i>Lactococcus lactis</i> for Increased Vitamin K2 Production. (PMC7093718) -- introduction section,"value of fermented food, but until very recently there were no reports on optimization of dairy production or metabolic engineering of LAB strains to achieve higher menaquinone levels. Several genomes of the dominating vitamin K2 producing LAB, L. lactis have been sequenced, and putative genes encoding the enzymes for the individual steps of menaquinone biosynthesis annotated (Wegmann et al., 2007 ). In L. lactis menaquinones are synthesized from acetyl-CoA, phosphoenolpyruvate and D-erythrose-4-phosphate. The precursors are converted step by step to a hydrophobic polyprenyl diphosphate (PP) chain (mevalonate and polyprenyl pathways) and a hydrophilic naphtoquinone ring; 1,4-dihydroxy-2-napthoate (DHNA) (shikimate and menaquinone pathways). Finally, MenA, a DHNA polyprenyltransferase, joins the prenyl diphosphate and DHNA to form demethylmenaquinone ( Figure 1 ). The product of the shikimate pathway, chorismate, is also a substrate for synthesis of the essential aromatic amino acids (AAA) and folate and its production and further conversion is highly regulated (Dosselaere and Vanderleyden, 2001 ). For instance, the first enzyme of the shikimate pathway, 3-Deoxy-D-arabinoheptulosonate 7-phosphate synthase (DAHPS), is known to be feedback inhibited by AAA in diverse microorganisms (Mir et al., 2015 ) and similar regulatory events are likely to exist in lactococci. Chorismate is converted to DHNA through 7 enzymatic steps starting with isochorismate synthase (encoded by menF ). The polyprenyl diphosphate chain is synthesized from isopentenyl pyrophosphate (IPP) units formed through the mevalonate pathway. Six enzymatic steps, catalyzed by 3-ketoacyl-CoA thiolase ( thiL ), hydroxymethylglutaryl-CoA synthase ( hmcM ), hydroxymethylglutaryl-CoA reductase ( mvaA ), mevalonate kinase ( mvk ), phosphomevalonate kinase ( pmk ), and diphosphomevalonate decarboxylase ( mvaD ) are required to convert acetyl-CoA into IPP (C5). These reactions constitute the most energy- and substrate-consuming part of menaquinone synthesis as they require 3 acetyl-CoA, 3 ATP, and 1 NADPH per IPP formed. The geranyltranstransferase ( ispA ) and isopentenyl-diphosphate delta-isomerase ( fni ) then combine IPP units into FPP (farnesyl diphosphate, C15). FPP is a scaffold for further lengthening of the prenyl diphosphate chain by consecutive addition of IPP units to make the all-trans polyprenyl diphosphate (for MK-n production) or di-trans, poly-cis-undecaprenyl pyrophosphate (UPP, C55). UPP is essential for lactococci as it is a substrate for synthesis of peptidoglycan (Bouhss et al., 2008 ). In L. lactis 2 genomic loci encode possible prenyl diphosphate synthases. The gerCA ( llmg_1111 ) and ispB ( llmg_1110 ) locus encodes proteins with homology to 2-component heptaprenyl diphosphate synthases. The gene llmg_0196 is in an operon with menA (DHNA polyprenyltransferase) and encodes a putative geranylgeranyl pyrophosphate synthase. In L. lactis ssp. lactis the gene and gene product of llmg_0196 are called preA and PreA and we will hereafter employ these names also for L. lactis ssp. cremoris MG1363. Figure 1 The lactococcal biosynthetic pathways for menaquinone(s). Intermediates that are substrates for competing essential pathways are shown as branched points (chorismate and FPP). IPP, isopentenyl pyrophosphate; FPP, farnesyl pyrophosphate; UPP, undecaprenyl pyrophosphate. Menaquinones play an essential role in electron transport but are not essential for fermentative growth in L. lactis (Rezaiki et al., 2008 ). However, in the presence of heme L. lactis can produce cytochrome and a functional electron transport chain enabling respiratory growth resulting in improved growth and survival in stationary phase (Sijpesteijn, 1970 ; Duwat et al., 2001 ; Gaudu et al., 2002 ; Rezaiki et al., 2008 ; Brooijmans et al., 2009 ). In addition, menaquinones can reduce both Fe and Cu and might be important for assimilation of metals (Rezaiki et al., 2008 ). The levels of menaquinone found in L. lactis are strain-dependent and vary in response to aerobic vs. anaerobic conditions as well as culture medium, carbon source and temperature. In L. lactis MK-9 is produced as the dominating menaquinone species, but minor amounts of MK-3, MK-7, MK-8 and MK-10 are also formed (Morishita et al., 1999 ; Rezaiki et al., 2008 ; Brooijmans et al., 2009 ). One recent study show that adjusting fermentation parameters like preculture conditions, carbon source and temperature result in up to 50% increase of vitamin K2 in fermented milk (Liu et al., 2019 ). However, there are no other reports available describing how to increase strain performance or optimize conditions to elevate menaquinone content during food fermentations, neither is information on the contribution of each enzyme to the biosynthetic pathway of menaquinones in lactococci. Such knowledge could be helpful in selecting the optimal lactococci for fermentation of milk into a product with higher functional value regarding vitamin K2. Therefore, in the present study several genes of the biosynthetic pathway of menaquinones in L. lactis ssp. cremoris MG1363 were overexpressed singly or in combination to investigate their potential to raise menaquinone levels. We identify bottle-necks and key genes for biosynthesis of menaquinones in MG1363 and thereby provide a foundation for development of strains capable of higher K2-production during food",(no code)@/entities/proteins/9/name,"identity rejected: best_effort guess (top candidate accepted unconditionally) | identity rejected: mapping rule best_effort_fallback is a guess, not a match"
entity,/entities/proteins/10,isochorismate synthase,B,corroborated by a second paper (no identifier),,,,2,False,"0.8509 (heuristic, not a probability)",Engineering <i>Lactococcus lactis</i> for Increased Vitamin K2 Production. (PMC7093718) -- introduction section | DHNA biosynthesis (menaquinone precursor) (seed_paper) -- results section,"value of fermented food, but until very recently there were no reports on optimization of dairy production or metabolic engineering of LAB strains to achieve higher menaquinone levels. Several genomes of the dominating vitamin K2 producing LAB, L. lactis have been sequenced, and putative genes encoding the enzymes for the individual steps of menaquinone biosynthesis annotated (Wegmann et al., 2007 ). In L. lactis menaquinones are synthesized from acetyl-CoA, phosphoenolpyruvate and D-erythrose-4-phosphate. The precursors are converted step by step to a hydrophobic polyprenyl diphosphate (PP) chain (mevalonate and polyprenyl pathways) and a hydrophilic naphtoquinone ring; 1,4-dihydroxy-2-napthoate (DHNA) (shikimate and menaquinone pathways). Finally, MenA, a DHNA polyprenyltransferase, joins the prenyl diphosphate and DHNA to form demethylmenaquinone ( Figure 1 ). The product of the shikimate pathway, chorismate, is also a substrate for synthesis of the essential aromatic amino acids (AAA) and folate and its production and further conversion is highly regulated (Dosselaere and Vanderleyden, 2001 ). For instance, the first enzyme of the shikimate pathway, 3-Deoxy-D-arabinoheptulosonate 7-phosphate synthase (DAHPS), is known to be feedback inhibited by AAA in diverse microorganisms (Mir et al., 2015 ) and similar regulatory events are likely to exist in lactococci. Chorismate is converted to DHNA through 7 enzymatic steps starting with isochorismate synthase (encoded by menF ). The polyprenyl diphosphate chain is synthesized from isopentenyl pyrophosphate (IPP) units formed through the mevalonate pathway. Six enzymatic steps, catalyzed by 3-ketoacyl-CoA thiolase ( thiL ), hydroxymethylglutaryl-CoA synthase ( hmcM ), hydroxymethylglutaryl-CoA reductase ( mvaA ), mevalonate kinase ( mvk ), phosphomevalonate kinase ( pmk ), and diphosphomevalonate decarboxylase ( mvaD ) are required to convert acetyl-CoA into IPP (C5). These reactions constitute the most energy- and substrate-consuming part of menaquinone synthesis as they require 3 acetyl-CoA, 3 ATP, and 1 NADPH per IPP formed. The geranyltranstransferase ( ispA ) and isopentenyl-diphosphate delta-isomerase ( fni ) then combine IPP units into FPP (farnesyl diphosphate, C15). FPP is a scaffold for further lengthening of the prenyl diphosphate chain by consecutive addition of IPP units to make the all-trans polyprenyl diphosphate (for MK-n production) or di-trans, poly-cis-undecaprenyl pyrophosphate (UPP, C55). UPP is essential for lactococci as it is a substrate for synthesis of peptidoglycan (Bouhss et al., 2008 ). In L. lactis 2 genomic loci encode possible prenyl diphosphate synthases. The gerCA ( llmg_1111 ) and ispB ( llmg_1110 ) locus encodes proteins with homology to 2-component heptaprenyl diphosphate synthases. The gene llmg_0196 is in an operon with menA (DHNA polyprenyltransferase) and encodes a putative geranylgeranyl pyrophosphate synthase. In L. lactis ssp. lactis the gene and gene product of llmg_0196 are called preA and PreA and we will hereafter employ these names also for L. lactis ssp. cremoris MG1363. Figure 1 The lactococcal biosynthetic pathways for menaquinone(s). Intermediates that are substrates for competing essential pathways are shown as branched points (chorismate and FPP). IPP, isopentenyl pyrophosphate; FPP, farnesyl pyrophosphate; UPP, undecaprenyl pyrophosphate. Menaquinones play an essential role in electron transport but are not essential for fermentative growth in L. lactis (Rezaiki et al., 2008 ). However, in the presence of heme L. lactis can produce cytochrome and a functional electron transport chain enabling respiratory growth resulting in improved growth and survival in stationary phase (Sijpesteijn, 1970 ; Duwat et al., 2001 ; Gaudu et al., 2002 ; Rezaiki et al., 2008 ; Brooijmans et al., 2009 ). In addition, menaquinones can reduce both Fe and Cu and might be important for assimilation of metals (Rezaiki et al., 2008 ). The levels of menaquinone found in L. lactis are strain-dependent and vary in response to aerobic vs. anaerobic conditions as well as culture medium, carbon source and temperature. In L. lactis MK-9 is produced as the dominating menaquinone species, but minor amounts of MK-3, MK-7, MK-8 and MK-10 are also formed (Morishita et al., 1999 ; Rezaiki et al., 2008 ; Brooijmans et al., 2009 ). One recent study show that adjusting fermentation parameters like preculture conditions, carbon source and temperature result in up to 50% increase of vitamin K2 in fermented milk (Liu et al., 2019 ). However, there are no other reports available describing how to increase strain performance or optimize conditions to elevate menaquinone content during food fermentations, neither is information on the contribution of each enzyme to the biosynthetic pathway of menaquinones in lactococci. Such knowledge could be helpful in selecting the optimal lactococci for fermentation of milk into a product with higher functional value regarding vitamin K2. Therefore, in the present study several genes of the biosynthetic pathway of menaquinones in L. lactis ssp. cremoris MG1363 were overexpressed singly or in combination to investigate their potential to raise menaquinone levels. We identify bottle-necks and key genes for biosynthesis of menaquinones in MG1363 and thereby provide a foundation for development of strains capable of higher K2-production during food | results ( 11 ), largely due to limited understanding of the regulatory mechanisms governing quinone biosynthesis. MK biosynthesis starts from chorismate and proceeds through a seven-enzyme pathway consisting of MenF, MenD, MenH, MenC, MenE, MenB, and MenI to produce DHNA. Subsequently, MenA joins DHNA and prenyl diphosphate to produce demethylmenaquinone (DMK), and MenG demethylates DMK to generate MK ( Fig. 1A ). Strategies have attempted to enhance DHNA supply by overexpressing individual enzymes ( 13 – 17 ) or the entire DHNA biosynthesis operon ( 14 , 18 ). However, these efforts often lead to inconsistent and modest increases in DHNA/MK levels despite upregulated transcription of the respective genes ( 14 , 15 ). Conflicting outcomes have also been reported across different studies; for example, overexpressing MenF or MenD enhanced MK production in some cases but not others ( 13 , 15 – 17 ). These data suggest that a regulatory network might exist to control DHNA and MK levels and buffer against genetic perturbations. While these regulations are physiologically plausible, as microbes must resist quinone overproduction to avoid oxidative stress and growth inhibition ( 4 ), the molecular mechanisms remain elusive. Fig 1 A biosensing system for quantitative detection of DHNA at picomolar concentration. ( A ) Schematic showing the menaquinone biosynthesis pathway. DHNA is the precursor of menaquinone. ( B ) Workflow of the DHNA biosensing system. L. lactis was incubated for 2 hours to allow DHNA synthesis. The cell-free supernatant was collected and mixed with L. plantarum and iron reduction reagents, including iron(III) oxide and ferrozine (FZ). L. plantarum utilizes DHNA secreted by L. lactis to reduce Fe 3+ to Fe 2+ . The resulting Fe 2+ reacts with ferrozine, producing a magenta color product whose absorbance correlates with DHNA concentration. ( C ) Calibration curve of DHNA concentration versus absorbance at 562 nm. L. plantarum was incubated with varying concentrations of exogenous DHNA. The [DHNA]-OD 562 curve was fitted to a non-linear function. The top panel shows a scanned image of the assay plate. ( D ) L. plantarum can detect DHNA secreted from varying cell densities of quinone-producing L. lactis but not from the deficient mutant. Δ menC + menC represents menC gene complementation under a constitutive promoter on a plasmid in the Δ menC background. DHNA concentrations were calculated based on the calibration curve in panel C . The top panel shows a scanned image of the assay plate. All data represent mean ± 1 s.d. for three biological replicates. Bacterial biosensing system detecting DHNA in menaquinone biosynthesis through L. lactis-L. plantarum interaction and iron reduction colorimetry. Calibration shows picomolar sensitivity (R²=0.99) with validation using wild-type and menC mutant strains. Previous studies shed light on the quinone regulatory mechanism, but a system-level understanding has not been achieved. Studies have revealed that MenD can be allosterically inhibited by DHNA in Staphylococcus aureus ( 19 ) and Mycobacterium tuberculosis ( 20 ), suggesting an end-product feedback mechanism. In addition, MenF is also known to be capable of catalyzing both forward and reverse conversion of chorismate to isochorismate ( 21 ). However, it is unclear how these individual mechanisms interact to control DHNA production. Here, we study one of the major quinone producers, Lactococcus lactis, and reveal a multi-layer mechanism regulating DHNA biosynthesis. Leveraging a novel biosensing system, we quantified DHNA concentration at picomolar sensitivity. We then synthetically perturbed enzyme levels on genetic constructs and found that DHNA concentration can be modulated by both MenF and MenD, but to different degrees. A mathematical model uncovers a two-phase regulatory pattern resulting from the interplay of reversible flux and end-product feedback inhibition, where the regulatory roles of MenF and MenD shift based on their relative expression levels. The model also predicts limited availability of the substrate chorismate, which restrains DHNA from being overproduced. These mechanisms can collectively contribute to quinone homeostasis and imply new strategies to efficiently engineer quinone production. RESULTS A biosensing system allows sensitive and quantitative DHNA detection Since DHNA is the common precursor for all MK derivatives, we sought to interrogate the regulatory mechanism of quinone biosynthesis by focusing on DHNA. To precisely measure DHNA concentration, we constructed a L. lactis mutant lacking DHNA-utilizing pathways. We knocked out menA (encodes for DHNA prenyltransferase) to prevent DHNA from being utilized for DMK and MK biosynthesis ( Fig. 1A ). In addition, we knocked out noxAB (encodes for NADH:quinone oxidoreductases) to prevent DHNA from interacting with quinone reductases ( 22 ) , which may otherwise alter DHNA redox state and interfere with DHNA quantification. We next developed a high-throughput method for quantitative DHNA detection. While previous studies mainly measured DHNA concentration with high-performance liquid chromatography (HPLC) ( 23 – 26 ), this approach requires complex sample preparation and purification processes and has a limited detection of 1 µM",,"identity rejected: best_effort guess (top candidate accepted unconditionally) | identity rejected: mapping rule best_effort_fallback is a guess, not a match"
entity,/entities/proteins/11,isopentenyl-diphosphate delta-isomerase ( fni ),C,single-source (review),,,,1,False,"0.6326 (heuristic, not a probability)",Engineering <i>Lactococcus lactis</i> for Increased Vitamin K2 Production. (PMC7093718) -- introduction section,"value of fermented food, but until very recently there were no reports on optimization of dairy production or metabolic engineering of LAB strains to achieve higher menaquinone levels. Several genomes of the dominating vitamin K2 producing LAB, L. lactis have been sequenced, and putative genes encoding the enzymes for the individual steps of menaquinone biosynthesis annotated (Wegmann et al., 2007 ). In L. lactis menaquinones are synthesized from acetyl-CoA, phosphoenolpyruvate and D-erythrose-4-phosphate. The precursors are converted step by step to a hydrophobic polyprenyl diphosphate (PP) chain (mevalonate and polyprenyl pathways) and a hydrophilic naphtoquinone ring; 1,4-dihydroxy-2-napthoate (DHNA) (shikimate and menaquinone pathways). Finally, MenA, a DHNA polyprenyltransferase, joins the prenyl diphosphate and DHNA to form demethylmenaquinone ( Figure 1 ). The product of the shikimate pathway, chorismate, is also a substrate for synthesis of the essential aromatic amino acids (AAA) and folate and its production and further conversion is highly regulated (Dosselaere and Vanderleyden, 2001 ). For instance, the first enzyme of the shikimate pathway, 3-Deoxy-D-arabinoheptulosonate 7-phosphate synthase (DAHPS), is known to be feedback inhibited by AAA in diverse microorganisms (Mir et al., 2015 ) and similar regulatory events are likely to exist in lactococci. Chorismate is converted to DHNA through 7 enzymatic steps starting with isochorismate synthase (encoded by menF ). The polyprenyl diphosphate chain is synthesized from isopentenyl pyrophosphate (IPP) units formed through the mevalonate pathway. Six enzymatic steps, catalyzed by 3-ketoacyl-CoA thiolase ( thiL ), hydroxymethylglutaryl-CoA synthase ( hmcM ), hydroxymethylglutaryl-CoA reductase ( mvaA ), mevalonate kinase ( mvk ), phosphomevalonate kinase ( pmk ), and diphosphomevalonate decarboxylase ( mvaD ) are required to convert acetyl-CoA into IPP (C5). These reactions constitute the most energy- and substrate-consuming part of menaquinone synthesis as they require 3 acetyl-CoA, 3 ATP, and 1 NADPH per IPP formed. The geranyltranstransferase ( ispA ) and isopentenyl-diphosphate delta-isomerase ( fni ) then combine IPP units into FPP (farnesyl diphosphate, C15). FPP is a scaffold for further lengthening of the prenyl diphosphate chain by consecutive addition of IPP units to make the all-trans polyprenyl diphosphate (for MK-n production) or di-trans, poly-cis-undecaprenyl pyrophosphate (UPP, C55). UPP is essential for lactococci as it is a substrate for synthesis of peptidoglycan (Bouhss et al., 2008 ). In L. lactis 2 genomic loci encode possible prenyl diphosphate synthases. The gerCA ( llmg_1111 ) and ispB ( llmg_1110 ) locus encodes proteins with homology to 2-component heptaprenyl diphosphate synthases. The gene llmg_0196 is in an operon with menA (DHNA polyprenyltransferase) and encodes a putative geranylgeranyl pyrophosphate synthase. In L. lactis ssp. lactis the gene and gene product of llmg_0196 are called preA and PreA and we will hereafter employ these names also for L. lactis ssp. cremoris MG1363. Figure 1 The lactococcal biosynthetic pathways for menaquinone(s). Intermediates that are substrates for competing essential pathways are shown as branched points (chorismate and FPP). IPP, isopentenyl pyrophosphate; FPP, farnesyl pyrophosphate; UPP, undecaprenyl pyrophosphate. Menaquinones play an essential role in electron transport but are not essential for fermentative growth in L. lactis (Rezaiki et al., 2008 ). However, in the presence of heme L. lactis can produce cytochrome and a functional electron transport chain enabling respiratory growth resulting in improved growth and survival in stationary phase (Sijpesteijn, 1970 ; Duwat et al., 2001 ; Gaudu et al., 2002 ; Rezaiki et al., 2008 ; Brooijmans et al., 2009 ). In addition, menaquinones can reduce both Fe and Cu and might be important for assimilation of metals (Rezaiki et al., 2008 ). The levels of menaquinone found in L. lactis are strain-dependent and vary in response to aerobic vs. anaerobic conditions as well as culture medium, carbon source and temperature. In L. lactis MK-9 is produced as the dominating menaquinone species, but minor amounts of MK-3, MK-7, MK-8 and MK-10 are also formed (Morishita et al., 1999 ; Rezaiki et al., 2008 ; Brooijmans et al., 2009 ). One recent study show that adjusting fermentation parameters like preculture conditions, carbon source and temperature result in up to 50% increase of vitamin K2 in fermented milk (Liu et al., 2019 ). However, there are no other reports available describing how to increase strain performance or optimize conditions to elevate menaquinone content during food fermentations, neither is information on the contribution of each enzyme to the biosynthetic pathway of menaquinones in lactococci. Such knowledge could be helpful in selecting the optimal lactococci for fermentation of milk into a product with higher functional value regarding vitamin K2. Therefore, in the present study several genes of the biosynthetic pathway of menaquinones in L. lactis ssp. cremoris MG1363 were overexpressed singly or in combination to investigate their potential to raise menaquinone levels. We identify bottle-necks and key genes for biosynthesis of menaquinones in MG1363 and thereby provide a foundation for development of strains capable of higher K2-production during food",(no code)@/entities/proteins/11/name,"identity rejected: best_effort guess (top candidate accepted unconditionally) | identity rejected: mapping rule best_effort_fallback is a guess, not a match"
entity,/entities/proteins/12,"isoprenyl diphosphate:1,4-dihydroxy-2-naphthoate isoprenyltransferase",C,single-source (review),,,,1,False,"0.4631 (heuristic, not a probability)",Physiological Roles of Short-Chain and Long-Chain Menaquinones (Vitamin K2) in <i>Lactococcus cremoris</i>. (PMC8965153) -- introduction section,"cremoris strain MG1363 and mutants. MK biosynthesis in L. cremoris / L. lactis is predicted to follow a pathway consisting of three parts: (i) synthesis of the naphthoquinone structure (the head group), (ii) synthesis of the isoprenyl side chain (the tail group), and (iii) joining of the head and tail structures giving the MK. The head group synthesis starts with chorismate generated from the Shikimate pathway with the first step catalyzed by a menaquinone-specific isochorismate synthase (predicted encoding gene is menF ), and the tail group synthesis starts with isopentenyl diphosphate (IPP), containing a single isoprene unit, generated from mevalonate pathway. For building the side chain, first a geranyltranstransferase (predicted encoding gene is ispA ) is required to form farnesyl diphosphate (FPP) containing three isoprene units. More IPP is linked to FPP to form longer isoprene chains, and this step is catalyzed by a prenyl diphosphate synthase (predicted encoding gene is llmg_0196 ). The latter enzyme also is thought to play a role in determination of the length of the isoprene chain ( Nagel et al., 2018 ; Johnston and Bulloch, 2020 ). Finally, the naphthoquinone head group – 1.4-dihydroxy-2-naphthoic acid (DHNA), and the polyprenyl tail group are combined by isoprenyl diphosphate:1,4-dihydroxy-2-naphthoate isoprenyltransferase to form demethylmenaquinone (DMK), which is methylated to give MK. Mainly MK-9, MK-8, and MK-3 are formed in original L. cremoris strain MG1363 (green box). Mutants Δ menF ,Δ ispA , and Δ llmg_0196 are expected to produce no MK, only MK-1, and only MK-3, respectively. Genes targeted in this study are shown in green color. Predicted MK production route and profiles in respective gene deletion mutants are shown in red boxes.",(no code)@/entities/proteins/12 | (no code)@/entities/proteins/12,"identity rejected: best_effort guess (top candidate accepted unconditionally) | identity rejected: mapping rule best_effort_fallback is a guess, not a match"
entity,/entities/proteins/13,ispA,C,single-source (review),,,,1,False,"0.4631 (heuristic, not a probability)",Physiological Roles of Short-Chain and Long-Chain Menaquinones (Vitamin K2) in <i>Lactococcus cremoris</i>. (PMC8965153) -- introduction section,"cremoris strain MG1363 and mutants. MK biosynthesis in L. cremoris / L. lactis is predicted to follow a pathway consisting of three parts: (i) synthesis of the naphthoquinone structure (the head group), (ii) synthesis of the isoprenyl side chain (the tail group), and (iii) joining of the head and tail structures giving the MK. The head group synthesis starts with chorismate generated from the Shikimate pathway with the first step catalyzed by a menaquinone-specific isochorismate synthase (predicted encoding gene is menF ), and the tail group synthesis starts with isopentenyl diphosphate (IPP), containing a single isoprene unit, generated from mevalonate pathway. For building the side chain, first a geranyltranstransferase (predicted encoding gene is ispA ) is required to form farnesyl diphosphate (FPP) containing three isoprene units. More IPP is linked to FPP to form longer isoprene chains, and this step is catalyzed by a prenyl diphosphate synthase (predicted encoding gene is llmg_0196 ). The latter enzyme also is thought to play a role in determination of the length of the isoprene chain ( Nagel et al., 2018 ; Johnston and Bulloch, 2020 ). Finally, the naphthoquinone head group – 1.4-dihydroxy-2-naphthoic acid (DHNA), and the polyprenyl tail group are combined by isoprenyl diphosphate:1,4-dihydroxy-2-naphthoate isoprenyltransferase to form demethylmenaquinone (DMK), which is methylated to give MK. Mainly MK-9, MK-8, and MK-3 are formed in original L. cremoris strain MG1363 (green box). Mutants Δ menF ,Δ ispA , and Δ llmg_0196 are expected to produce no MK, only MK-1, and only MK-3, respectively. Genes targeted in this study are shown in green color. Predicted MK production route and profiles in respective gene deletion mutants are shown in red boxes.",(no code)@/entities/proteins/13 | (no code)@/entities/proteins/13,"identity rejected: best_effort guess (top candidate accepted unconditionally) | identity rejected: mapping rule best_effort_fallback is a guess, not a match"
entity,/entities/proteins/14,L. plantarum,C,single-source (review),,,,1,False,"0.8509 (heuristic, not a probability)",DHNA biosynthesis (menaquinone precursor) (seed_paper) -- results section,"results ( 11 ), largely due to limited understanding of the regulatory mechanisms governing quinone biosynthesis. MK biosynthesis starts from chorismate and proceeds through a seven-enzyme pathway consisting of MenF, MenD, MenH, MenC, MenE, MenB, and MenI to produce DHNA. Subsequently, MenA joins DHNA and prenyl diphosphate to produce demethylmenaquinone (DMK), and MenG demethylates DMK to generate MK ( Fig. 1A ). Strategies have attempted to enhance DHNA supply by overexpressing individual enzymes ( 13 – 17 ) or the entire DHNA biosynthesis operon ( 14 , 18 ). However, these efforts often lead to inconsistent and modest increases in DHNA/MK levels despite upregulated transcription of the respective genes ( 14 , 15 ). Conflicting outcomes have also been reported across different studies; for example, overexpressing MenF or MenD enhanced MK production in some cases but not others ( 13 , 15 – 17 ). These data suggest that a regulatory network might exist to control DHNA and MK levels and buffer against genetic perturbations. While these regulations are physiologically plausible, as microbes must resist quinone overproduction to avoid oxidative stress and growth inhibition ( 4 ), the molecular mechanisms remain elusive. Fig 1 A biosensing system for quantitative detection of DHNA at picomolar concentration. ( A ) Schematic showing the menaquinone biosynthesis pathway. DHNA is the precursor of menaquinone. ( B ) Workflow of the DHNA biosensing system. L. lactis was incubated for 2 hours to allow DHNA synthesis. The cell-free supernatant was collected and mixed with L. plantarum and iron reduction reagents, including iron(III) oxide and ferrozine (FZ). L. plantarum utilizes DHNA secreted by L. lactis to reduce Fe 3+ to Fe 2+ . The resulting Fe 2+ reacts with ferrozine, producing a magenta color product whose absorbance correlates with DHNA concentration. ( C ) Calibration curve of DHNA concentration versus absorbance at 562 nm. L. plantarum was incubated with varying concentrations of exogenous DHNA. The [DHNA]-OD 562 curve was fitted to a non-linear function. The top panel shows a scanned image of the assay plate. ( D ) L. plantarum can detect DHNA secreted from varying cell densities of quinone-producing L. lactis but not from the deficient mutant. Δ menC + menC represents menC gene complementation under a constitutive promoter on a plasmid in the Δ menC background. DHNA concentrations were calculated based on the calibration curve in panel C . The top panel shows a scanned image of the assay plate. All data represent mean ± 1 s.d. for three biological replicates. Bacterial biosensing system detecting DHNA in menaquinone biosynthesis through L. lactis-L. plantarum interaction and iron reduction colorimetry. Calibration shows picomolar sensitivity (R²=0.99) with validation using wild-type and menC mutant strains. Previous studies shed light on the quinone regulatory mechanism, but a system-level understanding has not been achieved. Studies have revealed that MenD can be allosterically inhibited by DHNA in Staphylococcus aureus ( 19 ) and Mycobacterium tuberculosis ( 20 ), suggesting an end-product feedback mechanism. In addition, MenF is also known to be capable of catalyzing both forward and reverse conversion of chorismate to isochorismate ( 21 ). However, it is unclear how these individual mechanisms interact to control DHNA production. Here, we study one of the major quinone producers, Lactococcus lactis, and reveal a multi-layer mechanism regulating DHNA biosynthesis. Leveraging a novel biosensing system, we quantified DHNA concentration at picomolar sensitivity. We then synthetically perturbed enzyme levels on genetic constructs and found that DHNA concentration can be modulated by both MenF and MenD, but to different degrees. A mathematical model uncovers a two-phase regulatory pattern resulting from the interplay of reversible flux and end-product feedback inhibition, where the regulatory roles of MenF and MenD shift based on their relative expression levels. The model also predicts limited availability of the substrate chorismate, which restrains DHNA from being overproduced. These mechanisms can collectively contribute to quinone homeostasis and imply new strategies to efficiently engineer quinone production. RESULTS A biosensing system allows sensitive and quantitative DHNA detection Since DHNA is the common precursor for all MK derivatives, we sought to interrogate the regulatory mechanism of quinone biosynthesis by focusing on DHNA. To precisely measure DHNA concentration, we constructed a L. lactis mutant lacking DHNA-utilizing pathways. We knocked out menA (encodes for DHNA prenyltransferase) to prevent DHNA from being utilized for DMK and MK biosynthesis ( Fig. 1A ). In addition, we knocked out noxAB (encodes for NADH:quinone oxidoreductases) to prevent DHNA from interacting with quinone reductases ( 22 ) , which may otherwise alter DHNA redox state and interfere with DHNA quantification. We next developed a high-throughput method for quantitative DHNA detection. While previous studies mainly measured DHNA concentration with high-performance liquid chromatography (HPLC) ( 23 – 26 ), this approach requires complex sample preparation and purification processes and has a limited detection of 1 µM",(no code)@/entities/proteins/14/name,"identity rejected: best_effort guess (top candidate accepted unconditionally) | identity rejected: mapping rule best_effort_fallback is a guess, not a match"
entity,/entities/proteins/15,llmg_0196,C,single-source (review),,,,1,False,"0.4631 (heuristic, not a probability)",Physiological Roles of Short-Chain and Long-Chain Menaquinones (Vitamin K2) in <i>Lactococcus cremoris</i>. (PMC8965153) -- introduction section,"cremoris strain MG1363 and mutants. MK biosynthesis in L. cremoris / L. lactis is predicted to follow a pathway consisting of three parts: (i) synthesis of the naphthoquinone structure (the head group), (ii) synthesis of the isoprenyl side chain (the tail group), and (iii) joining of the head and tail structures giving the MK. The head group synthesis starts with chorismate generated from the Shikimate pathway with the first step catalyzed by a menaquinone-specific isochorismate synthase (predicted encoding gene is menF ), and the tail group synthesis starts with isopentenyl diphosphate (IPP), containing a single isoprene unit, generated from mevalonate pathway. For building the side chain, first a geranyltranstransferase (predicted encoding gene is ispA ) is required to form farnesyl diphosphate (FPP) containing three isoprene units. More IPP is linked to FPP to form longer isoprene chains, and this step is catalyzed by a prenyl diphosphate synthase (predicted encoding gene is llmg_0196 ). The latter enzyme also is thought to play a role in determination of the length of the isoprene chain ( Nagel et al., 2018 ; Johnston and Bulloch, 2020 ). Finally, the naphthoquinone head group – 1.4-dihydroxy-2-naphthoic acid (DHNA), and the polyprenyl tail group are combined by isoprenyl diphosphate:1,4-dihydroxy-2-naphthoate isoprenyltransferase to form demethylmenaquinone (DMK), which is methylated to give MK. Mainly MK-9, MK-8, and MK-3 are formed in original L. cremoris strain MG1363 (green box). Mutants Δ menF ,Δ ispA , and Δ llmg_0196 are expected to produce no MK, only MK-1, and only MK-3, respectively. Genes targeted in this study are shown in green color. Predicted MK production route and profiles in respective gene deletion mutants are shown in red boxes.",,
entity,/entities/proteins/16,MenA,A,DB-grounded,,A2RHR6,uniprot,3,False,"0.8509 (heuristic, not a probability)",Engineering <i>Lactococcus lactis</i> for Increased Vitamin K2 Production. (PMC7093718) -- introduction section | New aspects of microbial vitamin K2 production by expanding the product spectrum. (PMC8042841) -- results section | DHNA biosynthesis (menaquinone precursor) (seed_paper) -- results section,"value of fermented food, but until very recently there were no reports on optimization of dairy production or metabolic engineering of LAB strains to achieve higher menaquinone levels. Several genomes of the dominating vitamin K2 producing LAB, L. lactis have been sequenced, and putative genes encoding the enzymes for the individual steps of menaquinone biosynthesis annotated (Wegmann et al., 2007 ). In L. lactis menaquinones are synthesized from acetyl-CoA, phosphoenolpyruvate and D-erythrose-4-phosphate. The precursors are converted step by step to a hydrophobic polyprenyl diphosphate (PP) chain (mevalonate and polyprenyl pathways) and a hydrophilic naphtoquinone ring; 1,4-dihydroxy-2-napthoate (DHNA) (shikimate and menaquinone pathways). Finally, MenA, a DHNA polyprenyltransferase, joins the prenyl diphosphate and DHNA to form demethylmenaquinone ( Figure 1 ). The product of the shikimate pathway, chorismate, is also a substrate for synthesis of the essential aromatic amino acids (AAA) and folate and its production and further conversion is highly regulated (Dosselaere and Vanderleyden, 2001 ). For instance, the first enzyme of the shikimate pathway, 3-Deoxy-D-arabinoheptulosonate 7-phosphate synthase (DAHPS), is known to be feedback inhibited by AAA in diverse microorganisms (Mir et al., 2015 ) and similar regulatory events are likely to exist in lactococci. Chorismate is converted to DHNA through 7 enzymatic steps starting with isochorismate synthase (encoded by menF ). The polyprenyl diphosphate chain is synthesized from isopentenyl pyrophosphate (IPP) units formed through the mevalonate pathway. Six enzymatic steps, catalyzed by 3-ketoacyl-CoA thiolase ( thiL ), hydroxymethylglutaryl-CoA synthase ( hmcM ), hydroxymethylglutaryl-CoA reductase ( mvaA ), mevalonate kinase ( mvk ), phosphomevalonate kinase ( pmk ), and diphosphomevalonate decarboxylase ( mvaD ) are required to convert acetyl-CoA into IPP (C5). These reactions constitute the most energy- and substrate-consuming part of menaquinone synthesis as they require 3 acetyl-CoA, 3 ATP, and 1 NADPH per IPP formed. The geranyltranstransferase ( ispA ) and isopentenyl-diphosphate delta-isomerase ( fni ) then combine IPP units into FPP (farnesyl diphosphate, C15). FPP is a scaffold for further lengthening of the prenyl diphosphate chain by consecutive addition of IPP units to make the all-trans polyprenyl diphosphate (for MK-n production) or di-trans, poly-cis-undecaprenyl pyrophosphate (UPP, C55). UPP is essential for lactococci as it is a substrate for synthesis of peptidoglycan (Bouhss et al., 2008 ). In L. lactis 2 genomic loci encode possible prenyl diphosphate synthases. The gerCA ( llmg_1111 ) and ispB ( llmg_1110 ) locus encodes proteins with homology to 2-component heptaprenyl diphosphate synthases. The gene llmg_0196 is in an operon with menA (DHNA polyprenyltransferase) and encodes a putative geranylgeranyl pyrophosphate synthase. In L. lactis ssp. lactis the gene and gene product of llmg_0196 are called preA and PreA and we will hereafter employ these names also for L. lactis ssp. cremoris MG1363. Figure 1 The lactococcal biosynthetic pathways for menaquinone(s). Intermediates that are substrates for competing essential pathways are shown as branched points (chorismate and FPP). IPP, isopentenyl pyrophosphate; FPP, farnesyl pyrophosphate; UPP, undecaprenyl pyrophosphate. Menaquinones play an essential role in electron transport but are not essential for fermentative growth in L. lactis (Rezaiki et al., 2008 ). However, in the presence of heme L. lactis can produce cytochrome and a functional electron transport chain enabling respiratory growth resulting in improved growth and survival in stationary phase (Sijpesteijn, 1970 ; Duwat et al., 2001 ; Gaudu et al., 2002 ; Rezaiki et al., 2008 ; Brooijmans et al., 2009 ). In addition, menaquinones can reduce both Fe and Cu and might be important for assimilation of metals (Rezaiki et al., 2008 ). The levels of menaquinone found in L. lactis are strain-dependent and vary in response to aerobic vs. anaerobic conditions as well as culture medium, carbon source and temperature. In L. lactis MK-9 is produced as the dominating menaquinone species, but minor amounts of MK-3, MK-7, MK-8 and MK-10 are also formed (Morishita et al., 1999 ; Rezaiki et al., 2008 ; Brooijmans et al., 2009 ). One recent study show that adjusting fermentation parameters like preculture conditions, carbon source and temperature result in up to 50% increase of vitamin K2 in fermented milk (Liu et al., 2019 ). However, there are no other reports available describing how to increase strain performance or optimize conditions to elevate menaquinone content during food fermentations, neither is information on the contribution of each enzyme to the biosynthetic pathway of menaquinones in lactococci. Such knowledge could be helpful in selecting the optimal lactococci for fermentation of milk into a product with higher functional value regarding vitamin K2. Therefore, in the present study several genes of the biosynthetic pathway of menaquinones in L. lactis ssp. cremoris MG1363 were overexpressed singly or in combination to investigate their potential to raise menaquinone levels. We identify bottle-necks and key genes for biosynthesis of menaquinones in MG1363 and thereby provide a foundation for development of strains capable of higher K2-production during food | results revealed that only the step reaction by MenA, i.e. the prenylation of DHNA to DMK was a rate-limiting step in the MK-7 pathway. Cui et al. [ 64 ] boosted the synthesis of MK-7 precursors in B. subtilis by overexpressing menFBE , but the results indicated that the encoded enzymes do not catalyze a rate-limiting step of MK-7 biosynthesis, which was consistent with Yang’s study mentioned before. Increasing the copy number of menA at a different locus increased the titer of MK-7 by 42 mg/L compared with the original strain [ 64 ]. These results show that MenA is a critical enzyme that can determine the efficiency of the MK-7 synthesis pathway. Although the futalosine-dependent pathway is widely investigated as a target for the development of new herbicides and antibiotics, there have been no studies on the metabolic engineering of the futalosine pathway to increase the yield of menaquinone [ 26 , 29 ]. It may be a promising strategy for the biosynthesis of vitamin K2 to combine these two MK biosynthesis pathways. Vitamin K2 and membrane engineering The bilayer membrane is not only an interface between cell and the outside environment, but also contains intricate mechanism for signal transduction, transporters, cellular communication, adhesion, etc. [ 86 , 87 ]. MK isoforms are lipid-soluble molecules that insert themselves into the bacterial cell membrane and shuttle electrons between the membrane-bound protein complexes in the electron-transport chain in many bacteria [ 41 ]. Hence, the synthesis of vitamin K2 may also affect by the state of the cell membrane, which has inspired studies of membrane engineering as a new direction for enhancing vitamin K2 biosynthesis. Wang et al. [ 2 ] found that the stable surface tension and an optimized composition of the cell membrane are beneficial to the accumulation of MK-7. Furthermore, Cui et al. [ 88 ] showed that membrane components (GO:0006810, GO:0017000, GO:0008125, GO:0031224, GO:0051234) exhibited the most significantly changed expression levels in a comparative transcriptomic analysis of the intrinsic connections between biofilm formation and MK-7 production. Overexpression of cell-membrane-associated proteins such as signal receptors (BSU02010), transmembrane transporters (BSU29340, BSU03070), and tatAD - CD (BSU02630) could improve the synthesis of MK-7. These results directly indicate that the composition and homeostasis of the cell membrane can affect MK-7 synthesis. Co-expression of tatAD - CD (BSU02630) and menaquinol-cytochrome c reductase qcrA - C using the strong P43 promoter in the previously engineered strain BS20 increased the titer of MK-7 to 410 mg/L in shake-flask culture, which is the highest MK-7 titer reported to date [ 64 , 88 ]. Similar to MK, lycopene, and carotenoids are biosynthesized from isoprene units and are accumulated in the cell membrane or neutral lipid droplets. Accordingly, there are reports that the yield of lycopene or carotenoids can be successfully improved by increasing the cellular lipid content (Fig. 3 ) [ 89 , 90 ]. Coincidentally, Hu et al. [ 91 ] supplemented soybean oil to the medium, resulting in a maximal MK-7 yield of 40.96 mg/L. Therefore, expanding the product spectrum will be useful to promote the metabolic engineering design-build-test-learn cycle and possibly increase the economic viability of microbial cell factories. | results ( 11 ), largely due to limited understanding of the regulatory mechanisms governing quinone biosynthesis. MK biosynthesis starts from chorismate and proceeds through a seven-enzyme pathway consisting of MenF, MenD, MenH, MenC, MenE, MenB, and MenI to produce DHNA. Subsequently, MenA joins DHNA and prenyl diphosphate to produce demethylmenaquinone (DMK), and MenG demethylates DMK to generate MK ( Fig. 1A ). Strategies have attempted to enhance DHNA supply by overexpressing individual enzymes ( 13 – 17 ) or the entire DHNA biosynthesis operon ( 14 , 18 ). However, these efforts often lead to inconsistent and modest increases in DHNA/MK levels despite upregulated transcription of the respective genes ( 14 , 15 ). Conflicting outcomes have also been reported across different studies; for example, overexpressing MenF or MenD enhanced MK production in some cases but not others ( 13 , 15 – 17 ). These data suggest that a regulatory network might exist to control DHNA and MK levels and buffer against genetic perturbations. While these regulations are physiologically plausible, as microbes must resist quinone overproduction to avoid oxidative stress and growth inhibition ( 4 ), the molecular mechanisms remain elusive. Fig 1 A biosensing system for quantitative detection of DHNA at picomolar concentration. ( A ) Schematic showing the menaquinone biosynthesis pathway. DHNA is the precursor of menaquinone. ( B ) Workflow of the DHNA biosensing system. L. lactis was incubated for 2 hours to allow DHNA synthesis. The cell-free supernatant was collected and mixed with L. plantarum and iron reduction reagents, including iron(III) oxide and ferrozine (FZ). L. plantarum utilizes DHNA secreted by L. lactis to reduce Fe 3+ to Fe 2+ . The resulting Fe 2+ reacts with ferrozine, producing a magenta color product whose absorbance correlates with DHNA concentration. ( C ) Calibration curve of DHNA concentration versus absorbance at 562 nm. L. plantarum was incubated with varying concentrations of exogenous DHNA. The [DHNA]-OD 562 curve was fitted to a non-linear function. The top panel shows a scanned image of the assay plate. ( D ) L. plantarum can detect DHNA secreted from varying cell densities of quinone-producing L. lactis but not from the deficient mutant. Δ menC + menC represents menC gene complementation under a constitutive promoter on a plasmid in the Δ menC background. DHNA concentrations were calculated based on the calibration curve in panel C . The top panel shows a scanned image of the assay plate. All data represent mean ± 1 s.d. for three biological replicates. Bacterial biosensing system detecting DHNA in menaquinone biosynthesis through L. lactis-L. plantarum interaction and iron reduction colorimetry. Calibration shows picomolar sensitivity (R²=0.99) with validation using wild-type and menC mutant strains. Previous studies shed light on the quinone regulatory mechanism, but a system-level understanding has not been achieved. Studies have revealed that MenD can be allosterically inhibited by DHNA in Staphylococcus aureus ( 19 ) and Mycobacterium tuberculosis ( 20 ), suggesting an end-product feedback mechanism. In addition, MenF is also known to be capable of catalyzing both forward and reverse conversion of chorismate to isochorismate ( 21 ). However, it is unclear how these individual mechanisms interact to control DHNA production. Here, we study one of the major quinone producers, Lactococcus lactis, and reveal a multi-layer mechanism regulating DHNA biosynthesis. Leveraging a novel biosensing system, we quantified DHNA concentration at picomolar sensitivity. We then synthetically perturbed enzyme levels on genetic constructs and found that DHNA concentration can be modulated by both MenF and MenD, but to different degrees. A mathematical model uncovers a two-phase regulatory pattern resulting from the interplay of reversible flux and end-product feedback inhibition, where the regulatory roles of MenF and MenD shift based on their relative expression levels. The model also predicts limited availability of the substrate chorismate, which restrains DHNA from being overproduced. These mechanisms can collectively contribute to quinone homeostasis and imply new strategies to efficiently engineer quinone production. RESULTS A biosensing system allows sensitive and quantitative DHNA detection Since DHNA is the common precursor for all MK derivatives, we sought to interrogate the regulatory mechanism of quinone biosynthesis by focusing on DHNA. To precisely measure DHNA concentration, we constructed a L. lactis mutant lacking DHNA-utilizing pathways. We knocked out menA (encodes for DHNA prenyltransferase) to prevent DHNA from being utilized for DMK and MK biosynthesis ( Fig. 1A ). In addition, we knocked out noxAB (encodes for NADH:quinone oxidoreductases) to prevent DHNA from interacting with quinone reductases ( 22 ) , which may otherwise alter DHNA redox state and interfere with DHNA quantification. We next developed a high-throughput method for quantitative DHNA detection. While previous studies mainly measured DHNA concentration with high-performance liquid chromatography (HPLC) ( 23 – 26 ), this approach requires complex sample preparation and purification processes and has a limited detection of 1 µM",,
entity,/entities/proteins/17,MenB,B,corroborated by a second paper (no identifier),,,,2,False,"0.8509 (heuristic, not a probability)",Engineering <i>Lactococcus lactis</i> for Increased Vitamin K2 Production. (PMC7093718) -- introduction section | DHNA biosynthesis (menaquinone precursor) (seed_paper) -- results section,"value of fermented food, but until very recently there were no reports on optimization of dairy production or metabolic engineering of LAB strains to achieve higher menaquinone levels. Several genomes of the dominating vitamin K2 producing LAB, L. lactis have been sequenced, and putative genes encoding the enzymes for the individual steps of menaquinone biosynthesis annotated (Wegmann et al., 2007 ). In L. lactis menaquinones are synthesized from acetyl-CoA, phosphoenolpyruvate and D-erythrose-4-phosphate. The precursors are converted step by step to a hydrophobic polyprenyl diphosphate (PP) chain (mevalonate and polyprenyl pathways) and a hydrophilic naphtoquinone ring; 1,4-dihydroxy-2-napthoate (DHNA) (shikimate and menaquinone pathways). Finally, MenA, a DHNA polyprenyltransferase, joins the prenyl diphosphate and DHNA to form demethylmenaquinone ( Figure 1 ). The product of the shikimate pathway, chorismate, is also a substrate for synthesis of the essential aromatic amino acids (AAA) and folate and its production and further conversion is highly regulated (Dosselaere and Vanderleyden, 2001 ). For instance, the first enzyme of the shikimate pathway, 3-Deoxy-D-arabinoheptulosonate 7-phosphate synthase (DAHPS), is known to be feedback inhibited by AAA in diverse microorganisms (Mir et al., 2015 ) and similar regulatory events are likely to exist in lactococci. Chorismate is converted to DHNA through 7 enzymatic steps starting with isochorismate synthase (encoded by menF ). The polyprenyl diphosphate chain is synthesized from isopentenyl pyrophosphate (IPP) units formed through the mevalonate pathway. Six enzymatic steps, catalyzed by 3-ketoacyl-CoA thiolase ( thiL ), hydroxymethylglutaryl-CoA synthase ( hmcM ), hydroxymethylglutaryl-CoA reductase ( mvaA ), mevalonate kinase ( mvk ), phosphomevalonate kinase ( pmk ), and diphosphomevalonate decarboxylase ( mvaD ) are required to convert acetyl-CoA into IPP (C5). These reactions constitute the most energy- and substrate-consuming part of menaquinone synthesis as they require 3 acetyl-CoA, 3 ATP, and 1 NADPH per IPP formed. The geranyltranstransferase ( ispA ) and isopentenyl-diphosphate delta-isomerase ( fni ) then combine IPP units into FPP (farnesyl diphosphate, C15). FPP is a scaffold for further lengthening of the prenyl diphosphate chain by consecutive addition of IPP units to make the all-trans polyprenyl diphosphate (for MK-n production) or di-trans, poly-cis-undecaprenyl pyrophosphate (UPP, C55). UPP is essential for lactococci as it is a substrate for synthesis of peptidoglycan (Bouhss et al., 2008 ). In L. lactis 2 genomic loci encode possible prenyl diphosphate synthases. The gerCA ( llmg_1111 ) and ispB ( llmg_1110 ) locus encodes proteins with homology to 2-component heptaprenyl diphosphate synthases. The gene llmg_0196 is in an operon with menA (DHNA polyprenyltransferase) and encodes a putative geranylgeranyl pyrophosphate synthase. In L. lactis ssp. lactis the gene and gene product of llmg_0196 are called preA and PreA and we will hereafter employ these names also for L. lactis ssp. cremoris MG1363. Figure 1 The lactococcal biosynthetic pathways for menaquinone(s). Intermediates that are substrates for competing essential pathways are shown as branched points (chorismate and FPP). IPP, isopentenyl pyrophosphate; FPP, farnesyl pyrophosphate; UPP, undecaprenyl pyrophosphate. Menaquinones play an essential role in electron transport but are not essential for fermentative growth in L. lactis (Rezaiki et al., 2008 ). However, in the presence of heme L. lactis can produce cytochrome and a functional electron transport chain enabling respiratory growth resulting in improved growth and survival in stationary phase (Sijpesteijn, 1970 ; Duwat et al., 2001 ; Gaudu et al., 2002 ; Rezaiki et al., 2008 ; Brooijmans et al., 2009 ). In addition, menaquinones can reduce both Fe and Cu and might be important for assimilation of metals (Rezaiki et al., 2008 ). The levels of menaquinone found in L. lactis are strain-dependent and vary in response to aerobic vs. anaerobic conditions as well as culture medium, carbon source and temperature. In L. lactis MK-9 is produced as the dominating menaquinone species, but minor amounts of MK-3, MK-7, MK-8 and MK-10 are also formed (Morishita et al., 1999 ; Rezaiki et al., 2008 ; Brooijmans et al., 2009 ). One recent study show that adjusting fermentation parameters like preculture conditions, carbon source and temperature result in up to 50% increase of vitamin K2 in fermented milk (Liu et al., 2019 ). However, there are no other reports available describing how to increase strain performance or optimize conditions to elevate menaquinone content during food fermentations, neither is information on the contribution of each enzyme to the biosynthetic pathway of menaquinones in lactococci. Such knowledge could be helpful in selecting the optimal lactococci for fermentation of milk into a product with higher functional value regarding vitamin K2. Therefore, in the present study several genes of the biosynthetic pathway of menaquinones in L. lactis ssp. cremoris MG1363 were overexpressed singly or in combination to investigate their potential to raise menaquinone levels. We identify bottle-necks and key genes for biosynthesis of menaquinones in MG1363 and thereby provide a foundation for development of strains capable of higher K2-production during food | results ( 11 ), largely due to limited understanding of the regulatory mechanisms governing quinone biosynthesis. MK biosynthesis starts from chorismate and proceeds through a seven-enzyme pathway consisting of MenF, MenD, MenH, MenC, MenE, MenB, and MenI to produce DHNA. Subsequently, MenA joins DHNA and prenyl diphosphate to produce demethylmenaquinone (DMK), and MenG demethylates DMK to generate MK ( Fig. 1A ). Strategies have attempted to enhance DHNA supply by overexpressing individual enzymes ( 13 – 17 ) or the entire DHNA biosynthesis operon ( 14 , 18 ). However, these efforts often lead to inconsistent and modest increases in DHNA/MK levels despite upregulated transcription of the respective genes ( 14 , 15 ). Conflicting outcomes have also been reported across different studies; for example, overexpressing MenF or MenD enhanced MK production in some cases but not others ( 13 , 15 – 17 ). These data suggest that a regulatory network might exist to control DHNA and MK levels and buffer against genetic perturbations. While these regulations are physiologically plausible, as microbes must resist quinone overproduction to avoid oxidative stress and growth inhibition ( 4 ), the molecular mechanisms remain elusive. Fig 1 A biosensing system for quantitative detection of DHNA at picomolar concentration. ( A ) Schematic showing the menaquinone biosynthesis pathway. DHNA is the precursor of menaquinone. ( B ) Workflow of the DHNA biosensing system. L. lactis was incubated for 2 hours to allow DHNA synthesis. The cell-free supernatant was collected and mixed with L. plantarum and iron reduction reagents, including iron(III) oxide and ferrozine (FZ). L. plantarum utilizes DHNA secreted by L. lactis to reduce Fe 3+ to Fe 2+ . The resulting Fe 2+ reacts with ferrozine, producing a magenta color product whose absorbance correlates with DHNA concentration. ( C ) Calibration curve of DHNA concentration versus absorbance at 562 nm. L. plantarum was incubated with varying concentrations of exogenous DHNA. The [DHNA]-OD 562 curve was fitted to a non-linear function. The top panel shows a scanned image of the assay plate. ( D ) L. plantarum can detect DHNA secreted from varying cell densities of quinone-producing L. lactis but not from the deficient mutant. Δ menC + menC represents menC gene complementation under a constitutive promoter on a plasmid in the Δ menC background. DHNA concentrations were calculated based on the calibration curve in panel C . The top panel shows a scanned image of the assay plate. All data represent mean ± 1 s.d. for three biological replicates. Bacterial biosensing system detecting DHNA in menaquinone biosynthesis through L. lactis-L. plantarum interaction and iron reduction colorimetry. Calibration shows picomolar sensitivity (R²=0.99) with validation using wild-type and menC mutant strains. Previous studies shed light on the quinone regulatory mechanism, but a system-level understanding has not been achieved. Studies have revealed that MenD can be allosterically inhibited by DHNA in Staphylococcus aureus ( 19 ) and Mycobacterium tuberculosis ( 20 ), suggesting an end-product feedback mechanism. In addition, MenF is also known to be capable of catalyzing both forward and reverse conversion of chorismate to isochorismate ( 21 ). However, it is unclear how these individual mechanisms interact to control DHNA production. Here, we study one of the major quinone producers, Lactococcus lactis, and reveal a multi-layer mechanism regulating DHNA biosynthesis. Leveraging a novel biosensing system, we quantified DHNA concentration at picomolar sensitivity. We then synthetically perturbed enzyme levels on genetic constructs and found that DHNA concentration can be modulated by both MenF and MenD, but to different degrees. A mathematical model uncovers a two-phase regulatory pattern resulting from the interplay of reversible flux and end-product feedback inhibition, where the regulatory roles of MenF and MenD shift based on their relative expression levels. The model also predicts limited availability of the substrate chorismate, which restrains DHNA from being overproduced. These mechanisms can collectively contribute to quinone homeostasis and imply new strategies to efficiently engineer quinone production. RESULTS A biosensing system allows sensitive and quantitative DHNA detection Since DHNA is the common precursor for all MK derivatives, we sought to interrogate the regulatory mechanism of quinone biosynthesis by focusing on DHNA. To precisely measure DHNA concentration, we constructed a L. lactis mutant lacking DHNA-utilizing pathways. We knocked out menA (encodes for DHNA prenyltransferase) to prevent DHNA from being utilized for DMK and MK biosynthesis ( Fig. 1A ). In addition, we knocked out noxAB (encodes for NADH:quinone oxidoreductases) to prevent DHNA from interacting with quinone reductases ( 22 ) , which may otherwise alter DHNA redox state and interfere with DHNA quantification. We next developed a high-throughput method for quantitative DHNA detection. While previous studies mainly measured DHNA concentration with high-performance liquid chromatography (HPLC) ( 23 – 26 ), this approach requires complex sample preparation and purification processes and has a limited detection of 1 µM",,"identity rejected: best_effort guess (top candidate accepted unconditionally) | identity rejected: mapping rule best_effort_fallback is a guess, not a match"
entity,/entities/proteins/18,MenC,B,corroborated by a second paper (no identifier),,,,2,False,"0.8509 (heuristic, not a probability)",Engineering <i>Lactococcus lactis</i> for Increased Vitamin K2 Production. (PMC7093718) -- introduction section | DHNA biosynthesis (menaquinone precursor) (seed_paper) -- discussion section,"value of fermented food, but until very recently there were no reports on optimization of dairy production or metabolic engineering of LAB strains to achieve higher menaquinone levels. Several genomes of the dominating vitamin K2 producing LAB, L. lactis have been sequenced, and putative genes encoding the enzymes for the individual steps of menaquinone biosynthesis annotated (Wegmann et al., 2007 ). In L. lactis menaquinones are synthesized from acetyl-CoA, phosphoenolpyruvate and D-erythrose-4-phosphate. The precursors are converted step by step to a hydrophobic polyprenyl diphosphate (PP) chain (mevalonate and polyprenyl pathways) and a hydrophilic naphtoquinone ring; 1,4-dihydroxy-2-napthoate (DHNA) (shikimate and menaquinone pathways). Finally, MenA, a DHNA polyprenyltransferase, joins the prenyl diphosphate and DHNA to form demethylmenaquinone ( Figure 1 ). The product of the shikimate pathway, chorismate, is also a substrate for synthesis of the essential aromatic amino acids (AAA) and folate and its production and further conversion is highly regulated (Dosselaere and Vanderleyden, 2001 ). For instance, the first enzyme of the shikimate pathway, 3-Deoxy-D-arabinoheptulosonate 7-phosphate synthase (DAHPS), is known to be feedback inhibited by AAA in diverse microorganisms (Mir et al., 2015 ) and similar regulatory events are likely to exist in lactococci. Chorismate is converted to DHNA through 7 enzymatic steps starting with isochorismate synthase (encoded by menF ). The polyprenyl diphosphate chain is synthesized from isopentenyl pyrophosphate (IPP) units formed through the mevalonate pathway. Six enzymatic steps, catalyzed by 3-ketoacyl-CoA thiolase ( thiL ), hydroxymethylglutaryl-CoA synthase ( hmcM ), hydroxymethylglutaryl-CoA reductase ( mvaA ), mevalonate kinase ( mvk ), phosphomevalonate kinase ( pmk ), and diphosphomevalonate decarboxylase ( mvaD ) are required to convert acetyl-CoA into IPP (C5). These reactions constitute the most energy- and substrate-consuming part of menaquinone synthesis as they require 3 acetyl-CoA, 3 ATP, and 1 NADPH per IPP formed. The geranyltranstransferase ( ispA ) and isopentenyl-diphosphate delta-isomerase ( fni ) then combine IPP units into FPP (farnesyl diphosphate, C15). FPP is a scaffold for further lengthening of the prenyl diphosphate chain by consecutive addition of IPP units to make the all-trans polyprenyl diphosphate (for MK-n production) or di-trans, poly-cis-undecaprenyl pyrophosphate (UPP, C55). UPP is essential for lactococci as it is a substrate for synthesis of peptidoglycan (Bouhss et al., 2008 ). In L. lactis 2 genomic loci encode possible prenyl diphosphate synthases. The gerCA ( llmg_1111 ) and ispB ( llmg_1110 ) locus encodes proteins with homology to 2-component heptaprenyl diphosphate synthases. The gene llmg_0196 is in an operon with menA (DHNA polyprenyltransferase) and encodes a putative geranylgeranyl pyrophosphate synthase. In L. lactis ssp. lactis the gene and gene product of llmg_0196 are called preA and PreA and we will hereafter employ these names also for L. lactis ssp. cremoris MG1363. Figure 1 The lactococcal biosynthetic pathways for menaquinone(s). Intermediates that are substrates for competing essential pathways are shown as branched points (chorismate and FPP). IPP, isopentenyl pyrophosphate; FPP, farnesyl pyrophosphate; UPP, undecaprenyl pyrophosphate. Menaquinones play an essential role in electron transport but are not essential for fermentative growth in L. lactis (Rezaiki et al., 2008 ). However, in the presence of heme L. lactis can produce cytochrome and a functional electron transport chain enabling respiratory growth resulting in improved growth and survival in stationary phase (Sijpesteijn, 1970 ; Duwat et al., 2001 ; Gaudu et al., 2002 ; Rezaiki et al., 2008 ; Brooijmans et al., 2009 ). In addition, menaquinones can reduce both Fe and Cu and might be important for assimilation of metals (Rezaiki et al., 2008 ). The levels of menaquinone found in L. lactis are strain-dependent and vary in response to aerobic vs. anaerobic conditions as well as culture medium, carbon source and temperature. In L. lactis MK-9 is produced as the dominating menaquinone species, but minor amounts of MK-3, MK-7, MK-8 and MK-10 are also formed (Morishita et al., 1999 ; Rezaiki et al., 2008 ; Brooijmans et al., 2009 ). One recent study show that adjusting fermentation parameters like preculture conditions, carbon source and temperature result in up to 50% increase of vitamin K2 in fermented milk (Liu et al., 2019 ). However, there are no other reports available describing how to increase strain performance or optimize conditions to elevate menaquinone content during food fermentations, neither is information on the contribution of each enzyme to the biosynthetic pathway of menaquinones in lactococci. Such knowledge could be helpful in selecting the optimal lactococci for fermentation of milk into a product with higher functional value regarding vitamin K2. Therefore, in the present study several genes of the biosynthetic pathway of menaquinones in L. lactis ssp. cremoris MG1363 were overexpressed singly or in combination to investigate their potential to raise menaquinone levels. We identify bottle-necks and key genes for biosynthesis of menaquinones in MG1363 and thereby provide a foundation for development of strains capable of higher K2-production during food | mM17 + 2.5 µL AFC, or 90 µL mM17. The final concentrations of AFC were 2, 1, or 0 mM, with an initial cell OD 600 = 0.1. The plate was sealed with a transparent PCR plate seal (Axygen), and the OD 600 was monitored using a Byonoy Absorbance 96 plate reader in the anaerobic chamber. Steady-state chemical kinetics analysis Model 1 To elucidate the rate-limiting step in the biosynthesis of DHNA from chorismate in L. lactis , we employed a steady-state modeling approach using Michaelis-Menten kinetics. We simplified notation by assigning capital letters to intermediates in the pathway as follows: A for chorismate, B for isochorismate, C for SEPHCHC, D for SHCHC, E for OSB, F for OSB-CoA, and G for DHNA-CoA. The enzyme MenF catalyzes a reversible reaction converting chorismate (A) to isochorismate (B) ( 43 ), and the isochorismate (B) production rate can be expressed as follows: (2) v B = ( k 2 [ M e n F ] [ A ] K M , 1 F − k − 1 [ M e n F ] [ B ] K M , 2 F ) 1 + [ A ] K M , 1 F + [ B ] K M , 2 F where k 2 and k - 1 are the forward and reverse rate constants for the MenF-catalyzed step, and K M , 1 F , K M , 2 F are the Michaelis constants for chorismate (A) and isochorismate (B), respectively. Subsequently, MenD facilitates the conversion of isochorismate (B) to 2-succinyl-5-enolpyruvyl-6-hydroxy-3-cyclohexene-1-carboxylate (SEPHCHC, C), with DHNA acting as a non-competitive inhibitor ( 19 , 20 ), and the SEPHCHC (C) production rate can be expressed as follows: (3) v C = k c a t D [ M e n D ] [ B ] ( 1 + [ D H N A ] K i ) K M D + ( 1 + [ D H N A ] K i ) [ B ] where k c a t D is the catalytic turnover number for MenD, K M D is the Michaelis constant for isochorismate (B), and K i is the inhibition constant for DHNA. Other enzymes involved, namely, MenH, MenC, MenE, MenB, and MenI, are modeled using Michaelis-Menten kinetics, and their production rates can be expressed as follows: (4) v α = k c a t α [ E n z y m e ] [ S u b s t r a t e ] K M α + [ S u b s t r a t e ] where superscript α = H, C, E, B, and I stands for MenH, MenC, MenE, MenB, and MenI, respectively. For each enzyme, k c a t α [ E n z y m e ] = V m a x α . In the first model, we set the chorismate concentration as a constant. The DHNA diffusion through the membrane occurs at a rate k D H N A . The dynamic equations are as follows: (5) d [ B ] d t = ( k 2 [ M e n F ] [ A ] K M , 1 F − k − 1 [ M e n F ] [ B ] K M , 2 F ) 1 + [ A ] K M , 1 F + [ B ] K M , 2 F − k c a t D [ M e n D ] [ B ] ( 1 + [ D H N A ] K i ) K M D + ( 1 + [ D H N A ] K i ) [ B ] = 0 (6) d [ C ] d t = k c a t D [ M e n D ] [ B ] ( 1 + [ D H N A ] K i ) K M D + ( 1 + [ D H N A ] K i ) [ B ] − k c a t H [ M e n H ] [ C ] K M H + [ C ] = 0 (7) d [ D ] d t = k c a t H [ M e n H ] [ C ] K M H + [ C ] − k c a t C [ M e n C ] [ D ] K M C + [ D ] = 0 (8) d [ E ] d t = k c a t C [ M e n C ] [ D ] K M C + [ D ] − k c a t E [ M e n E ] [ E ] K M E + [ E",,"identity rejected: best_effort guess (top candidate accepted unconditionally) | identity rejected: mapping rule best_effort_fallback is a guess, not a match"
entity,/entities/proteins/19,MenD,B,corroborated by a second paper (no identifier),,,,2,False,"0.8509 (heuristic, not a probability)",Engineering <i>Lactococcus lactis</i> for Increased Vitamin K2 Production. (PMC7093718) -- introduction section | DHNA biosynthesis (menaquinone precursor) (seed_paper) -- methods section,"value of fermented food, but until very recently there were no reports on optimization of dairy production or metabolic engineering of LAB strains to achieve higher menaquinone levels. Several genomes of the dominating vitamin K2 producing LAB, L. lactis have been sequenced, and putative genes encoding the enzymes for the individual steps of menaquinone biosynthesis annotated (Wegmann et al., 2007 ). In L. lactis menaquinones are synthesized from acetyl-CoA, phosphoenolpyruvate and D-erythrose-4-phosphate. The precursors are converted step by step to a hydrophobic polyprenyl diphosphate (PP) chain (mevalonate and polyprenyl pathways) and a hydrophilic naphtoquinone ring; 1,4-dihydroxy-2-napthoate (DHNA) (shikimate and menaquinone pathways). Finally, MenA, a DHNA polyprenyltransferase, joins the prenyl diphosphate and DHNA to form demethylmenaquinone ( Figure 1 ). The product of the shikimate pathway, chorismate, is also a substrate for synthesis of the essential aromatic amino acids (AAA) and folate and its production and further conversion is highly regulated (Dosselaere and Vanderleyden, 2001 ). For instance, the first enzyme of the shikimate pathway, 3-Deoxy-D-arabinoheptulosonate 7-phosphate synthase (DAHPS), is known to be feedback inhibited by AAA in diverse microorganisms (Mir et al., 2015 ) and similar regulatory events are likely to exist in lactococci. Chorismate is converted to DHNA through 7 enzymatic steps starting with isochorismate synthase (encoded by menF ). The polyprenyl diphosphate chain is synthesized from isopentenyl pyrophosphate (IPP) units formed through the mevalonate pathway. Six enzymatic steps, catalyzed by 3-ketoacyl-CoA thiolase ( thiL ), hydroxymethylglutaryl-CoA synthase ( hmcM ), hydroxymethylglutaryl-CoA reductase ( mvaA ), mevalonate kinase ( mvk ), phosphomevalonate kinase ( pmk ), and diphosphomevalonate decarboxylase ( mvaD ) are required to convert acetyl-CoA into IPP (C5). These reactions constitute the most energy- and substrate-consuming part of menaquinone synthesis as they require 3 acetyl-CoA, 3 ATP, and 1 NADPH per IPP formed. The geranyltranstransferase ( ispA ) and isopentenyl-diphosphate delta-isomerase ( fni ) then combine IPP units into FPP (farnesyl diphosphate, C15). FPP is a scaffold for further lengthening of the prenyl diphosphate chain by consecutive addition of IPP units to make the all-trans polyprenyl diphosphate (for MK-n production) or di-trans, poly-cis-undecaprenyl pyrophosphate (UPP, C55). UPP is essential for lactococci as it is a substrate for synthesis of peptidoglycan (Bouhss et al., 2008 ). In L. lactis 2 genomic loci encode possible prenyl diphosphate synthases. The gerCA ( llmg_1111 ) and ispB ( llmg_1110 ) locus encodes proteins with homology to 2-component heptaprenyl diphosphate synthases. The gene llmg_0196 is in an operon with menA (DHNA polyprenyltransferase) and encodes a putative geranylgeranyl pyrophosphate synthase. In L. lactis ssp. lactis the gene and gene product of llmg_0196 are called preA and PreA and we will hereafter employ these names also for L. lactis ssp. cremoris MG1363. Figure 1 The lactococcal biosynthetic pathways for menaquinone(s). Intermediates that are substrates for competing essential pathways are shown as branched points (chorismate and FPP). IPP, isopentenyl pyrophosphate; FPP, farnesyl pyrophosphate; UPP, undecaprenyl pyrophosphate. Menaquinones play an essential role in electron transport but are not essential for fermentative growth in L. lactis (Rezaiki et al., 2008 ). However, in the presence of heme L. lactis can produce cytochrome and a functional electron transport chain enabling respiratory growth resulting in improved growth and survival in stationary phase (Sijpesteijn, 1970 ; Duwat et al., 2001 ; Gaudu et al., 2002 ; Rezaiki et al., 2008 ; Brooijmans et al., 2009 ). In addition, menaquinones can reduce both Fe and Cu and might be important for assimilation of metals (Rezaiki et al., 2008 ). The levels of menaquinone found in L. lactis are strain-dependent and vary in response to aerobic vs. anaerobic conditions as well as culture medium, carbon source and temperature. In L. lactis MK-9 is produced as the dominating menaquinone species, but minor amounts of MK-3, MK-7, MK-8 and MK-10 are also formed (Morishita et al., 1999 ; Rezaiki et al., 2008 ; Brooijmans et al., 2009 ). One recent study show that adjusting fermentation parameters like preculture conditions, carbon source and temperature result in up to 50% increase of vitamin K2 in fermented milk (Liu et al., 2019 ). However, there are no other reports available describing how to increase strain performance or optimize conditions to elevate menaquinone content during food fermentations, neither is information on the contribution of each enzyme to the biosynthetic pathway of menaquinones in lactococci. Such knowledge could be helpful in selecting the optimal lactococci for fermentation of milk into a product with higher functional value regarding vitamin K2. Therefore, in the present study several genes of the biosynthetic pathway of menaquinones in L. lactis ssp. cremoris MG1363 were overexpressed singly or in combination to investigate their potential to raise menaquinone levels. We identify bottle-necks and key genes for biosynthesis of menaquinones in MG1363 and thereby provide a foundation for development of strains capable of higher K2-production during food | Materials and Methods). This calibration curve indicates our ability to reliably detect DHNA concentrations within a linear range of 100 pM to 1 µM. To evaluate the biosensor’s ability to detect DHNA secreted by L. lactis , we collected CFS from L. lactis strains with varying cell densities (OD 600 ). These include strains with a wild-type (WT) DHNA pathway, a deficient DHNA pathway (Δ menC ), or a complemented pathway with menC expressed under a constitutive promoter (Δ menC + menC ). The biosensor detected no DHNA from the Δ menC strain ( Fig. 1D ). In comparison, DHNA was detected from strains containing the WT or menC -complemented DHNA pathway, with DHNA concentrations (10–60 nM) proportional to L. lactis cell density (OD 600 = 0.03–2) ( Fig. 1D ). These DHNA concentrations fall in the middle of the linear range of the calibration curve, demonstrating reliable detection. These results confirmed that the biosensing system could specifically and reliably detect DHNA from CFS of L. lactis . We also noticed a trend of DHNA saturation at higher cell densities of L. lactis (OD 600 = 0.5–2.0). To avoid potential inhibition of DHNA biosynthesis at high cell densities, we decided to use L. lactis cultures with an OD 600 of 0.2 for subsequent experiments to explore the regulatory mechanism of DHNA biosynthesis. DHNA biosynthesis exhibits different degrees of sensitivity to MenF or MenD We next sought to use synthetic biology to alter the expression levels of the enzymes and explore their regulatory roles in DHNA biosynthesis. We focused on three enzymes in the DHNA biosynthesis pathway: MenC, MenF, and MenD. The o-succinylbenzoate synthase MenC catalyzes one of the intermediate reactions, whereas the isochorismate synthase MenF and the SEPHCHC synthase MenD catalyze the first and the second reactions, respectively ( Fig. 1A ). In bacteria such as Escherichia coli , MenF’s product isochorismate also participates in siderophore biosynthesis, and MenD is considered the first step solely committed to DHNA biosynthesis ( 30 ). However, L. lactis lacks the pathway for siderophore biosynthesis, and we consider MenF as the first step in L. lactis for DHNA biosynthesis. To perturb the enzyme levels, we used combined transcriptional and translational strategies. For transcriptional regulation, we deleted the respective genes from the L. lactis genome and controlled their expression on a plasmid from a promoter that can be induced by the antimicrobial peptide nisin ( 31 ) ( Fig. 2A ). For translational regulation, we used either strong or weak ribosome binding sites (RBSs) to control the translation initiation rate ( Fig. 2A ). In addition, we fused mCherry to the N-terminal of MenC, MenF, and MenD and measured fluorescent intensity to monitor enzyme expression levels. Notably, menF and menD knockouts were constructed in the Δ menC background. In these cases, menC was expressed on the plasmid under a constitutive promoter, which yielded a DHNA level similar to the wild-type pathway ( Fig. 1D ), ensuring the effects of MenF or MenD on DHNA could be studied without interference. Fig 2 Effects of enzyme level perturbation of MenC, MenF, MenD, and MenFD on DHNA biosynthesis. ( A ) The menC , menF , or menD genes were knocked out from the genome and reintroduced under the control of a nisin-inducible promoter (P nisA ) on a plasmid with either a strong or a weak ribosome-binding site (RBS). mCherry was fused to the N-terminal of each enzyme to monitor enzyme expression. ( B ) Enzyme expression levels with or without nisin induction (25 ng/mL) were quantified by the fluorescent intensity. RFU, relative fluorescent unit. ( C ) DHNA concentrations under varying enzyme expression levels. ( D ) DHNA concentrations from perturbations of mCherry-tagged MenC, MenF, or MenD were compared to those resulting from the untagged enzymes and the wild-type pathway. All genes were expressed under the weak RBS. Varying concentrations of nisin were used to induce different enzyme expression levels. Nisin was also added to the wild-type pathway as a control. ( E ) The menFD genes were knocked out from the genome, and the identical gene cassette was expressed under P nisA with a strong or weak RBS. ( F ) DHNA concentrations under varying MenFD expression levels, with or without nisin induction (25 ng/mL). ( G ) DHNA concentrations resulting from MenFD perturbations were compared to the wild-type pathway. All data represent mean ± 1 s.d. of n = 3 biological replicates. P -values were determined by one-way ANOVA with Tukey’s test. * P inhibition constant), MenF produces sufficient isochorismate, but the reaction flow is constrained by MenD, making MenD the rate-limiting step ( Fig. 3B , below the phase boundary). On the flip side, when MenF level is lower than MenD by the same folds, the insufficient isochorismate production makes MenF the rate-limiting",,"identity rejected: best_effort guess (top candidate accepted unconditionally) | identity rejected: mapping rule best_effort_fallback is a guess, not a match"
entity,/entities/proteins/20,menDHCEB,C,single-source (review),,,,1,False,"0.7265 (heuristic, not a probability)",New aspects of microbial vitamin K2 production by expanding the product spectrum. (PMC8042841) -- figure section,"Fig. 1 a) [ 33 , 34 ]. In the first step of the classical MK pathway, MenF converts chorismate into isochorismate, which is further converted by six enzymes encoded by the menDHCEB operon to form 1,4-dihydroxy-2-naphthoate (Fig. 1 b) [ 17 , 26 ]. In the first step of the futalosine pathway, MqnA cat",,
entity,/entities/proteins/21,MenE,B,corroborated by a second paper (no identifier),,,,2,False,"0.8509 (heuristic, not a probability)",Engineering <i>Lactococcus lactis</i> for Increased Vitamin K2 Production. (PMC7093718) -- introduction section | DHNA biosynthesis (menaquinone precursor) (seed_paper) -- discussion section,"value of fermented food, but until very recently there were no reports on optimization of dairy production or metabolic engineering of LAB strains to achieve higher menaquinone levels. Several genomes of the dominating vitamin K2 producing LAB, L. lactis have been sequenced, and putative genes encoding the enzymes for the individual steps of menaquinone biosynthesis annotated (Wegmann et al., 2007 ). In L. lactis menaquinones are synthesized from acetyl-CoA, phosphoenolpyruvate and D-erythrose-4-phosphate. The precursors are converted step by step to a hydrophobic polyprenyl diphosphate (PP) chain (mevalonate and polyprenyl pathways) and a hydrophilic naphtoquinone ring; 1,4-dihydroxy-2-napthoate (DHNA) (shikimate and menaquinone pathways). Finally, MenA, a DHNA polyprenyltransferase, joins the prenyl diphosphate and DHNA to form demethylmenaquinone ( Figure 1 ). The product of the shikimate pathway, chorismate, is also a substrate for synthesis of the essential aromatic amino acids (AAA) and folate and its production and further conversion is highly regulated (Dosselaere and Vanderleyden, 2001 ). For instance, the first enzyme of the shikimate pathway, 3-Deoxy-D-arabinoheptulosonate 7-phosphate synthase (DAHPS), is known to be feedback inhibited by AAA in diverse microorganisms (Mir et al., 2015 ) and similar regulatory events are likely to exist in lactococci. Chorismate is converted to DHNA through 7 enzymatic steps starting with isochorismate synthase (encoded by menF ). The polyprenyl diphosphate chain is synthesized from isopentenyl pyrophosphate (IPP) units formed through the mevalonate pathway. Six enzymatic steps, catalyzed by 3-ketoacyl-CoA thiolase ( thiL ), hydroxymethylglutaryl-CoA synthase ( hmcM ), hydroxymethylglutaryl-CoA reductase ( mvaA ), mevalonate kinase ( mvk ), phosphomevalonate kinase ( pmk ), and diphosphomevalonate decarboxylase ( mvaD ) are required to convert acetyl-CoA into IPP (C5). These reactions constitute the most energy- and substrate-consuming part of menaquinone synthesis as they require 3 acetyl-CoA, 3 ATP, and 1 NADPH per IPP formed. The geranyltranstransferase ( ispA ) and isopentenyl-diphosphate delta-isomerase ( fni ) then combine IPP units into FPP (farnesyl diphosphate, C15). FPP is a scaffold for further lengthening of the prenyl diphosphate chain by consecutive addition of IPP units to make the all-trans polyprenyl diphosphate (for MK-n production) or di-trans, poly-cis-undecaprenyl pyrophosphate (UPP, C55). UPP is essential for lactococci as it is a substrate for synthesis of peptidoglycan (Bouhss et al., 2008 ). In L. lactis 2 genomic loci encode possible prenyl diphosphate synthases. The gerCA ( llmg_1111 ) and ispB ( llmg_1110 ) locus encodes proteins with homology to 2-component heptaprenyl diphosphate synthases. The gene llmg_0196 is in an operon with menA (DHNA polyprenyltransferase) and encodes a putative geranylgeranyl pyrophosphate synthase. In L. lactis ssp. lactis the gene and gene product of llmg_0196 are called preA and PreA and we will hereafter employ these names also for L. lactis ssp. cremoris MG1363. Figure 1 The lactococcal biosynthetic pathways for menaquinone(s). Intermediates that are substrates for competing essential pathways are shown as branched points (chorismate and FPP). IPP, isopentenyl pyrophosphate; FPP, farnesyl pyrophosphate; UPP, undecaprenyl pyrophosphate. Menaquinones play an essential role in electron transport but are not essential for fermentative growth in L. lactis (Rezaiki et al., 2008 ). However, in the presence of heme L. lactis can produce cytochrome and a functional electron transport chain enabling respiratory growth resulting in improved growth and survival in stationary phase (Sijpesteijn, 1970 ; Duwat et al., 2001 ; Gaudu et al., 2002 ; Rezaiki et al., 2008 ; Brooijmans et al., 2009 ). In addition, menaquinones can reduce both Fe and Cu and might be important for assimilation of metals (Rezaiki et al., 2008 ). The levels of menaquinone found in L. lactis are strain-dependent and vary in response to aerobic vs. anaerobic conditions as well as culture medium, carbon source and temperature. In L. lactis MK-9 is produced as the dominating menaquinone species, but minor amounts of MK-3, MK-7, MK-8 and MK-10 are also formed (Morishita et al., 1999 ; Rezaiki et al., 2008 ; Brooijmans et al., 2009 ). One recent study show that adjusting fermentation parameters like preculture conditions, carbon source and temperature result in up to 50% increase of vitamin K2 in fermented milk (Liu et al., 2019 ). However, there are no other reports available describing how to increase strain performance or optimize conditions to elevate menaquinone content during food fermentations, neither is information on the contribution of each enzyme to the biosynthetic pathway of menaquinones in lactococci. Such knowledge could be helpful in selecting the optimal lactococci for fermentation of milk into a product with higher functional value regarding vitamin K2. Therefore, in the present study several genes of the biosynthetic pathway of menaquinones in L. lactis ssp. cremoris MG1363 were overexpressed singly or in combination to investigate their potential to raise menaquinone levels. We identify bottle-necks and key genes for biosynthesis of menaquinones in MG1363 and thereby provide a foundation for development of strains capable of higher K2-production during food | mM17 + 2.5 µL AFC, or 90 µL mM17. The final concentrations of AFC were 2, 1, or 0 mM, with an initial cell OD 600 = 0.1. The plate was sealed with a transparent PCR plate seal (Axygen), and the OD 600 was monitored using a Byonoy Absorbance 96 plate reader in the anaerobic chamber. Steady-state chemical kinetics analysis Model 1 To elucidate the rate-limiting step in the biosynthesis of DHNA from chorismate in L. lactis , we employed a steady-state modeling approach using Michaelis-Menten kinetics. We simplified notation by assigning capital letters to intermediates in the pathway as follows: A for chorismate, B for isochorismate, C for SEPHCHC, D for SHCHC, E for OSB, F for OSB-CoA, and G for DHNA-CoA. The enzyme MenF catalyzes a reversible reaction converting chorismate (A) to isochorismate (B) ( 43 ), and the isochorismate (B) production rate can be expressed as follows: (2) v B = ( k 2 [ M e n F ] [ A ] K M , 1 F − k − 1 [ M e n F ] [ B ] K M , 2 F ) 1 + [ A ] K M , 1 F + [ B ] K M , 2 F where k 2 and k - 1 are the forward and reverse rate constants for the MenF-catalyzed step, and K M , 1 F , K M , 2 F are the Michaelis constants for chorismate (A) and isochorismate (B), respectively. Subsequently, MenD facilitates the conversion of isochorismate (B) to 2-succinyl-5-enolpyruvyl-6-hydroxy-3-cyclohexene-1-carboxylate (SEPHCHC, C), with DHNA acting as a non-competitive inhibitor ( 19 , 20 ), and the SEPHCHC (C) production rate can be expressed as follows: (3) v C = k c a t D [ M e n D ] [ B ] ( 1 + [ D H N A ] K i ) K M D + ( 1 + [ D H N A ] K i ) [ B ] where k c a t D is the catalytic turnover number for MenD, K M D is the Michaelis constant for isochorismate (B), and K i is the inhibition constant for DHNA. Other enzymes involved, namely, MenH, MenC, MenE, MenB, and MenI, are modeled using Michaelis-Menten kinetics, and their production rates can be expressed as follows: (4) v α = k c a t α [ E n z y m e ] [ S u b s t r a t e ] K M α + [ S u b s t r a t e ] where superscript α = H, C, E, B, and I stands for MenH, MenC, MenE, MenB, and MenI, respectively. For each enzyme, k c a t α [ E n z y m e ] = V m a x α . In the first model, we set the chorismate concentration as a constant. The DHNA diffusion through the membrane occurs at a rate k D H N A . The dynamic equations are as follows: (5) d [ B ] d t = ( k 2 [ M e n F ] [ A ] K M , 1 F − k − 1 [ M e n F ] [ B ] K M , 2 F ) 1 + [ A ] K M , 1 F + [ B ] K M , 2 F − k c a t D [ M e n D ] [ B ] ( 1 + [ D H N A ] K i ) K M D + ( 1 + [ D H N A ] K i ) [ B ] = 0 (6) d [ C ] d t = k c a t D [ M e n D ] [ B ] ( 1 + [ D H N A ] K i ) K M D + ( 1 + [ D H N A ] K i ) [ B ] − k c a t H [ M e n H ] [ C ] K M H + [ C ] = 0 (7) d [ D ] d t = k c a t H [ M e n H ] [ C ] K M H + [ C ] − k c a t C [ M e n C ] [ D ] K M C + [ D ] = 0 (8) d [ E ] d t = k c a t C [ M e n C ] [ D ] K M C + [ D ] − k c a t E [ M e n E ] [ E ] K M E + [ E",,"identity rejected: best_effort guess (top candidate accepted unconditionally) | identity rejected: mapping rule best_effort_fallback is a guess, not a match"
entity,/entities/proteins/22,MenF,B,corroborated by a second paper (no identifier),,,,2,False,"0.8509 (heuristic, not a probability)",Engineering <i>Lactococcus lactis</i> for Increased Vitamin K2 Production. (PMC7093718) -- introduction section | DHNA biosynthesis (menaquinone precursor) (seed_paper) -- results section,"value of fermented food, but until very recently there were no reports on optimization of dairy production or metabolic engineering of LAB strains to achieve higher menaquinone levels. Several genomes of the dominating vitamin K2 producing LAB, L. lactis have been sequenced, and putative genes encoding the enzymes for the individual steps of menaquinone biosynthesis annotated (Wegmann et al., 2007 ). In L. lactis menaquinones are synthesized from acetyl-CoA, phosphoenolpyruvate and D-erythrose-4-phosphate. The precursors are converted step by step to a hydrophobic polyprenyl diphosphate (PP) chain (mevalonate and polyprenyl pathways) and a hydrophilic naphtoquinone ring; 1,4-dihydroxy-2-napthoate (DHNA) (shikimate and menaquinone pathways). Finally, MenA, a DHNA polyprenyltransferase, joins the prenyl diphosphate and DHNA to form demethylmenaquinone ( Figure 1 ). The product of the shikimate pathway, chorismate, is also a substrate for synthesis of the essential aromatic amino acids (AAA) and folate and its production and further conversion is highly regulated (Dosselaere and Vanderleyden, 2001 ). For instance, the first enzyme of the shikimate pathway, 3-Deoxy-D-arabinoheptulosonate 7-phosphate synthase (DAHPS), is known to be feedback inhibited by AAA in diverse microorganisms (Mir et al., 2015 ) and similar regulatory events are likely to exist in lactococci. Chorismate is converted to DHNA through 7 enzymatic steps starting with isochorismate synthase (encoded by menF ). The polyprenyl diphosphate chain is synthesized from isopentenyl pyrophosphate (IPP) units formed through the mevalonate pathway. Six enzymatic steps, catalyzed by 3-ketoacyl-CoA thiolase ( thiL ), hydroxymethylglutaryl-CoA synthase ( hmcM ), hydroxymethylglutaryl-CoA reductase ( mvaA ), mevalonate kinase ( mvk ), phosphomevalonate kinase ( pmk ), and diphosphomevalonate decarboxylase ( mvaD ) are required to convert acetyl-CoA into IPP (C5). These reactions constitute the most energy- and substrate-consuming part of menaquinone synthesis as they require 3 acetyl-CoA, 3 ATP, and 1 NADPH per IPP formed. The geranyltranstransferase ( ispA ) and isopentenyl-diphosphate delta-isomerase ( fni ) then combine IPP units into FPP (farnesyl diphosphate, C15). FPP is a scaffold for further lengthening of the prenyl diphosphate chain by consecutive addition of IPP units to make the all-trans polyprenyl diphosphate (for MK-n production) or di-trans, poly-cis-undecaprenyl pyrophosphate (UPP, C55). UPP is essential for lactococci as it is a substrate for synthesis of peptidoglycan (Bouhss et al., 2008 ). In L. lactis 2 genomic loci encode possible prenyl diphosphate synthases. The gerCA ( llmg_1111 ) and ispB ( llmg_1110 ) locus encodes proteins with homology to 2-component heptaprenyl diphosphate synthases. The gene llmg_0196 is in an operon with menA (DHNA polyprenyltransferase) and encodes a putative geranylgeranyl pyrophosphate synthase. In L. lactis ssp. lactis the gene and gene product of llmg_0196 are called preA and PreA and we will hereafter employ these names also for L. lactis ssp. cremoris MG1363. Figure 1 The lactococcal biosynthetic pathways for menaquinone(s). Intermediates that are substrates for competing essential pathways are shown as branched points (chorismate and FPP). IPP, isopentenyl pyrophosphate; FPP, farnesyl pyrophosphate; UPP, undecaprenyl pyrophosphate. Menaquinones play an essential role in electron transport but are not essential for fermentative growth in L. lactis (Rezaiki et al., 2008 ). However, in the presence of heme L. lactis can produce cytochrome and a functional electron transport chain enabling respiratory growth resulting in improved growth and survival in stationary phase (Sijpesteijn, 1970 ; Duwat et al., 2001 ; Gaudu et al., 2002 ; Rezaiki et al., 2008 ; Brooijmans et al., 2009 ). In addition, menaquinones can reduce both Fe and Cu and might be important for assimilation of metals (Rezaiki et al., 2008 ). The levels of menaquinone found in L. lactis are strain-dependent and vary in response to aerobic vs. anaerobic conditions as well as culture medium, carbon source and temperature. In L. lactis MK-9 is produced as the dominating menaquinone species, but minor amounts of MK-3, MK-7, MK-8 and MK-10 are also formed (Morishita et al., 1999 ; Rezaiki et al., 2008 ; Brooijmans et al., 2009 ). One recent study show that adjusting fermentation parameters like preculture conditions, carbon source and temperature result in up to 50% increase of vitamin K2 in fermented milk (Liu et al., 2019 ). However, there are no other reports available describing how to increase strain performance or optimize conditions to elevate menaquinone content during food fermentations, neither is information on the contribution of each enzyme to the biosynthetic pathway of menaquinones in lactococci. Such knowledge could be helpful in selecting the optimal lactococci for fermentation of milk into a product with higher functional value regarding vitamin K2. Therefore, in the present study several genes of the biosynthetic pathway of menaquinones in L. lactis ssp. cremoris MG1363 were overexpressed singly or in combination to investigate their potential to raise menaquinone levels. We identify bottle-necks and key genes for biosynthesis of menaquinones in MG1363 and thereby provide a foundation for development of strains capable of higher K2-production during food | results ( 11 ), largely due to limited understanding of the regulatory mechanisms governing quinone biosynthesis. MK biosynthesis starts from chorismate and proceeds through a seven-enzyme pathway consisting of MenF, MenD, MenH, MenC, MenE, MenB, and MenI to produce DHNA. Subsequently, MenA joins DHNA and prenyl diphosphate to produce demethylmenaquinone (DMK), and MenG demethylates DMK to generate MK ( Fig. 1A ). Strategies have attempted to enhance DHNA supply by overexpressing individual enzymes ( 13 – 17 ) or the entire DHNA biosynthesis operon ( 14 , 18 ). However, these efforts often lead to inconsistent and modest increases in DHNA/MK levels despite upregulated transcription of the respective genes ( 14 , 15 ). Conflicting outcomes have also been reported across different studies; for example, overexpressing MenF or MenD enhanced MK production in some cases but not others ( 13 , 15 – 17 ). These data suggest that a regulatory network might exist to control DHNA and MK levels and buffer against genetic perturbations. While these regulations are physiologically plausible, as microbes must resist quinone overproduction to avoid oxidative stress and growth inhibition ( 4 ), the molecular mechanisms remain elusive. Fig 1 A biosensing system for quantitative detection of DHNA at picomolar concentration. ( A ) Schematic showing the menaquinone biosynthesis pathway. DHNA is the precursor of menaquinone. ( B ) Workflow of the DHNA biosensing system. L. lactis was incubated for 2 hours to allow DHNA synthesis. The cell-free supernatant was collected and mixed with L. plantarum and iron reduction reagents, including iron(III) oxide and ferrozine (FZ). L. plantarum utilizes DHNA secreted by L. lactis to reduce Fe 3+ to Fe 2+ . The resulting Fe 2+ reacts with ferrozine, producing a magenta color product whose absorbance correlates with DHNA concentration. ( C ) Calibration curve of DHNA concentration versus absorbance at 562 nm. L. plantarum was incubated with varying concentrations of exogenous DHNA. The [DHNA]-OD 562 curve was fitted to a non-linear function. The top panel shows a scanned image of the assay plate. ( D ) L. plantarum can detect DHNA secreted from varying cell densities of quinone-producing L. lactis but not from the deficient mutant. Δ menC + menC represents menC gene complementation under a constitutive promoter on a plasmid in the Δ menC background. DHNA concentrations were calculated based on the calibration curve in panel C . The top panel shows a scanned image of the assay plate. All data represent mean ± 1 s.d. for three biological replicates. Bacterial biosensing system detecting DHNA in menaquinone biosynthesis through L. lactis-L. plantarum interaction and iron reduction colorimetry. Calibration shows picomolar sensitivity (R²=0.99) with validation using wild-type and menC mutant strains. Previous studies shed light on the quinone regulatory mechanism, but a system-level understanding has not been achieved. Studies have revealed that MenD can be allosterically inhibited by DHNA in Staphylococcus aureus ( 19 ) and Mycobacterium tuberculosis ( 20 ), suggesting an end-product feedback mechanism. In addition, MenF is also known to be capable of catalyzing both forward and reverse conversion of chorismate to isochorismate ( 21 ). However, it is unclear how these individual mechanisms interact to control DHNA production. Here, we study one of the major quinone producers, Lactococcus lactis, and reveal a multi-layer mechanism regulating DHNA biosynthesis. Leveraging a novel biosensing system, we quantified DHNA concentration at picomolar sensitivity. We then synthetically perturbed enzyme levels on genetic constructs and found that DHNA concentration can be modulated by both MenF and MenD, but to different degrees. A mathematical model uncovers a two-phase regulatory pattern resulting from the interplay of reversible flux and end-product feedback inhibition, where the regulatory roles of MenF and MenD shift based on their relative expression levels. The model also predicts limited availability of the substrate chorismate, which restrains DHNA from being overproduced. These mechanisms can collectively contribute to quinone homeostasis and imply new strategies to efficiently engineer quinone production. RESULTS A biosensing system allows sensitive and quantitative DHNA detection Since DHNA is the common precursor for all MK derivatives, we sought to interrogate the regulatory mechanism of quinone biosynthesis by focusing on DHNA. To precisely measure DHNA concentration, we constructed a L. lactis mutant lacking DHNA-utilizing pathways. We knocked out menA (encodes for DHNA prenyltransferase) to prevent DHNA from being utilized for DMK and MK biosynthesis ( Fig. 1A ). In addition, we knocked out noxAB (encodes for NADH:quinone oxidoreductases) to prevent DHNA from interacting with quinone reductases ( 22 ) , which may otherwise alter DHNA redox state and interfere with DHNA quantification. We next developed a high-throughput method for quantitative DHNA detection. While previous studies mainly measured DHNA concentration with high-performance liquid chromatography (HPLC) ( 23 – 26 ), this approach requires complex sample preparation and purification processes and has a limited detection of 1 µM",(no code)@/entities/proteins/22 | (no code)@/entities/proteins/22,"identity rejected: best_effort guess (top candidate accepted unconditionally) | identity rejected: mapping rule best_effort_fallback is a guess, not a match"
entity,/entities/proteins/23,MenG,B,corroborated by a second paper (no identifier),,,,2,False,"0.8509 (heuristic, not a probability)",Analysis and Reconstitution of the Menaquinone Biosynthesis Pathway in &lt;i&gt;Lactiplantibacillus plantarum&lt;/i&gt; and &lt;i&gt;Lentilactibacillus buchneri&lt;/i&gt;. (PMC8303990) -- figure section | DHNA biosynthesis (menaquinone precursor) (seed_paper) -- results section,"Figure 3 a). The menG gene encodes demethylmenaquinone methyltransferase (MenG), which adds a methyl group to the aromatic ring of demethylmenaquinone (DMK) and is the final step of menaquinone biosynthesis [ 32 , 33 ]. The functional verification of the menA genes from Lactipl . plantarum WCFS1 and | results ( 11 ), largely due to limited understanding of the regulatory mechanisms governing quinone biosynthesis. MK biosynthesis starts from chorismate and proceeds through a seven-enzyme pathway consisting of MenF, MenD, MenH, MenC, MenE, MenB, and MenI to produce DHNA. Subsequently, MenA joins DHNA and prenyl diphosphate to produce demethylmenaquinone (DMK), and MenG demethylates DMK to generate MK ( Fig. 1A ). Strategies have attempted to enhance DHNA supply by overexpressing individual enzymes ( 13 – 17 ) or the entire DHNA biosynthesis operon ( 14 , 18 ). However, these efforts often lead to inconsistent and modest increases in DHNA/MK levels despite upregulated transcription of the respective genes ( 14 , 15 ). Conflicting outcomes have also been reported across different studies; for example, overexpressing MenF or MenD enhanced MK production in some cases but not others ( 13 , 15 – 17 ). These data suggest that a regulatory network might exist to control DHNA and MK levels and buffer against genetic perturbations. While these regulations are physiologically plausible, as microbes must resist quinone overproduction to avoid oxidative stress and growth inhibition ( 4 ), the molecular mechanisms remain elusive. Fig 1 A biosensing system for quantitative detection of DHNA at picomolar concentration. ( A ) Schematic showing the menaquinone biosynthesis pathway. DHNA is the precursor of menaquinone. ( B ) Workflow of the DHNA biosensing system. L. lactis was incubated for 2 hours to allow DHNA synthesis. The cell-free supernatant was collected and mixed with L. plantarum and iron reduction reagents, including iron(III) oxide and ferrozine (FZ). L. plantarum utilizes DHNA secreted by L. lactis to reduce Fe 3+ to Fe 2+ . The resulting Fe 2+ reacts with ferrozine, producing a magenta color product whose absorbance correlates with DHNA concentration. ( C ) Calibration curve of DHNA concentration versus absorbance at 562 nm. L. plantarum was incubated with varying concentrations of exogenous DHNA. The [DHNA]-OD 562 curve was fitted to a non-linear function. The top panel shows a scanned image of the assay plate. ( D ) L. plantarum can detect DHNA secreted from varying cell densities of quinone-producing L. lactis but not from the deficient mutant. Δ menC + menC represents menC gene complementation under a constitutive promoter on a plasmid in the Δ menC background. DHNA concentrations were calculated based on the calibration curve in panel C . The top panel shows a scanned image of the assay plate. All data represent mean ± 1 s.d. for three biological replicates. Bacterial biosensing system detecting DHNA in menaquinone biosynthesis through L. lactis-L. plantarum interaction and iron reduction colorimetry. Calibration shows picomolar sensitivity (R²=0.99) with validation using wild-type and menC mutant strains. Previous studies shed light on the quinone regulatory mechanism, but a system-level understanding has not been achieved. Studies have revealed that MenD can be allosterically inhibited by DHNA in Staphylococcus aureus ( 19 ) and Mycobacterium tuberculosis ( 20 ), suggesting an end-product feedback mechanism. In addition, MenF is also known to be capable of catalyzing both forward and reverse conversion of chorismate to isochorismate ( 21 ). However, it is unclear how these individual mechanisms interact to control DHNA production. Here, we study one of the major quinone producers, Lactococcus lactis, and reveal a multi-layer mechanism regulating DHNA biosynthesis. Leveraging a novel biosensing system, we quantified DHNA concentration at picomolar sensitivity. We then synthetically perturbed enzyme levels on genetic constructs and found that DHNA concentration can be modulated by both MenF and MenD, but to different degrees. A mathematical model uncovers a two-phase regulatory pattern resulting from the interplay of reversible flux and end-product feedback inhibition, where the regulatory roles of MenF and MenD shift based on their relative expression levels. The model also predicts limited availability of the substrate chorismate, which restrains DHNA from being overproduced. These mechanisms can collectively contribute to quinone homeostasis and imply new strategies to efficiently engineer quinone production. RESULTS A biosensing system allows sensitive and quantitative DHNA detection Since DHNA is the common precursor for all MK derivatives, we sought to interrogate the regulatory mechanism of quinone biosynthesis by focusing on DHNA. To precisely measure DHNA concentration, we constructed a L. lactis mutant lacking DHNA-utilizing pathways. We knocked out menA (encodes for DHNA prenyltransferase) to prevent DHNA from being utilized for DMK and MK biosynthesis ( Fig. 1A ). In addition, we knocked out noxAB (encodes for NADH:quinone oxidoreductases) to prevent DHNA from interacting with quinone reductases ( 22 ) , which may otherwise alter DHNA redox state and interfere with DHNA quantification. We next developed a high-throughput method for quantitative DHNA detection. While previous studies mainly measured DHNA concentration with high-performance liquid chromatography (HPLC) ( 23 – 26 ), this approach requires complex sample preparation and purification processes and has a limited detection of 1 µM",,"identity rejected: best_effort guess (top candidate accepted unconditionally) | identity rejected: mapping rule best_effort_fallback is a guess, not a match"
entity,/entities/proteins/24,MenH,B,corroborated by a second paper (no identifier),,,,2,False,"0.8509 (heuristic, not a probability)",Engineering <i>Lactococcus lactis</i> for Increased Vitamin K2 Production. (PMC7093718) -- introduction section | DHNA biosynthesis (menaquinone precursor) (seed_paper) -- discussion section,"value of fermented food, but until very recently there were no reports on optimization of dairy production or metabolic engineering of LAB strains to achieve higher menaquinone levels. Several genomes of the dominating vitamin K2 producing LAB, L. lactis have been sequenced, and putative genes encoding the enzymes for the individual steps of menaquinone biosynthesis annotated (Wegmann et al., 2007 ). In L. lactis menaquinones are synthesized from acetyl-CoA, phosphoenolpyruvate and D-erythrose-4-phosphate. The precursors are converted step by step to a hydrophobic polyprenyl diphosphate (PP) chain (mevalonate and polyprenyl pathways) and a hydrophilic naphtoquinone ring; 1,4-dihydroxy-2-napthoate (DHNA) (shikimate and menaquinone pathways). Finally, MenA, a DHNA polyprenyltransferase, joins the prenyl diphosphate and DHNA to form demethylmenaquinone ( Figure 1 ). The product of the shikimate pathway, chorismate, is also a substrate for synthesis of the essential aromatic amino acids (AAA) and folate and its production and further conversion is highly regulated (Dosselaere and Vanderleyden, 2001 ). For instance, the first enzyme of the shikimate pathway, 3-Deoxy-D-arabinoheptulosonate 7-phosphate synthase (DAHPS), is known to be feedback inhibited by AAA in diverse microorganisms (Mir et al., 2015 ) and similar regulatory events are likely to exist in lactococci. Chorismate is converted to DHNA through 7 enzymatic steps starting with isochorismate synthase (encoded by menF ). The polyprenyl diphosphate chain is synthesized from isopentenyl pyrophosphate (IPP) units formed through the mevalonate pathway. Six enzymatic steps, catalyzed by 3-ketoacyl-CoA thiolase ( thiL ), hydroxymethylglutaryl-CoA synthase ( hmcM ), hydroxymethylglutaryl-CoA reductase ( mvaA ), mevalonate kinase ( mvk ), phosphomevalonate kinase ( pmk ), and diphosphomevalonate decarboxylase ( mvaD ) are required to convert acetyl-CoA into IPP (C5). These reactions constitute the most energy- and substrate-consuming part of menaquinone synthesis as they require 3 acetyl-CoA, 3 ATP, and 1 NADPH per IPP formed. The geranyltranstransferase ( ispA ) and isopentenyl-diphosphate delta-isomerase ( fni ) then combine IPP units into FPP (farnesyl diphosphate, C15). FPP is a scaffold for further lengthening of the prenyl diphosphate chain by consecutive addition of IPP units to make the all-trans polyprenyl diphosphate (for MK-n production) or di-trans, poly-cis-undecaprenyl pyrophosphate (UPP, C55). UPP is essential for lactococci as it is a substrate for synthesis of peptidoglycan (Bouhss et al., 2008 ). In L. lactis 2 genomic loci encode possible prenyl diphosphate synthases. The gerCA ( llmg_1111 ) and ispB ( llmg_1110 ) locus encodes proteins with homology to 2-component heptaprenyl diphosphate synthases. The gene llmg_0196 is in an operon with menA (DHNA polyprenyltransferase) and encodes a putative geranylgeranyl pyrophosphate synthase. In L. lactis ssp. lactis the gene and gene product of llmg_0196 are called preA and PreA and we will hereafter employ these names also for L. lactis ssp. cremoris MG1363. Figure 1 The lactococcal biosynthetic pathways for menaquinone(s). Intermediates that are substrates for competing essential pathways are shown as branched points (chorismate and FPP). IPP, isopentenyl pyrophosphate; FPP, farnesyl pyrophosphate; UPP, undecaprenyl pyrophosphate. Menaquinones play an essential role in electron transport but are not essential for fermentative growth in L. lactis (Rezaiki et al., 2008 ). However, in the presence of heme L. lactis can produce cytochrome and a functional electron transport chain enabling respiratory growth resulting in improved growth and survival in stationary phase (Sijpesteijn, 1970 ; Duwat et al., 2001 ; Gaudu et al., 2002 ; Rezaiki et al., 2008 ; Brooijmans et al., 2009 ). In addition, menaquinones can reduce both Fe and Cu and might be important for assimilation of metals (Rezaiki et al., 2008 ). The levels of menaquinone found in L. lactis are strain-dependent and vary in response to aerobic vs. anaerobic conditions as well as culture medium, carbon source and temperature. In L. lactis MK-9 is produced as the dominating menaquinone species, but minor amounts of MK-3, MK-7, MK-8 and MK-10 are also formed (Morishita et al., 1999 ; Rezaiki et al., 2008 ; Brooijmans et al., 2009 ). One recent study show that adjusting fermentation parameters like preculture conditions, carbon source and temperature result in up to 50% increase of vitamin K2 in fermented milk (Liu et al., 2019 ). However, there are no other reports available describing how to increase strain performance or optimize conditions to elevate menaquinone content during food fermentations, neither is information on the contribution of each enzyme to the biosynthetic pathway of menaquinones in lactococci. Such knowledge could be helpful in selecting the optimal lactococci for fermentation of milk into a product with higher functional value regarding vitamin K2. Therefore, in the present study several genes of the biosynthetic pathway of menaquinones in L. lactis ssp. cremoris MG1363 were overexpressed singly or in combination to investigate their potential to raise menaquinone levels. We identify bottle-necks and key genes for biosynthesis of menaquinones in MG1363 and thereby provide a foundation for development of strains capable of higher K2-production during food | mM17 + 2.5 µL AFC, or 90 µL mM17. The final concentrations of AFC were 2, 1, or 0 mM, with an initial cell OD 600 = 0.1. The plate was sealed with a transparent PCR plate seal (Axygen), and the OD 600 was monitored using a Byonoy Absorbance 96 plate reader in the anaerobic chamber. Steady-state chemical kinetics analysis Model 1 To elucidate the rate-limiting step in the biosynthesis of DHNA from chorismate in L. lactis , we employed a steady-state modeling approach using Michaelis-Menten kinetics. We simplified notation by assigning capital letters to intermediates in the pathway as follows: A for chorismate, B for isochorismate, C for SEPHCHC, D for SHCHC, E for OSB, F for OSB-CoA, and G for DHNA-CoA. The enzyme MenF catalyzes a reversible reaction converting chorismate (A) to isochorismate (B) ( 43 ), and the isochorismate (B) production rate can be expressed as follows: (2) v B = ( k 2 [ M e n F ] [ A ] K M , 1 F − k − 1 [ M e n F ] [ B ] K M , 2 F ) 1 + [ A ] K M , 1 F + [ B ] K M , 2 F where k 2 and k - 1 are the forward and reverse rate constants for the MenF-catalyzed step, and K M , 1 F , K M , 2 F are the Michaelis constants for chorismate (A) and isochorismate (B), respectively. Subsequently, MenD facilitates the conversion of isochorismate (B) to 2-succinyl-5-enolpyruvyl-6-hydroxy-3-cyclohexene-1-carboxylate (SEPHCHC, C), with DHNA acting as a non-competitive inhibitor ( 19 , 20 ), and the SEPHCHC (C) production rate can be expressed as follows: (3) v C = k c a t D [ M e n D ] [ B ] ( 1 + [ D H N A ] K i ) K M D + ( 1 + [ D H N A ] K i ) [ B ] where k c a t D is the catalytic turnover number for MenD, K M D is the Michaelis constant for isochorismate (B), and K i is the inhibition constant for DHNA. Other enzymes involved, namely, MenH, MenC, MenE, MenB, and MenI, are modeled using Michaelis-Menten kinetics, and their production rates can be expressed as follows: (4) v α = k c a t α [ E n z y m e ] [ S u b s t r a t e ] K M α + [ S u b s t r a t e ] where superscript α = H, C, E, B, and I stands for MenH, MenC, MenE, MenB, and MenI, respectively. For each enzyme, k c a t α [ E n z y m e ] = V m a x α . In the first model, we set the chorismate concentration as a constant. The DHNA diffusion through the membrane occurs at a rate k D H N A . The dynamic equations are as follows: (5) d [ B ] d t = ( k 2 [ M e n F ] [ A ] K M , 1 F − k − 1 [ M e n F ] [ B ] K M , 2 F ) 1 + [ A ] K M , 1 F + [ B ] K M , 2 F − k c a t D [ M e n D ] [ B ] ( 1 + [ D H N A ] K i ) K M D + ( 1 + [ D H N A ] K i ) [ B ] = 0 (6) d [ C ] d t = k c a t D [ M e n D ] [ B ] ( 1 + [ D H N A ] K i ) K M D + ( 1 + [ D H N A ] K i ) [ B ] − k c a t H [ M e n H ] [ C ] K M H + [ C ] = 0 (7) d [ D ] d t = k c a t H [ M e n H ] [ C ] K M H + [ C ] − k c a t C [ M e n C ] [ D ] K M C + [ D ] = 0 (8) d [ E ] d t = k c a t C [ M e n C ] [ D ] K M C + [ D ] − k c a t E [ M e n E ] [ E ] K M E + [ E",(no code)@/entities/proteins/24 | (no code)@/entities/proteins/24,"identity rejected: best_effort guess (top candidate accepted unconditionally) | identity rejected: mapping rule best_effort_fallback is a guess, not a match"
entity,/entities/proteins/25,MenI,B,corroborated by a second paper (no identifier),,,,2,False,"0.8509 (heuristic, not a probability)",Engineering <i>Lactococcus lactis</i> for Increased Vitamin K2 Production. (PMC7093718) -- introduction section | DHNA biosynthesis (menaquinone precursor) (seed_paper) -- results section,"value of fermented food, but until very recently there were no reports on optimization of dairy production or metabolic engineering of LAB strains to achieve higher menaquinone levels. Several genomes of the dominating vitamin K2 producing LAB, L. lactis have been sequenced, and putative genes encoding the enzymes for the individual steps of menaquinone biosynthesis annotated (Wegmann et al., 2007 ). In L. lactis menaquinones are synthesized from acetyl-CoA, phosphoenolpyruvate and D-erythrose-4-phosphate. The precursors are converted step by step to a hydrophobic polyprenyl diphosphate (PP) chain (mevalonate and polyprenyl pathways) and a hydrophilic naphtoquinone ring; 1,4-dihydroxy-2-napthoate (DHNA) (shikimate and menaquinone pathways). Finally, MenA, a DHNA polyprenyltransferase, joins the prenyl diphosphate and DHNA to form demethylmenaquinone ( Figure 1 ). The product of the shikimate pathway, chorismate, is also a substrate for synthesis of the essential aromatic amino acids (AAA) and folate and its production and further conversion is highly regulated (Dosselaere and Vanderleyden, 2001 ). For instance, the first enzyme of the shikimate pathway, 3-Deoxy-D-arabinoheptulosonate 7-phosphate synthase (DAHPS), is known to be feedback inhibited by AAA in diverse microorganisms (Mir et al., 2015 ) and similar regulatory events are likely to exist in lactococci. Chorismate is converted to DHNA through 7 enzymatic steps starting with isochorismate synthase (encoded by menF ). The polyprenyl diphosphate chain is synthesized from isopentenyl pyrophosphate (IPP) units formed through the mevalonate pathway. Six enzymatic steps, catalyzed by 3-ketoacyl-CoA thiolase ( thiL ), hydroxymethylglutaryl-CoA synthase ( hmcM ), hydroxymethylglutaryl-CoA reductase ( mvaA ), mevalonate kinase ( mvk ), phosphomevalonate kinase ( pmk ), and diphosphomevalonate decarboxylase ( mvaD ) are required to convert acetyl-CoA into IPP (C5). These reactions constitute the most energy- and substrate-consuming part of menaquinone synthesis as they require 3 acetyl-CoA, 3 ATP, and 1 NADPH per IPP formed. The geranyltranstransferase ( ispA ) and isopentenyl-diphosphate delta-isomerase ( fni ) then combine IPP units into FPP (farnesyl diphosphate, C15). FPP is a scaffold for further lengthening of the prenyl diphosphate chain by consecutive addition of IPP units to make the all-trans polyprenyl diphosphate (for MK-n production) or di-trans, poly-cis-undecaprenyl pyrophosphate (UPP, C55). UPP is essential for lactococci as it is a substrate for synthesis of peptidoglycan (Bouhss et al., 2008 ). In L. lactis 2 genomic loci encode possible prenyl diphosphate synthases. The gerCA ( llmg_1111 ) and ispB ( llmg_1110 ) locus encodes proteins with homology to 2-component heptaprenyl diphosphate synthases. The gene llmg_0196 is in an operon with menA (DHNA polyprenyltransferase) and encodes a putative geranylgeranyl pyrophosphate synthase. In L. lactis ssp. lactis the gene and gene product of llmg_0196 are called preA and PreA and we will hereafter employ these names also for L. lactis ssp. cremoris MG1363. Figure 1 The lactococcal biosynthetic pathways for menaquinone(s). Intermediates that are substrates for competing essential pathways are shown as branched points (chorismate and FPP). IPP, isopentenyl pyrophosphate; FPP, farnesyl pyrophosphate; UPP, undecaprenyl pyrophosphate. Menaquinones play an essential role in electron transport but are not essential for fermentative growth in L. lactis (Rezaiki et al., 2008 ). However, in the presence of heme L. lactis can produce cytochrome and a functional electron transport chain enabling respiratory growth resulting in improved growth and survival in stationary phase (Sijpesteijn, 1970 ; Duwat et al., 2001 ; Gaudu et al., 2002 ; Rezaiki et al., 2008 ; Brooijmans et al., 2009 ). In addition, menaquinones can reduce both Fe and Cu and might be important for assimilation of metals (Rezaiki et al., 2008 ). The levels of menaquinone found in L. lactis are strain-dependent and vary in response to aerobic vs. anaerobic conditions as well as culture medium, carbon source and temperature. In L. lactis MK-9 is produced as the dominating menaquinone species, but minor amounts of MK-3, MK-7, MK-8 and MK-10 are also formed (Morishita et al., 1999 ; Rezaiki et al., 2008 ; Brooijmans et al., 2009 ). One recent study show that adjusting fermentation parameters like preculture conditions, carbon source and temperature result in up to 50% increase of vitamin K2 in fermented milk (Liu et al., 2019 ). However, there are no other reports available describing how to increase strain performance or optimize conditions to elevate menaquinone content during food fermentations, neither is information on the contribution of each enzyme to the biosynthetic pathway of menaquinones in lactococci. Such knowledge could be helpful in selecting the optimal lactococci for fermentation of milk into a product with higher functional value regarding vitamin K2. Therefore, in the present study several genes of the biosynthetic pathway of menaquinones in L. lactis ssp. cremoris MG1363 were overexpressed singly or in combination to investigate their potential to raise menaquinone levels. We identify bottle-necks and key genes for biosynthesis of menaquinones in MG1363 and thereby provide a foundation for development of strains capable of higher K2-production during food | results ( 11 ), largely due to limited understanding of the regulatory mechanisms governing quinone biosynthesis. MK biosynthesis starts from chorismate and proceeds through a seven-enzyme pathway consisting of MenF, MenD, MenH, MenC, MenE, MenB, and MenI to produce DHNA. Subsequently, MenA joins DHNA and prenyl diphosphate to produce demethylmenaquinone (DMK), and MenG demethylates DMK to generate MK ( Fig. 1A ). Strategies have attempted to enhance DHNA supply by overexpressing individual enzymes ( 13 – 17 ) or the entire DHNA biosynthesis operon ( 14 , 18 ). However, these efforts often lead to inconsistent and modest increases in DHNA/MK levels despite upregulated transcription of the respective genes ( 14 , 15 ). Conflicting outcomes have also been reported across different studies; for example, overexpressing MenF or MenD enhanced MK production in some cases but not others ( 13 , 15 – 17 ). These data suggest that a regulatory network might exist to control DHNA and MK levels and buffer against genetic perturbations. While these regulations are physiologically plausible, as microbes must resist quinone overproduction to avoid oxidative stress and growth inhibition ( 4 ), the molecular mechanisms remain elusive. Fig 1 A biosensing system for quantitative detection of DHNA at picomolar concentration. ( A ) Schematic showing the menaquinone biosynthesis pathway. DHNA is the precursor of menaquinone. ( B ) Workflow of the DHNA biosensing system. L. lactis was incubated for 2 hours to allow DHNA synthesis. The cell-free supernatant was collected and mixed with L. plantarum and iron reduction reagents, including iron(III) oxide and ferrozine (FZ). L. plantarum utilizes DHNA secreted by L. lactis to reduce Fe 3+ to Fe 2+ . The resulting Fe 2+ reacts with ferrozine, producing a magenta color product whose absorbance correlates with DHNA concentration. ( C ) Calibration curve of DHNA concentration versus absorbance at 562 nm. L. plantarum was incubated with varying concentrations of exogenous DHNA. The [DHNA]-OD 562 curve was fitted to a non-linear function. The top panel shows a scanned image of the assay plate. ( D ) L. plantarum can detect DHNA secreted from varying cell densities of quinone-producing L. lactis but not from the deficient mutant. Δ menC + menC represents menC gene complementation under a constitutive promoter on a plasmid in the Δ menC background. DHNA concentrations were calculated based on the calibration curve in panel C . The top panel shows a scanned image of the assay plate. All data represent mean ± 1 s.d. for three biological replicates. Bacterial biosensing system detecting DHNA in menaquinone biosynthesis through L. lactis-L. plantarum interaction and iron reduction colorimetry. Calibration shows picomolar sensitivity (R²=0.99) with validation using wild-type and menC mutant strains. Previous studies shed light on the quinone regulatory mechanism, but a system-level understanding has not been achieved. Studies have revealed that MenD can be allosterically inhibited by DHNA in Staphylococcus aureus ( 19 ) and Mycobacterium tuberculosis ( 20 ), suggesting an end-product feedback mechanism. In addition, MenF is also known to be capable of catalyzing both forward and reverse conversion of chorismate to isochorismate ( 21 ). However, it is unclear how these individual mechanisms interact to control DHNA production. Here, we study one of the major quinone producers, Lactococcus lactis, and reveal a multi-layer mechanism regulating DHNA biosynthesis. Leveraging a novel biosensing system, we quantified DHNA concentration at picomolar sensitivity. We then synthetically perturbed enzyme levels on genetic constructs and found that DHNA concentration can be modulated by both MenF and MenD, but to different degrees. A mathematical model uncovers a two-phase regulatory pattern resulting from the interplay of reversible flux and end-product feedback inhibition, where the regulatory roles of MenF and MenD shift based on their relative expression levels. The model also predicts limited availability of the substrate chorismate, which restrains DHNA from being overproduced. These mechanisms can collectively contribute to quinone homeostasis and imply new strategies to efficiently engineer quinone production. RESULTS A biosensing system allows sensitive and quantitative DHNA detection Since DHNA is the common precursor for all MK derivatives, we sought to interrogate the regulatory mechanism of quinone biosynthesis by focusing on DHNA. To precisely measure DHNA concentration, we constructed a L. lactis mutant lacking DHNA-utilizing pathways. We knocked out menA (encodes for DHNA prenyltransferase) to prevent DHNA from being utilized for DMK and MK biosynthesis ( Fig. 1A ). In addition, we knocked out noxAB (encodes for NADH:quinone oxidoreductases) to prevent DHNA from interacting with quinone reductases ( 22 ) , which may otherwise alter DHNA redox state and interfere with DHNA quantification. We next developed a high-throughput method for quantitative DHNA detection. While previous studies mainly measured DHNA concentration with high-performance liquid chromatography (HPLC) ( 23 – 26 ), this approach requires complex sample preparation and purification processes and has a limited detection of 1 µM",,"identity rejected: best_effort guess (top candidate accepted unconditionally) | identity rejected: mapping rule best_effort_fallback is a guess, not a match"
entity,/entities/proteins/26,mevalonate kinase ( mvk ),A,DB-grounded,,Q9CIF8,uniprot,1,False,"0.6326 (heuristic, not a probability)",Engineering <i>Lactococcus lactis</i> for Increased Vitamin K2 Production. (PMC7093718) -- introduction section,"value of fermented food, but until very recently there were no reports on optimization of dairy production or metabolic engineering of LAB strains to achieve higher menaquinone levels. Several genomes of the dominating vitamin K2 producing LAB, L. lactis have been sequenced, and putative genes encoding the enzymes for the individual steps of menaquinone biosynthesis annotated (Wegmann et al., 2007 ). In L. lactis menaquinones are synthesized from acetyl-CoA, phosphoenolpyruvate and D-erythrose-4-phosphate. The precursors are converted step by step to a hydrophobic polyprenyl diphosphate (PP) chain (mevalonate and polyprenyl pathways) and a hydrophilic naphtoquinone ring; 1,4-dihydroxy-2-napthoate (DHNA) (shikimate and menaquinone pathways). Finally, MenA, a DHNA polyprenyltransferase, joins the prenyl diphosphate and DHNA to form demethylmenaquinone ( Figure 1 ). The product of the shikimate pathway, chorismate, is also a substrate for synthesis of the essential aromatic amino acids (AAA) and folate and its production and further conversion is highly regulated (Dosselaere and Vanderleyden, 2001 ). For instance, the first enzyme of the shikimate pathway, 3-Deoxy-D-arabinoheptulosonate 7-phosphate synthase (DAHPS), is known to be feedback inhibited by AAA in diverse microorganisms (Mir et al., 2015 ) and similar regulatory events are likely to exist in lactococci. Chorismate is converted to DHNA through 7 enzymatic steps starting with isochorismate synthase (encoded by menF ). The polyprenyl diphosphate chain is synthesized from isopentenyl pyrophosphate (IPP) units formed through the mevalonate pathway. Six enzymatic steps, catalyzed by 3-ketoacyl-CoA thiolase ( thiL ), hydroxymethylglutaryl-CoA synthase ( hmcM ), hydroxymethylglutaryl-CoA reductase ( mvaA ), mevalonate kinase ( mvk ), phosphomevalonate kinase ( pmk ), and diphosphomevalonate decarboxylase ( mvaD ) are required to convert acetyl-CoA into IPP (C5). These reactions constitute the most energy- and substrate-consuming part of menaquinone synthesis as they require 3 acetyl-CoA, 3 ATP, and 1 NADPH per IPP formed. The geranyltranstransferase ( ispA ) and isopentenyl-diphosphate delta-isomerase ( fni ) then combine IPP units into FPP (farnesyl diphosphate, C15). FPP is a scaffold for further lengthening of the prenyl diphosphate chain by consecutive addition of IPP units to make the all-trans polyprenyl diphosphate (for MK-n production) or di-trans, poly-cis-undecaprenyl pyrophosphate (UPP, C55). UPP is essential for lactococci as it is a substrate for synthesis of peptidoglycan (Bouhss et al., 2008 ). In L. lactis 2 genomic loci encode possible prenyl diphosphate synthases. The gerCA ( llmg_1111 ) and ispB ( llmg_1110 ) locus encodes proteins with homology to 2-component heptaprenyl diphosphate synthases. The gene llmg_0196 is in an operon with menA (DHNA polyprenyltransferase) and encodes a putative geranylgeranyl pyrophosphate synthase. In L. lactis ssp. lactis the gene and gene product of llmg_0196 are called preA and PreA and we will hereafter employ these names also for L. lactis ssp. cremoris MG1363. Figure 1 The lactococcal biosynthetic pathways for menaquinone(s). Intermediates that are substrates for competing essential pathways are shown as branched points (chorismate and FPP). IPP, isopentenyl pyrophosphate; FPP, farnesyl pyrophosphate; UPP, undecaprenyl pyrophosphate. Menaquinones play an essential role in electron transport but are not essential for fermentative growth in L. lactis (Rezaiki et al., 2008 ). However, in the presence of heme L. lactis can produce cytochrome and a functional electron transport chain enabling respiratory growth resulting in improved growth and survival in stationary phase (Sijpesteijn, 1970 ; Duwat et al., 2001 ; Gaudu et al., 2002 ; Rezaiki et al., 2008 ; Brooijmans et al., 2009 ). In addition, menaquinones can reduce both Fe and Cu and might be important for assimilation of metals (Rezaiki et al., 2008 ). The levels of menaquinone found in L. lactis are strain-dependent and vary in response to aerobic vs. anaerobic conditions as well as culture medium, carbon source and temperature. In L. lactis MK-9 is produced as the dominating menaquinone species, but minor amounts of MK-3, MK-7, MK-8 and MK-10 are also formed (Morishita et al., 1999 ; Rezaiki et al., 2008 ; Brooijmans et al., 2009 ). One recent study show that adjusting fermentation parameters like preculture conditions, carbon source and temperature result in up to 50% increase of vitamin K2 in fermented milk (Liu et al., 2019 ). However, there are no other reports available describing how to increase strain performance or optimize conditions to elevate menaquinone content during food fermentations, neither is information on the contribution of each enzyme to the biosynthetic pathway of menaquinones in lactococci. Such knowledge could be helpful in selecting the optimal lactococci for fermentation of milk into a product with higher functional value regarding vitamin K2. Therefore, in the present study several genes of the biosynthetic pathway of menaquinones in L. lactis ssp. cremoris MG1363 were overexpressed singly or in combination to investigate their potential to raise menaquinone levels. We identify bottle-necks and key genes for biosynthesis of menaquinones in MG1363 and thereby provide a foundation for development of strains capable of higher K2-production during food",,
entity,/entities/proteins/27,PabA,C,single-source (review),,,,1,False,"0.4368 (heuristic, not a probability)",Combination of SPH and SP80 prolongs the lifespan of &lt;i&gt;Bacillus subtilis&lt;/i&gt; natto to enhance industrial menaquinone-7 biosynthesis. (PMC12174048) -- results section,"+ reduced to 44% ( Equations 1–3 ) ( Figure 7D ). The ratio of NADH/NAD + has been proven to be inversely proportional to MK-7 content in B. subtilis ( Wang et al., 2019 ). 3.6 SPH+SP80 affected the pathway related to the biosynthesis of MK-7 Four modules named glycerol metabolism pathway (Module I), methylerythritol phosphate (MEP) pathway (Module II), shikimate (SA) pathway (Module III), and MK-7 pathway (Module IV) were involved in the biosynthesis pathway of MK-7 in B. subtilis natto ( Figure 3A ; Yang et al., 2019 ). The different expression changes of genes involved in four modules were detected ( Supplementary Table S1 ). In Module I, three enzymes, such as glycerol kinase (GlpK), Gly-3P dehydrogenase (GlpD), and glycerol facilitator (GlpF), played crucial roles in the SPH+SP80 group because the expression of glpK, glpD , and glpF was upregulated 1.78-, 1.62-, and 1.43-fold, respectively. The change of most of the enzymes in Module II was not significant in the SPH+SP80 group ( Figures 3A , B ). Except for membrane proteins like Fni and HepS, which catalyzed a reversible reaction of isopentenyl diphosphate (IPP) to form dimethylallyl diphosphate (DMAPP), the reaction of farnesyl diphosphate (FPP) to heptaprenyl diphosphate (HDP) was upregulated 1.42-fold, and 1.16-fold, respectively. As for Module III, the expression of aroA , aroB , aroC , aroD , aroK , and aroE was upregulated 1.47-, 0.75-, 0.64-, 0.77-, 2.30-, and 0.28-fold, respectively ( Figure 3B ), which verified a previous study showing that AroA and AroK played a crucial role in the SA pathway ( Cui et al., 2019 ). The genes encoding PabA, PabB, AroH, and TrpE, which were used to synthesize aromatic amino acids such as tryptophan (Trp), tyrosine (Tyr), and phenylalanine (Phe) from chorismate, were downregulated by 36, 26, 25, and 53%, respectively. Nine enzymes (MenA, B, C, D, E, F, G, H, and I) were involved in the synthesis of 1,4-dihydroxy-2-naphthoyl-CoA (DHNA-CoA) in Module IV. Interestingly, only genes encoding membrane proteins ( menA , menB , menD , menE , and menG ) were upregulated, especially menA , menG, and menD, whose expression levels were highly regulated by 1.43-, 1.12-, and 1.47-fold, respectively, in the SPH+SP80. These results provide clues for further modification of MK-7 biosynthesis at the transcriptional level. Taken together, an active electron transfer system stimulated the expression of related genes on the cell membrane, such as ispE , hepS , aroA , aroK , menA , menD , and menG , which were key enzyme-encoding genes for synthesizing MK-7, and finally promoted the synthesis of MK-7. 4",,"identity rejected: best_effort guess (top candidate accepted unconditionally) | identity rejected: mapping rule best_effort_fallback is a guess, not a match"
entity,/entities/proteins/28,PabB,C,single-source (review),,,,1,False,"0.4368 (heuristic, not a probability)",Combination of SPH and SP80 prolongs the lifespan of &lt;i&gt;Bacillus subtilis&lt;/i&gt; natto to enhance industrial menaquinone-7 biosynthesis. (PMC12174048) -- results section,"+ reduced to 44% ( Equations 1–3 ) ( Figure 7D ). The ratio of NADH/NAD + has been proven to be inversely proportional to MK-7 content in B. subtilis ( Wang et al., 2019 ). 3.6 SPH+SP80 affected the pathway related to the biosynthesis of MK-7 Four modules named glycerol metabolism pathway (Module I), methylerythritol phosphate (MEP) pathway (Module II), shikimate (SA) pathway (Module III), and MK-7 pathway (Module IV) were involved in the biosynthesis pathway of MK-7 in B. subtilis natto ( Figure 3A ; Yang et al., 2019 ). The different expression changes of genes involved in four modules were detected ( Supplementary Table S1 ). In Module I, three enzymes, such as glycerol kinase (GlpK), Gly-3P dehydrogenase (GlpD), and glycerol facilitator (GlpF), played crucial roles in the SPH+SP80 group because the expression of glpK, glpD , and glpF was upregulated 1.78-, 1.62-, and 1.43-fold, respectively. The change of most of the enzymes in Module II was not significant in the SPH+SP80 group ( Figures 3A , B ). Except for membrane proteins like Fni and HepS, which catalyzed a reversible reaction of isopentenyl diphosphate (IPP) to form dimethylallyl diphosphate (DMAPP), the reaction of farnesyl diphosphate (FPP) to heptaprenyl diphosphate (HDP) was upregulated 1.42-fold, and 1.16-fold, respectively. As for Module III, the expression of aroA , aroB , aroC , aroD , aroK , and aroE was upregulated 1.47-, 0.75-, 0.64-, 0.77-, 2.30-, and 0.28-fold, respectively ( Figure 3B ), which verified a previous study showing that AroA and AroK played a crucial role in the SA pathway ( Cui et al., 2019 ). The genes encoding PabA, PabB, AroH, and TrpE, which were used to synthesize aromatic amino acids such as tryptophan (Trp), tyrosine (Tyr), and phenylalanine (Phe) from chorismate, were downregulated by 36, 26, 25, and 53%, respectively. Nine enzymes (MenA, B, C, D, E, F, G, H, and I) were involved in the synthesis of 1,4-dihydroxy-2-naphthoyl-CoA (DHNA-CoA) in Module IV. Interestingly, only genes encoding membrane proteins ( menA , menB , menD , menE , and menG ) were upregulated, especially menA , menG, and menD, whose expression levels were highly regulated by 1.43-, 1.12-, and 1.47-fold, respectively, in the SPH+SP80. These results provide clues for further modification of MK-7 biosynthesis at the transcriptional level. Taken together, an active electron transfer system stimulated the expression of related genes on the cell membrane, such as ispE , hepS , aroA , aroK , menA , menD , and menG , which were key enzyme-encoding genes for synthesizing MK-7, and finally promoted the synthesis of MK-7. 4",,"identity rejected: best_effort guess (top candidate accepted unconditionally) | identity rejected: mapping rule best_effort_fallback is a guess, not a match"
entity,/entities/proteins/29,phosphomevalonate kinase ( pmk ),C,single-source (review),,,,1,False,"0.6326 (heuristic, not a probability)",Engineering <i>Lactococcus lactis</i> for Increased Vitamin K2 Production. (PMC7093718) -- introduction section,"value of fermented food, but until very recently there were no reports on optimization of dairy production or metabolic engineering of LAB strains to achieve higher menaquinone levels. Several genomes of the dominating vitamin K2 producing LAB, L. lactis have been sequenced, and putative genes encoding the enzymes for the individual steps of menaquinone biosynthesis annotated (Wegmann et al., 2007 ). In L. lactis menaquinones are synthesized from acetyl-CoA, phosphoenolpyruvate and D-erythrose-4-phosphate. The precursors are converted step by step to a hydrophobic polyprenyl diphosphate (PP) chain (mevalonate and polyprenyl pathways) and a hydrophilic naphtoquinone ring; 1,4-dihydroxy-2-napthoate (DHNA) (shikimate and menaquinone pathways). Finally, MenA, a DHNA polyprenyltransferase, joins the prenyl diphosphate and DHNA to form demethylmenaquinone ( Figure 1 ). The product of the shikimate pathway, chorismate, is also a substrate for synthesis of the essential aromatic amino acids (AAA) and folate and its production and further conversion is highly regulated (Dosselaere and Vanderleyden, 2001 ). For instance, the first enzyme of the shikimate pathway, 3-Deoxy-D-arabinoheptulosonate 7-phosphate synthase (DAHPS), is known to be feedback inhibited by AAA in diverse microorganisms (Mir et al., 2015 ) and similar regulatory events are likely to exist in lactococci. Chorismate is converted to DHNA through 7 enzymatic steps starting with isochorismate synthase (encoded by menF ). The polyprenyl diphosphate chain is synthesized from isopentenyl pyrophosphate (IPP) units formed through the mevalonate pathway. Six enzymatic steps, catalyzed by 3-ketoacyl-CoA thiolase ( thiL ), hydroxymethylglutaryl-CoA synthase ( hmcM ), hydroxymethylglutaryl-CoA reductase ( mvaA ), mevalonate kinase ( mvk ), phosphomevalonate kinase ( pmk ), and diphosphomevalonate decarboxylase ( mvaD ) are required to convert acetyl-CoA into IPP (C5). These reactions constitute the most energy- and substrate-consuming part of menaquinone synthesis as they require 3 acetyl-CoA, 3 ATP, and 1 NADPH per IPP formed. The geranyltranstransferase ( ispA ) and isopentenyl-diphosphate delta-isomerase ( fni ) then combine IPP units into FPP (farnesyl diphosphate, C15). FPP is a scaffold for further lengthening of the prenyl diphosphate chain by consecutive addition of IPP units to make the all-trans polyprenyl diphosphate (for MK-n production) or di-trans, poly-cis-undecaprenyl pyrophosphate (UPP, C55). UPP is essential for lactococci as it is a substrate for synthesis of peptidoglycan (Bouhss et al., 2008 ). In L. lactis 2 genomic loci encode possible prenyl diphosphate synthases. The gerCA ( llmg_1111 ) and ispB ( llmg_1110 ) locus encodes proteins with homology to 2-component heptaprenyl diphosphate synthases. The gene llmg_0196 is in an operon with menA (DHNA polyprenyltransferase) and encodes a putative geranylgeranyl pyrophosphate synthase. In L. lactis ssp. lactis the gene and gene product of llmg_0196 are called preA and PreA and we will hereafter employ these names also for L. lactis ssp. cremoris MG1363. Figure 1 The lactococcal biosynthetic pathways for menaquinone(s). Intermediates that are substrates for competing essential pathways are shown as branched points (chorismate and FPP). IPP, isopentenyl pyrophosphate; FPP, farnesyl pyrophosphate; UPP, undecaprenyl pyrophosphate. Menaquinones play an essential role in electron transport but are not essential for fermentative growth in L. lactis (Rezaiki et al., 2008 ). However, in the presence of heme L. lactis can produce cytochrome and a functional electron transport chain enabling respiratory growth resulting in improved growth and survival in stationary phase (Sijpesteijn, 1970 ; Duwat et al., 2001 ; Gaudu et al., 2002 ; Rezaiki et al., 2008 ; Brooijmans et al., 2009 ). In addition, menaquinones can reduce both Fe and Cu and might be important for assimilation of metals (Rezaiki et al., 2008 ). The levels of menaquinone found in L. lactis are strain-dependent and vary in response to aerobic vs. anaerobic conditions as well as culture medium, carbon source and temperature. In L. lactis MK-9 is produced as the dominating menaquinone species, but minor amounts of MK-3, MK-7, MK-8 and MK-10 are also formed (Morishita et al., 1999 ; Rezaiki et al., 2008 ; Brooijmans et al., 2009 ). One recent study show that adjusting fermentation parameters like preculture conditions, carbon source and temperature result in up to 50% increase of vitamin K2 in fermented milk (Liu et al., 2019 ). However, there are no other reports available describing how to increase strain performance or optimize conditions to elevate menaquinone content during food fermentations, neither is information on the contribution of each enzyme to the biosynthetic pathway of menaquinones in lactococci. Such knowledge could be helpful in selecting the optimal lactococci for fermentation of milk into a product with higher functional value regarding vitamin K2. Therefore, in the present study several genes of the biosynthetic pathway of menaquinones in L. lactis ssp. cremoris MG1363 were overexpressed singly or in combination to investigate their potential to raise menaquinone levels. We identify bottle-necks and key genes for biosynthesis of menaquinones in MG1363 and thereby provide a foundation for development of strains capable of higher K2-production during food",,"identity rejected: best_effort guess (top candidate accepted unconditionally) | identity rejected: mapping rule best_effort_fallback is a guess, not a match"
entity,/entities/proteins/30,prenyl diphosphate synthase,C,single-source (review),,,,1,False,"0.4631 (heuristic, not a probability)",Physiological Roles of Short-Chain and Long-Chain Menaquinones (Vitamin K2) in <i>Lactococcus cremoris</i>. (PMC8965153) -- introduction section,"cremoris strain MG1363 and mutants. MK biosynthesis in L. cremoris / L. lactis is predicted to follow a pathway consisting of three parts: (i) synthesis of the naphthoquinone structure (the head group), (ii) synthesis of the isoprenyl side chain (the tail group), and (iii) joining of the head and tail structures giving the MK. The head group synthesis starts with chorismate generated from the Shikimate pathway with the first step catalyzed by a menaquinone-specific isochorismate synthase (predicted encoding gene is menF ), and the tail group synthesis starts with isopentenyl diphosphate (IPP), containing a single isoprene unit, generated from mevalonate pathway. For building the side chain, first a geranyltranstransferase (predicted encoding gene is ispA ) is required to form farnesyl diphosphate (FPP) containing three isoprene units. More IPP is linked to FPP to form longer isoprene chains, and this step is catalyzed by a prenyl diphosphate synthase (predicted encoding gene is llmg_0196 ). The latter enzyme also is thought to play a role in determination of the length of the isoprene chain ( Nagel et al., 2018 ; Johnston and Bulloch, 2020 ). Finally, the naphthoquinone head group – 1.4-dihydroxy-2-naphthoic acid (DHNA), and the polyprenyl tail group are combined by isoprenyl diphosphate:1,4-dihydroxy-2-naphthoate isoprenyltransferase to form demethylmenaquinone (DMK), which is methylated to give MK. Mainly MK-9, MK-8, and MK-3 are formed in original L. cremoris strain MG1363 (green box). Mutants Δ menF ,Δ ispA , and Δ llmg_0196 are expected to produce no MK, only MK-1, and only MK-3, respectively. Genes targeted in this study are shown in green color. Predicted MK production route and profiles in respective gene deletion mutants are shown in red boxes.",,"identity rejected: best_effort guess (top candidate accepted unconditionally) | identity rejected: mapping rule best_effort_fallback is a guess, not a match"
entity,/entities/proteins/31,TrpE,C,single-source (review),,,,1,False,"0.4368 (heuristic, not a probability)",Combination of SPH and SP80 prolongs the lifespan of &lt;i&gt;Bacillus subtilis&lt;/i&gt; natto to enhance industrial menaquinone-7 biosynthesis. (PMC12174048) -- results section,"+ reduced to 44% ( Equations 1–3 ) ( Figure 7D ). The ratio of NADH/NAD + has been proven to be inversely proportional to MK-7 content in B. subtilis ( Wang et al., 2019 ). 3.6 SPH+SP80 affected the pathway related to the biosynthesis of MK-7 Four modules named glycerol metabolism pathway (Module I), methylerythritol phosphate (MEP) pathway (Module II), shikimate (SA) pathway (Module III), and MK-7 pathway (Module IV) were involved in the biosynthesis pathway of MK-7 in B. subtilis natto ( Figure 3A ; Yang et al., 2019 ). The different expression changes of genes involved in four modules were detected ( Supplementary Table S1 ). In Module I, three enzymes, such as glycerol kinase (GlpK), Gly-3P dehydrogenase (GlpD), and glycerol facilitator (GlpF), played crucial roles in the SPH+SP80 group because the expression of glpK, glpD , and glpF was upregulated 1.78-, 1.62-, and 1.43-fold, respectively. The change of most of the enzymes in Module II was not significant in the SPH+SP80 group ( Figures 3A , B ). Except for membrane proteins like Fni and HepS, which catalyzed a reversible reaction of isopentenyl diphosphate (IPP) to form dimethylallyl diphosphate (DMAPP), the reaction of farnesyl diphosphate (FPP) to heptaprenyl diphosphate (HDP) was upregulated 1.42-fold, and 1.16-fold, respectively. As for Module III, the expression of aroA , aroB , aroC , aroD , aroK , and aroE was upregulated 1.47-, 0.75-, 0.64-, 0.77-, 2.30-, and 0.28-fold, respectively ( Figure 3B ), which verified a previous study showing that AroA and AroK played a crucial role in the SA pathway ( Cui et al., 2019 ). The genes encoding PabA, PabB, AroH, and TrpE, which were used to synthesize aromatic amino acids such as tryptophan (Trp), tyrosine (Tyr), and phenylalanine (Phe) from chorismate, were downregulated by 36, 26, 25, and 53%, respectively. Nine enzymes (MenA, B, C, D, E, F, G, H, and I) were involved in the synthesis of 1,4-dihydroxy-2-naphthoyl-CoA (DHNA-CoA) in Module IV. Interestingly, only genes encoding membrane proteins ( menA , menB , menD , menE , and menG ) were upregulated, especially menA , menG, and menD, whose expression levels were highly regulated by 1.43-, 1.12-, and 1.47-fold, respectively, in the SPH+SP80. These results provide clues for further modification of MK-7 biosynthesis at the transcriptional level. Taken together, an active electron transfer system stimulated the expression of related genes on the cell membrane, such as ispE , hepS , aroA , aroK , menA , menD , and menG , which were key enzyme-encoding genes for synthesizing MK-7, and finally promoted the synthesis of MK-7. 4",,"identity rejected: best_effort guess (top candidate accepted unconditionally) | identity rejected: mapping rule best_effort_fallback is a guess, not a match"
entity,/processes/reactions/0/enzymes/0,MenF,C,single-source (review),,,,1,False,"0.8509 (heuristic, not a probability)",DHNA biosynthesis (menaquinone precursor) (seed_paper) -- results section,"results ( 11 ), largely due to limited understanding of the regulatory mechanisms governing quinone biosynthesis. MK biosynthesis starts from chorismate and proceeds through a seven-enzyme pathway consisting of MenF, MenD, MenH, MenC, MenE, MenB, and MenI to produce DHNA. Subsequently, MenA joins DHNA and prenyl diphosphate to produce demethylmenaquinone (DMK), and MenG demethylates DMK to generate MK ( Fig. 1A ). Strategies have attempted to enhance DHNA supply by overexpressing individual enzymes ( 13 – 17 ) or the entire DHNA biosynthesis operon ( 14 , 18 ). However, these efforts often lead to inconsistent and modest increases in DHNA/MK levels despite upregulated transcription of the respective genes ( 14 , 15 ). Conflicting outcomes have also been reported across different studies; for example, overexpressing MenF or MenD enhanced MK production in some cases but not others ( 13 , 15 – 17 ). These data suggest that a regulatory network might exist to control DHNA and MK levels and buffer against genetic perturbations. While these regulations are physiologically plausible, as microbes must resist quinone overproduction to avoid oxidative stress and growth inhibition ( 4 ), the molecular mechanisms remain elusive. Fig 1 A biosensing system for quantitative detection of DHNA at picomolar concentration. ( A ) Schematic showing the menaquinone biosynthesis pathway. DHNA is the precursor of menaquinone. ( B ) Workflow of the DHNA biosensing system. L. lactis was incubated for 2 hours to allow DHNA synthesis. The cell-free supernatant was collected and mixed with L. plantarum and iron reduction reagents, including iron(III) oxide and ferrozine (FZ). L. plantarum utilizes DHNA secreted by L. lactis to reduce Fe 3+ to Fe 2+ . The resulting Fe 2+ reacts with ferrozine, producing a magenta color product whose absorbance correlates with DHNA concentration. ( C ) Calibration curve of DHNA concentration versus absorbance at 562 nm. L. plantarum was incubated with varying concentrations of exogenous DHNA. The [DHNA]-OD 562 curve was fitted to a non-linear function. The top panel shows a scanned image of the assay plate. ( D ) L. plantarum can detect DHNA secreted from varying cell densities of quinone-producing L. lactis but not from the deficient mutant. Δ menC + menC represents menC gene complementation under a constitutive promoter on a plasmid in the Δ menC background. DHNA concentrations were calculated based on the calibration curve in panel C . The top panel shows a scanned image of the assay plate. All data represent mean ± 1 s.d. for three biological replicates. Bacterial biosensing system detecting DHNA in menaquinone biosynthesis through L. lactis-L. plantarum interaction and iron reduction colorimetry. Calibration shows picomolar sensitivity (R²=0.99) with validation using wild-type and menC mutant strains. Previous studies shed light on the quinone regulatory mechanism, but a system-level understanding has not been achieved. Studies have revealed that MenD can be allosterically inhibited by DHNA in Staphylococcus aureus ( 19 ) and Mycobacterium tuberculosis ( 20 ), suggesting an end-product feedback mechanism. In addition, MenF is also known to be capable of catalyzing both forward and reverse conversion of chorismate to isochorismate ( 21 ). However, it is unclear how these individual mechanisms interact to control DHNA production. Here, we study one of the major quinone producers, Lactococcus lactis, and reveal a multi-layer mechanism regulating DHNA biosynthesis. Leveraging a novel biosensing system, we quantified DHNA concentration at picomolar sensitivity. We then synthetically perturbed enzyme levels on genetic constructs and found that DHNA concentration can be modulated by both MenF and MenD, but to different degrees. A mathematical model uncovers a two-phase regulatory pattern resulting from the interplay of reversible flux and end-product feedback inhibition, where the regulatory roles of MenF and MenD shift based on their relative expression levels. The model also predicts limited availability of the substrate chorismate, which restrains DHNA from being overproduced. These mechanisms can collectively contribute to quinone homeostasis and imply new strategies to efficiently engineer quinone production. RESULTS A biosensing system allows sensitive and quantitative DHNA detection Since DHNA is the common precursor for all MK derivatives, we sought to interrogate the regulatory mechanism of quinone biosynthesis by focusing on DHNA. To precisely measure DHNA concentration, we constructed a L. lactis mutant lacking DHNA-utilizing pathways. We knocked out menA (encodes for DHNA prenyltransferase) to prevent DHNA from being utilized for DMK and MK biosynthesis ( Fig. 1A ). In addition, we knocked out noxAB (encodes for NADH:quinone oxidoreductases) to prevent DHNA from interacting with quinone reductases ( 22 ) , which may otherwise alter DHNA redox state and interfere with DHNA quantification. We next developed a high-throughput method for quantitative DHNA detection. While previous studies mainly measured DHNA concentration with high-performance liquid chromatography (HPLC) ( 23 – 26 ), this approach requires complex sample preparation and purification processes and has a limited detection of 1 µM",,"identity rejected: best_effort guess (top candidate accepted unconditionally) | identity rejected: mapping rule best_effort_fallback is a guess, not a match"
entity,/processes/reactions/1/enzymes/0,MenD,C,single-source (review),,,,1,False,"0.7224 (heuristic, not a probability)",DHNA biosynthesis (menaquinone precursor) (seed_paper) -- methods section,"Materials and Methods). This calibration curve indicates our ability to reliably detect DHNA concentrations within a linear range of 100 pM to 1 µM. To evaluate the biosensor’s ability to detect DHNA secreted by L. lactis , we collected CFS from L. lactis strains with varying cell densities (OD 600 ). These include strains with a wild-type (WT) DHNA pathway, a deficient DHNA pathway (Δ menC ), or a complemented pathway with menC expressed under a constitutive promoter (Δ menC + menC ). The biosensor detected no DHNA from the Δ menC strain ( Fig. 1D ). In comparison, DHNA was detected from strains containing the WT or menC -complemented DHNA pathway, with DHNA concentrations (10–60 nM) proportional to L. lactis cell density (OD 600 = 0.03–2) ( Fig. 1D ). These DHNA concentrations fall in the middle of the linear range of the calibration curve, demonstrating reliable detection. These results confirmed that the biosensing system could specifically and reliably detect DHNA from CFS of L. lactis . We also noticed a trend of DHNA saturation at higher cell densities of L. lactis (OD 600 = 0.5–2.0). To avoid potential inhibition of DHNA biosynthesis at high cell densities, we decided to use L. lactis cultures with an OD 600 of 0.2 for subsequent experiments to explore the regulatory mechanism of DHNA biosynthesis. DHNA biosynthesis exhibits different degrees of sensitivity to MenF or MenD We next sought to use synthetic biology to alter the expression levels of the enzymes and explore their regulatory roles in DHNA biosynthesis. We focused on three enzymes in the DHNA biosynthesis pathway: MenC, MenF, and MenD. The o-succinylbenzoate synthase MenC catalyzes one of the intermediate reactions, whereas the isochorismate synthase MenF and the SEPHCHC synthase MenD catalyze the first and the second reactions, respectively ( Fig. 1A ). In bacteria such as Escherichia coli , MenF’s product isochorismate also participates in siderophore biosynthesis, and MenD is considered the first step solely committed to DHNA biosynthesis ( 30 ). However, L. lactis lacks the pathway for siderophore biosynthesis, and we consider MenF as the first step in L. lactis for DHNA biosynthesis. To perturb the enzyme levels, we used combined transcriptional and translational strategies. For transcriptional regulation, we deleted the respective genes from the L. lactis genome and controlled their expression on a plasmid from a promoter that can be induced by the antimicrobial peptide nisin ( 31 ) ( Fig. 2A ). For translational regulation, we used either strong or weak ribosome binding sites (RBSs) to control the translation initiation rate ( Fig. 2A ). In addition, we fused mCherry to the N-terminal of MenC, MenF, and MenD and measured fluorescent intensity to monitor enzyme expression levels. Notably, menF and menD knockouts were constructed in the Δ menC background. In these cases, menC was expressed on the plasmid under a constitutive promoter, which yielded a DHNA level similar to the wild-type pathway ( Fig. 1D ), ensuring the effects of MenF or MenD on DHNA could be studied without interference. Fig 2 Effects of enzyme level perturbation of MenC, MenF, MenD, and MenFD on DHNA biosynthesis. ( A ) The menC , menF , or menD genes were knocked out from the genome and reintroduced under the control of a nisin-inducible promoter (P nisA ) on a plasmid with either a strong or a weak ribosome-binding site (RBS). mCherry was fused to the N-terminal of each enzyme to monitor enzyme expression. ( B ) Enzyme expression levels with or without nisin induction (25 ng/mL) were quantified by the fluorescent intensity. RFU, relative fluorescent unit. ( C ) DHNA concentrations under varying enzyme expression levels. ( D ) DHNA concentrations from perturbations of mCherry-tagged MenC, MenF, or MenD were compared to those resulting from the untagged enzymes and the wild-type pathway. All genes were expressed under the weak RBS. Varying concentrations of nisin were used to induce different enzyme expression levels. Nisin was also added to the wild-type pathway as a control. ( E ) The menFD genes were knocked out from the genome, and the identical gene cassette was expressed under P nisA with a strong or weak RBS. ( F ) DHNA concentrations under varying MenFD expression levels, with or without nisin induction (25 ng/mL). ( G ) DHNA concentrations resulting from MenFD perturbations were compared to the wild-type pathway. All data represent mean ± 1 s.d. of n = 3 biological replicates. P -values were determined by one-way ANOVA with Tukey’s test. * P inhibition constant), MenF produces sufficient isochorismate, but the reaction flow is constrained by MenD, making MenD the rate-limiting step ( Fig. 3B , below the phase boundary). On the flip side, when MenF level is lower than MenD by the same folds, the insufficient isochorismate production makes MenF the rate-limiting",,"identity rejected: best_effort guess (top candidate accepted unconditionally) | identity rejected: mapping rule best_effort_fallback is a guess, not a match"
entity,/processes/reactions/2/enzymes/0,MenH,C,single-source (review),,,,0,False,"0.6 (heuristic, not a probability)",DHNA biosynthesis (menaquinone precursor) (seed_paper) -- (section unknown),,,"identity rejected: best_effort guess (top candidate accepted unconditionally) | identity rejected: mapping rule best_effort_fallback is a guess, not a match | stated in the uploaded seed paper; no retrieved paper corroborates it"
entity,/processes/reactions/3/enzymes/0,MenC,C,single-source (review),,,,0,False,"0.6 (heuristic, not a probability)",DHNA biosynthesis (menaquinone precursor) (seed_paper) -- (section unknown),,,"identity rejected: best_effort guess (top candidate accepted unconditionally) | identity rejected: mapping rule best_effort_fallback is a guess, not a match | stated in the uploaded seed paper; no retrieved paper corroborates it"
entity,/processes/reactions/4/enzymes/0,MenE,C,single-source (review),,,,0,False,"0.6 (heuristic, not a probability)",DHNA biosynthesis (menaquinone precursor) (seed_paper) -- (section unknown),,,"identity rejected: best_effort guess (top candidate accepted unconditionally) | identity rejected: mapping rule best_effort_fallback is a guess, not a match | stated in the uploaded seed paper; no retrieved paper corroborates it"
entity,/processes/reactions/5/enzymes/0,MenB,C,single-source (review),,,,0,False,"0.6 (heuristic, not a probability)",DHNA biosynthesis (menaquinone precursor) (seed_paper) -- (section unknown),,,"identity rejected: best_effort guess (top candidate accepted unconditionally) | identity rejected: mapping rule best_effort_fallback is a guess, not a match | stated in the uploaded seed paper; no retrieved paper corroborates it"
entity,/processes/reactions/6/enzymes/0,MenI,C,single-source (review),,,,0,False,"0.6 (heuristic, not a probability)",DHNA biosynthesis (menaquinone precursor) (seed_paper) -- (section unknown),,,"identity rejected: best_effort guess (top candidate accepted unconditionally) | identity rejected: mapping rule best_effort_fallback is a guess, not a match | stated in the uploaded seed paper; no retrieved paper corroborates it"
entity,/processes/reactions/7/enzymes/0,MenF,C,single-source (review),,,,1,False,"0.759 (heuristic, not a probability)",DHNA biosynthesis (menaquinone precursor) (seed_paper) -- discussion section,"mM17 + 2.5 µL AFC, or 90 µL mM17. The final concentrations of AFC were 2, 1, or 0 mM, with an initial cell OD 600 = 0.1. The plate was sealed with a transparent PCR plate seal (Axygen), and the OD 600 was monitored using a Byonoy Absorbance 96 plate reader in the anaerobic chamber. Steady-state chemical kinetics analysis Model 1 To elucidate the rate-limiting step in the biosynthesis of DHNA from chorismate in L. lactis , we employed a steady-state modeling approach using Michaelis-Menten kinetics. We simplified notation by assigning capital letters to intermediates in the pathway as follows: A for chorismate, B for isochorismate, C for SEPHCHC, D for SHCHC, E for OSB, F for OSB-CoA, and G for DHNA-CoA. The enzyme MenF catalyzes a reversible reaction converting chorismate (A) to isochorismate (B) ( 43 ), and the isochorismate (B) production rate can be expressed as follows: (2) v B = ( k 2 [ M e n F ] [ A ] K M , 1 F − k − 1 [ M e n F ] [ B ] K M , 2 F ) 1 + [ A ] K M , 1 F + [ B ] K M , 2 F where k 2 and k - 1 are the forward and reverse rate constants for the MenF-catalyzed step, and K M , 1 F , K M , 2 F are the Michaelis constants for chorismate (A) and isochorismate (B), respectively. Subsequently, MenD facilitates the conversion of isochorismate (B) to 2-succinyl-5-enolpyruvyl-6-hydroxy-3-cyclohexene-1-carboxylate (SEPHCHC, C), with DHNA acting as a non-competitive inhibitor ( 19 , 20 ), and the SEPHCHC (C) production rate can be expressed as follows: (3) v C = k c a t D [ M e n D ] [ B ] ( 1 + [ D H N A ] K i ) K M D + ( 1 + [ D H N A ] K i ) [ B ] where k c a t D is the catalytic turnover number for MenD, K M D is the Michaelis constant for isochorismate (B), and K i is the inhibition constant for DHNA. Other enzymes involved, namely, MenH, MenC, MenE, MenB, and MenI, are modeled using Michaelis-Menten kinetics, and their production rates can be expressed as follows: (4) v α = k c a t α [ E n z y m e ] [ S u b s t r a t e ] K M α + [ S u b s t r a t e ] where superscript α = H, C, E, B, and I stands for MenH, MenC, MenE, MenB, and MenI, respectively. For each enzyme, k c a t α [ E n z y m e ] = V m a x α . In the first model, we set the chorismate concentration as a constant. The DHNA diffusion through the membrane occurs at a rate k D H N A . The dynamic equations are as follows: (5) d [ B ] d t = ( k 2 [ M e n F ] [ A ] K M , 1 F − k − 1 [ M e n F ] [ B ] K M , 2 F ) 1 + [ A ] K M , 1 F + [ B ] K M , 2 F − k c a t D [ M e n D ] [ B ] ( 1 + [ D H N A ] K i ) K M D + ( 1 + [ D H N A ] K i ) [ B ] = 0 (6) d [ C ] d t = k c a t D [ M e n D ] [ B ] ( 1 + [ D H N A ] K i ) K M D + ( 1 + [ D H N A ] K i ) [ B ] − k c a t H [ M e n H ] [ C ] K M H + [ C ] = 0 (7) d [ D ] d t = k c a t H [ M e n H ] [ C ] K M H + [ C ] − k c a t C [ M e n C ] [ D ] K M C + [ D ] = 0 (8) d [ E ] d t = k c a t C [ M e n C ] [ D ] K M C + [ D ] − k c a t E [ M e n E ] [ E ] K M E + [ E",,"identity rejected: best_effort guess (top candidate accepted unconditionally) | identity rejected: mapping rule best_effort_fallback is a guess, not a match"
entity,/processes/reactions/8/enzymes/0,MenD,C,single-source (review),,,,1,False,"0.759 (heuristic, not a probability)",DHNA biosynthesis (menaquinone precursor) (seed_paper) -- discussion section,"mM17 + 2.5 µL AFC, or 90 µL mM17. The final concentrations of AFC were 2, 1, or 0 mM, with an initial cell OD 600 = 0.1. The plate was sealed with a transparent PCR plate seal (Axygen), and the OD 600 was monitored using a Byonoy Absorbance 96 plate reader in the anaerobic chamber. Steady-state chemical kinetics analysis Model 1 To elucidate the rate-limiting step in the biosynthesis of DHNA from chorismate in L. lactis , we employed a steady-state modeling approach using Michaelis-Menten kinetics. We simplified notation by assigning capital letters to intermediates in the pathway as follows: A for chorismate, B for isochorismate, C for SEPHCHC, D for SHCHC, E for OSB, F for OSB-CoA, and G for DHNA-CoA. The enzyme MenF catalyzes a reversible reaction converting chorismate (A) to isochorismate (B) ( 43 ), and the isochorismate (B) production rate can be expressed as follows: (2) v B = ( k 2 [ M e n F ] [ A ] K M , 1 F − k − 1 [ M e n F ] [ B ] K M , 2 F ) 1 + [ A ] K M , 1 F + [ B ] K M , 2 F where k 2 and k - 1 are the forward and reverse rate constants for the MenF-catalyzed step, and K M , 1 F , K M , 2 F are the Michaelis constants for chorismate (A) and isochorismate (B), respectively. Subsequently, MenD facilitates the conversion of isochorismate (B) to 2-succinyl-5-enolpyruvyl-6-hydroxy-3-cyclohexene-1-carboxylate (SEPHCHC, C), with DHNA acting as a non-competitive inhibitor ( 19 , 20 ), and the SEPHCHC (C) production rate can be expressed as follows: (3) v C = k c a t D [ M e n D ] [ B ] ( 1 + [ D H N A ] K i ) K M D + ( 1 + [ D H N A ] K i ) [ B ] where k c a t D is the catalytic turnover number for MenD, K M D is the Michaelis constant for isochorismate (B), and K i is the inhibition constant for DHNA. Other enzymes involved, namely, MenH, MenC, MenE, MenB, and MenI, are modeled using Michaelis-Menten kinetics, and their production rates can be expressed as follows: (4) v α = k c a t α [ E n z y m e ] [ S u b s t r a t e ] K M α + [ S u b s t r a t e ] where superscript α = H, C, E, B, and I stands for MenH, MenC, MenE, MenB, and MenI, respectively. For each enzyme, k c a t α [ E n z y m e ] = V m a x α . In the first model, we set the chorismate concentration as a constant. The DHNA diffusion through the membrane occurs at a rate k D H N A . The dynamic equations are as follows: (5) d [ B ] d t = ( k 2 [ M e n F ] [ A ] K M , 1 F − k − 1 [ M e n F ] [ B ] K M , 2 F ) 1 + [ A ] K M , 1 F + [ B ] K M , 2 F − k c a t D [ M e n D ] [ B ] ( 1 + [ D H N A ] K i ) K M D + ( 1 + [ D H N A ] K i ) [ B ] = 0 (6) d [ C ] d t = k c a t D [ M e n D ] [ B ] ( 1 + [ D H N A ] K i ) K M D + ( 1 + [ D H N A ] K i ) [ B ] − k c a t H [ M e n H ] [ C ] K M H + [ C ] = 0 (7) d [ D ] d t = k c a t H [ M e n H ] [ C ] K M H + [ C ] − k c a t C [ M e n C ] [ D ] K M C + [ D ] = 0 (8) d [ E ] d t = k c a t C [ M e n C ] [ D ] K M C + [ D ] − k c a t E [ M e n E ] [ E ] K M E + [ E",,"identity rejected: best_effort guess (top candidate accepted unconditionally) | identity rejected: mapping rule best_effort_fallback is a guess, not a match"
entity,/processes/reactions/9/enzymes/0,MenH,C,single-source (review),,,,1,False,"0.759 (heuristic, not a probability)",DHNA biosynthesis (menaquinone precursor) (seed_paper) -- discussion section,"mM17 + 2.5 µL AFC, or 90 µL mM17. The final concentrations of AFC were 2, 1, or 0 mM, with an initial cell OD 600 = 0.1. The plate was sealed with a transparent PCR plate seal (Axygen), and the OD 600 was monitored using a Byonoy Absorbance 96 plate reader in the anaerobic chamber. Steady-state chemical kinetics analysis Model 1 To elucidate the rate-limiting step in the biosynthesis of DHNA from chorismate in L. lactis , we employed a steady-state modeling approach using Michaelis-Menten kinetics. We simplified notation by assigning capital letters to intermediates in the pathway as follows: A for chorismate, B for isochorismate, C for SEPHCHC, D for SHCHC, E for OSB, F for OSB-CoA, and G for DHNA-CoA. The enzyme MenF catalyzes a reversible reaction converting chorismate (A) to isochorismate (B) ( 43 ), and the isochorismate (B) production rate can be expressed as follows: (2) v B = ( k 2 [ M e n F ] [ A ] K M , 1 F − k − 1 [ M e n F ] [ B ] K M , 2 F ) 1 + [ A ] K M , 1 F + [ B ] K M , 2 F where k 2 and k - 1 are the forward and reverse rate constants for the MenF-catalyzed step, and K M , 1 F , K M , 2 F are the Michaelis constants for chorismate (A) and isochorismate (B), respectively. Subsequently, MenD facilitates the conversion of isochorismate (B) to 2-succinyl-5-enolpyruvyl-6-hydroxy-3-cyclohexene-1-carboxylate (SEPHCHC, C), with DHNA acting as a non-competitive inhibitor ( 19 , 20 ), and the SEPHCHC (C) production rate can be expressed as follows: (3) v C = k c a t D [ M e n D ] [ B ] ( 1 + [ D H N A ] K i ) K M D + ( 1 + [ D H N A ] K i ) [ B ] where k c a t D is the catalytic turnover number for MenD, K M D is the Michaelis constant for isochorismate (B), and K i is the inhibition constant for DHNA. Other enzymes involved, namely, MenH, MenC, MenE, MenB, and MenI, are modeled using Michaelis-Menten kinetics, and their production rates can be expressed as follows: (4) v α = k c a t α [ E n z y m e ] [ S u b s t r a t e ] K M α + [ S u b s t r a t e ] where superscript α = H, C, E, B, and I stands for MenH, MenC, MenE, MenB, and MenI, respectively. For each enzyme, k c a t α [ E n z y m e ] = V m a x α . In the first model, we set the chorismate concentration as a constant. The DHNA diffusion through the membrane occurs at a rate k D H N A . The dynamic equations are as follows: (5) d [ B ] d t = ( k 2 [ M e n F ] [ A ] K M , 1 F − k − 1 [ M e n F ] [ B ] K M , 2 F ) 1 + [ A ] K M , 1 F + [ B ] K M , 2 F − k c a t D [ M e n D ] [ B ] ( 1 + [ D H N A ] K i ) K M D + ( 1 + [ D H N A ] K i ) [ B ] = 0 (6) d [ C ] d t = k c a t D [ M e n D ] [ B ] ( 1 + [ D H N A ] K i ) K M D + ( 1 + [ D H N A ] K i ) [ B ] − k c a t H [ M e n H ] [ C ] K M H + [ C ] = 0 (7) d [ D ] d t = k c a t H [ M e n H ] [ C ] K M H + [ C ] − k c a t C [ M e n C ] [ D ] K M C + [ D ] = 0 (8) d [ E ] d t = k c a t C [ M e n C ] [ D ] K M C + [ D ] − k c a t E [ M e n E ] [ E ] K M E + [ E",,"identity rejected: best_effort guess (top candidate accepted unconditionally) | identity rejected: mapping rule best_effort_fallback is a guess, not a match"
entity,/processes/reactions/10/enzymes/0,MenC,C,single-source (review),,,,1,False,"0.759 (heuristic, not a probability)",DHNA biosynthesis (menaquinone precursor) (seed_paper) -- discussion section,"mM17 + 2.5 µL AFC, or 90 µL mM17. The final concentrations of AFC were 2, 1, or 0 mM, with an initial cell OD 600 = 0.1. The plate was sealed with a transparent PCR plate seal (Axygen), and the OD 600 was monitored using a Byonoy Absorbance 96 plate reader in the anaerobic chamber. Steady-state chemical kinetics analysis Model 1 To elucidate the rate-limiting step in the biosynthesis of DHNA from chorismate in L. lactis , we employed a steady-state modeling approach using Michaelis-Menten kinetics. We simplified notation by assigning capital letters to intermediates in the pathway as follows: A for chorismate, B for isochorismate, C for SEPHCHC, D for SHCHC, E for OSB, F for OSB-CoA, and G for DHNA-CoA. The enzyme MenF catalyzes a reversible reaction converting chorismate (A) to isochorismate (B) ( 43 ), and the isochorismate (B) production rate can be expressed as follows: (2) v B = ( k 2 [ M e n F ] [ A ] K M , 1 F − k − 1 [ M e n F ] [ B ] K M , 2 F ) 1 + [ A ] K M , 1 F + [ B ] K M , 2 F where k 2 and k - 1 are the forward and reverse rate constants for the MenF-catalyzed step, and K M , 1 F , K M , 2 F are the Michaelis constants for chorismate (A) and isochorismate (B), respectively. Subsequently, MenD facilitates the conversion of isochorismate (B) to 2-succinyl-5-enolpyruvyl-6-hydroxy-3-cyclohexene-1-carboxylate (SEPHCHC, C), with DHNA acting as a non-competitive inhibitor ( 19 , 20 ), and the SEPHCHC (C) production rate can be expressed as follows: (3) v C = k c a t D [ M e n D ] [ B ] ( 1 + [ D H N A ] K i ) K M D + ( 1 + [ D H N A ] K i ) [ B ] where k c a t D is the catalytic turnover number for MenD, K M D is the Michaelis constant for isochorismate (B), and K i is the inhibition constant for DHNA. Other enzymes involved, namely, MenH, MenC, MenE, MenB, and MenI, are modeled using Michaelis-Menten kinetics, and their production rates can be expressed as follows: (4) v α = k c a t α [ E n z y m e ] [ S u b s t r a t e ] K M α + [ S u b s t r a t e ] where superscript α = H, C, E, B, and I stands for MenH, MenC, MenE, MenB, and MenI, respectively. For each enzyme, k c a t α [ E n z y m e ] = V m a x α . In the first model, we set the chorismate concentration as a constant. The DHNA diffusion through the membrane occurs at a rate k D H N A . The dynamic equations are as follows: (5) d [ B ] d t = ( k 2 [ M e n F ] [ A ] K M , 1 F − k − 1 [ M e n F ] [ B ] K M , 2 F ) 1 + [ A ] K M , 1 F + [ B ] K M , 2 F − k c a t D [ M e n D ] [ B ] ( 1 + [ D H N A ] K i ) K M D + ( 1 + [ D H N A ] K i ) [ B ] = 0 (6) d [ C ] d t = k c a t D [ M e n D ] [ B ] ( 1 + [ D H N A ] K i ) K M D + ( 1 + [ D H N A ] K i ) [ B ] − k c a t H [ M e n H ] [ C ] K M H + [ C ] = 0 (7) d [ D ] d t = k c a t H [ M e n H ] [ C ] K M H + [ C ] − k c a t C [ M e n C ] [ D ] K M C + [ D ] = 0 (8) d [ E ] d t = k c a t C [ M e n C ] [ D ] K M C + [ D ] − k c a t E [ M e n E ] [ E ] K M E + [ E",,"identity rejected: best_effort guess (top candidate accepted unconditionally) | identity rejected: mapping rule best_effort_fallback is a guess, not a match"
entity,/processes/reactions/11/enzymes/0,MenE,C,single-source (review),,,,1,False,"0.759 (heuristic, not a probability)",DHNA biosynthesis (menaquinone precursor) (seed_paper) -- discussion section,"mM17 + 2.5 µL AFC, or 90 µL mM17. The final concentrations of AFC were 2, 1, or 0 mM, with an initial cell OD 600 = 0.1. The plate was sealed with a transparent PCR plate seal (Axygen), and the OD 600 was monitored using a Byonoy Absorbance 96 plate reader in the anaerobic chamber. Steady-state chemical kinetics analysis Model 1 To elucidate the rate-limiting step in the biosynthesis of DHNA from chorismate in L. lactis , we employed a steady-state modeling approach using Michaelis-Menten kinetics. We simplified notation by assigning capital letters to intermediates in the pathway as follows: A for chorismate, B for isochorismate, C for SEPHCHC, D for SHCHC, E for OSB, F for OSB-CoA, and G for DHNA-CoA. The enzyme MenF catalyzes a reversible reaction converting chorismate (A) to isochorismate (B) ( 43 ), and the isochorismate (B) production rate can be expressed as follows: (2) v B = ( k 2 [ M e n F ] [ A ] K M , 1 F − k − 1 [ M e n F ] [ B ] K M , 2 F ) 1 + [ A ] K M , 1 F + [ B ] K M , 2 F where k 2 and k - 1 are the forward and reverse rate constants for the MenF-catalyzed step, and K M , 1 F , K M , 2 F are the Michaelis constants for chorismate (A) and isochorismate (B), respectively. Subsequently, MenD facilitates the conversion of isochorismate (B) to 2-succinyl-5-enolpyruvyl-6-hydroxy-3-cyclohexene-1-carboxylate (SEPHCHC, C), with DHNA acting as a non-competitive inhibitor ( 19 , 20 ), and the SEPHCHC (C) production rate can be expressed as follows: (3) v C = k c a t D [ M e n D ] [ B ] ( 1 + [ D H N A ] K i ) K M D + ( 1 + [ D H N A ] K i ) [ B ] where k c a t D is the catalytic turnover number for MenD, K M D is the Michaelis constant for isochorismate (B), and K i is the inhibition constant for DHNA. Other enzymes involved, namely, MenH, MenC, MenE, MenB, and MenI, are modeled using Michaelis-Menten kinetics, and their production rates can be expressed as follows: (4) v α = k c a t α [ E n z y m e ] [ S u b s t r a t e ] K M α + [ S u b s t r a t e ] where superscript α = H, C, E, B, and I stands for MenH, MenC, MenE, MenB, and MenI, respectively. For each enzyme, k c a t α [ E n z y m e ] = V m a x α . In the first model, we set the chorismate concentration as a constant. The DHNA diffusion through the membrane occurs at a rate k D H N A . The dynamic equations are as follows: (5) d [ B ] d t = ( k 2 [ M e n F ] [ A ] K M , 1 F − k − 1 [ M e n F ] [ B ] K M , 2 F ) 1 + [ A ] K M , 1 F + [ B ] K M , 2 F − k c a t D [ M e n D ] [ B ] ( 1 + [ D H N A ] K i ) K M D + ( 1 + [ D H N A ] K i ) [ B ] = 0 (6) d [ C ] d t = k c a t D [ M e n D ] [ B ] ( 1 + [ D H N A ] K i ) K M D + ( 1 + [ D H N A ] K i ) [ B ] − k c a t H [ M e n H ] [ C ] K M H + [ C ] = 0 (7) d [ D ] d t = k c a t H [ M e n H ] [ C ] K M H + [ C ] − k c a t C [ M e n C ] [ D ] K M C + [ D ] = 0 (8) d [ E ] d t = k c a t C [ M e n C ] [ D ] K M C + [ D ] − k c a t E [ M e n E ] [ E ] K M E + [ E",,"identity rejected: best_effort guess (top candidate accepted unconditionally) | identity rejected: mapping rule best_effort_fallback is a guess, not a match"
entity,/processes/reactions/12/enzymes/0,menDHCEB,C,single-source (review),,,,1,False,"0.7265 (heuristic, not a probability)",New aspects of microbial vitamin K2 production by expanding the product spectrum. (PMC8042841) -- figure section,"Fig. 1 a) [ 33 , 34 ]. In the first step of the classical MK pathway, MenF converts chorismate into isochorismate, which is further converted by six enzymes encoded by the menDHCEB operon to form 1,4-dihydroxy-2-naphthoate (Fig. 1 b) [ 17 , 26 ]. In the first step of the futalosine pathway, MqnA cat",,
entity,/processes/reactions/13/enzymes/0,MenF,C,single-source (review),,,,1,False,"0.6798 (heuristic, not a probability)",DHNA biosynthesis (menaquinone precursor) (seed_paper) -- discussion section,"K M D K m , 1 F ) 2 When [ B ] ≪ K M , 2 F , DHNA concentration becomes regulated solely by MenF, (22) [ D H N A ] i n = k 2 [ A ] k D H N A K M , 1 F ( 1 + [ A ] K M , 1 F ) [ M e n F ] and the critical ratio of [MenD] to [MenF] 2 that depicts the dominance of MenF in the reaction flux can be described by the following boundary condition: (23) [ M e n D ] [ M e n F ] 2 ≫ k 2 2 [ A ] 2 2 k D H N A k c a t D K i ( K M , 1 F ) 2 Although this model could explain the conditions where MenD or MenF become saturated and cannot regulate the DHNA biosynthesis, it cannot explain why perturbation of MenFD does not affect DHNA production. The saturation in MenFD catalysis suggests that the DHNA biosynthesis is also limited by a bottleneck at the chorismate production. Model 2 Assuming a constant chorismate production rate J 0 and a cumulative chorismate consumption rate k A by other pathways, the differential equation for chorismate becomes the following: (24) d [ A ] d t = J 0 − k A [ A ] − ( k 2 [ M e n F ] [ A ] K M , 1 F − k − 1 [ M e n F ] [ B ] K M , 2 F ) 1 + [ A ] K M , 1 2 + [ B ] K M , 2 F ≡ J 0 − J o t h e r − J D H N A = 0 where J D H N A = ( k 2 [ M e n F ] [ A ] K M , 1 F − k − 1 [ M e n F ] [ B ] K M , 2 F ) 1 + [ A ] K M , 1 2 + [ B ] K M , 2 F is the DHNA pathway flux, and J o t h e r = k A [ A ] is the flux for the other pathways. The model becomes the following: (25) ( J 0 [ A ] − k A ) [ A ] = ( k 2 [ M e n F ] [ A ] K M , 1 F − k − 1 [ M e n F ] [ B ] K M , 2 F ) 1 + [ A ] K M , 1 F + [ B ] K M , 2 F = k cat D [ M e n D ] [ B ] ( 1 + [ D H N A ] K i ) K M D + ( 1 + [ D H N A ] K i ) [ B ] = k D H N A [ D H N A ] i n Substrate-limited condition When the pathway for DHNA biosynthesis is dominant, such that the initial rate of substrate conversion ( J 0 A ) significantly exceeds the reaction rate of the other pathways ( k A ), the DHNA concentration reaches a maximum, calculated as the following: (26) [ D H N A ] i n m a x = J 0 k D H N A which is the maximum DHNA concentration we can get. Regulation under low substrate utilization By contrast, when the pathway utilizes a minimal amount of chorismate compared to other pathways, chorismate concentration is described by the following: (27) [ A ] = J 0 k A Under this condition, Model 2 can be unified with Model 1 by replacing [ A ] with J 0 k A in equation 13 . Model 1 is a special case of Model 2 when J 0 ≫ J D H N A , i.e., when DHNA biosynthesis does not significantly affect [ A ] . Numerical simulation To simulate the steady-state concentration of DHNA with given MenF and MenD concentrations, we use the parameters from the literature outlined in Table 1 , as well as our experimental parameters outlined in Table 2 . TABLE 1 Parameters from the literature Parameter Value Organism Condition Reference K M , 1 F 166.9 µM Escherichia coli pH = 7.5, 37°C ( 43 ) K M , 2 F 119 µM k 2 144.9 min −1 k - 1 3.8 min −1 K M D 53 nM Escherichia coli pH = 7.8, 22.5°C ( 47 ) k c a t D",,"identity rejected: best_effort guess (top candidate accepted unconditionally) | identity rejected: mapping rule best_effort_fallback is a guess, not a match"
entity,/processes/reactions/13/enzymes/1,MenD,C,single-source (review),,,,1,False,"0.6798 (heuristic, not a probability)",DHNA biosynthesis (menaquinone precursor) (seed_paper) -- discussion section,"K M D K m , 1 F ) 2 When [ B ] ≪ K M , 2 F , DHNA concentration becomes regulated solely by MenF, (22) [ D H N A ] i n = k 2 [ A ] k D H N A K M , 1 F ( 1 + [ A ] K M , 1 F ) [ M e n F ] and the critical ratio of [MenD] to [MenF] 2 that depicts the dominance of MenF in the reaction flux can be described by the following boundary condition: (23) [ M e n D ] [ M e n F ] 2 ≫ k 2 2 [ A ] 2 2 k D H N A k c a t D K i ( K M , 1 F ) 2 Although this model could explain the conditions where MenD or MenF become saturated and cannot regulate the DHNA biosynthesis, it cannot explain why perturbation of MenFD does not affect DHNA production. The saturation in MenFD catalysis suggests that the DHNA biosynthesis is also limited by a bottleneck at the chorismate production. Model 2 Assuming a constant chorismate production rate J 0 and a cumulative chorismate consumption rate k A by other pathways, the differential equation for chorismate becomes the following: (24) d [ A ] d t = J 0 − k A [ A ] − ( k 2 [ M e n F ] [ A ] K M , 1 F − k − 1 [ M e n F ] [ B ] K M , 2 F ) 1 + [ A ] K M , 1 2 + [ B ] K M , 2 F ≡ J 0 − J o t h e r − J D H N A = 0 where J D H N A = ( k 2 [ M e n F ] [ A ] K M , 1 F − k − 1 [ M e n F ] [ B ] K M , 2 F ) 1 + [ A ] K M , 1 2 + [ B ] K M , 2 F is the DHNA pathway flux, and J o t h e r = k A [ A ] is the flux for the other pathways. The model becomes the following: (25) ( J 0 [ A ] − k A ) [ A ] = ( k 2 [ M e n F ] [ A ] K M , 1 F − k − 1 [ M e n F ] [ B ] K M , 2 F ) 1 + [ A ] K M , 1 F + [ B ] K M , 2 F = k cat D [ M e n D ] [ B ] ( 1 + [ D H N A ] K i ) K M D + ( 1 + [ D H N A ] K i ) [ B ] = k D H N A [ D H N A ] i n Substrate-limited condition When the pathway for DHNA biosynthesis is dominant, such that the initial rate of substrate conversion ( J 0 A ) significantly exceeds the reaction rate of the other pathways ( k A ), the DHNA concentration reaches a maximum, calculated as the following: (26) [ D H N A ] i n m a x = J 0 k D H N A which is the maximum DHNA concentration we can get. Regulation under low substrate utilization By contrast, when the pathway utilizes a minimal amount of chorismate compared to other pathways, chorismate concentration is described by the following: (27) [ A ] = J 0 k A Under this condition, Model 2 can be unified with Model 1 by replacing [ A ] with J 0 k A in equation 13 . Model 1 is a special case of Model 2 when J 0 ≫ J D H N A , i.e., when DHNA biosynthesis does not significantly affect [ A ] . Numerical simulation To simulate the steady-state concentration of DHNA with given MenF and MenD concentrations, we use the parameters from the literature outlined in Table 1 , as well as our experimental parameters outlined in Table 2 . TABLE 1 Parameters from the literature Parameter Value Organism Condition Reference K M , 1 F 166.9 µM Escherichia coli pH = 7.5, 37°C ( 43 ) K M , 2 F 119 µM k 2 144.9 min −1 k - 1 3.8 min −1 K M D 53 nM Escherichia coli pH = 7.8, 22.5°C ( 47 ) k c a t D",,"identity rejected: best_effort guess (top candidate accepted unconditionally) | identity rejected: mapping rule best_effort_fallback is a guess, not a match"
entity,/processes/reactions/14/enzymes/0,MenF,B,corroborated by a second paper (no identifier),,,,2,False,"0.8509 (heuristic, not a probability)",Engineering <i>Lactococcus lactis</i> for Increased Vitamin K2 Production. (PMC7093718) -- introduction section | DHNA biosynthesis (menaquinone precursor) (seed_paper) -- results section,"value of fermented food, but until very recently there were no reports on optimization of dairy production or metabolic engineering of LAB strains to achieve higher menaquinone levels. Several genomes of the dominating vitamin K2 producing LAB, L. lactis have been sequenced, and putative genes encoding the enzymes for the individual steps of menaquinone biosynthesis annotated (Wegmann et al., 2007 ). In L. lactis menaquinones are synthesized from acetyl-CoA, phosphoenolpyruvate and D-erythrose-4-phosphate. The precursors are converted step by step to a hydrophobic polyprenyl diphosphate (PP) chain (mevalonate and polyprenyl pathways) and a hydrophilic naphtoquinone ring; 1,4-dihydroxy-2-napthoate (DHNA) (shikimate and menaquinone pathways). Finally, MenA, a DHNA polyprenyltransferase, joins the prenyl diphosphate and DHNA to form demethylmenaquinone ( Figure 1 ). The product of the shikimate pathway, chorismate, is also a substrate for synthesis of the essential aromatic amino acids (AAA) and folate and its production and further conversion is highly regulated (Dosselaere and Vanderleyden, 2001 ). For instance, the first enzyme of the shikimate pathway, 3-Deoxy-D-arabinoheptulosonate 7-phosphate synthase (DAHPS), is known to be feedback inhibited by AAA in diverse microorganisms (Mir et al., 2015 ) and similar regulatory events are likely to exist in lactococci. Chorismate is converted to DHNA through 7 enzymatic steps starting with isochorismate synthase (encoded by menF ). The polyprenyl diphosphate chain is synthesized from isopentenyl pyrophosphate (IPP) units formed through the mevalonate pathway. Six enzymatic steps, catalyzed by 3-ketoacyl-CoA thiolase ( thiL ), hydroxymethylglutaryl-CoA synthase ( hmcM ), hydroxymethylglutaryl-CoA reductase ( mvaA ), mevalonate kinase ( mvk ), phosphomevalonate kinase ( pmk ), and diphosphomevalonate decarboxylase ( mvaD ) are required to convert acetyl-CoA into IPP (C5). These reactions constitute the most energy- and substrate-consuming part of menaquinone synthesis as they require 3 acetyl-CoA, 3 ATP, and 1 NADPH per IPP formed. The geranyltranstransferase ( ispA ) and isopentenyl-diphosphate delta-isomerase ( fni ) then combine IPP units into FPP (farnesyl diphosphate, C15). FPP is a scaffold for further lengthening of the prenyl diphosphate chain by consecutive addition of IPP units to make the all-trans polyprenyl diphosphate (for MK-n production) or di-trans, poly-cis-undecaprenyl pyrophosphate (UPP, C55). UPP is essential for lactococci as it is a substrate for synthesis of peptidoglycan (Bouhss et al., 2008 ). In L. lactis 2 genomic loci encode possible prenyl diphosphate synthases. The gerCA ( llmg_1111 ) and ispB ( llmg_1110 ) locus encodes proteins with homology to 2-component heptaprenyl diphosphate synthases. The gene llmg_0196 is in an operon with menA (DHNA polyprenyltransferase) and encodes a putative geranylgeranyl pyrophosphate synthase. In L. lactis ssp. lactis the gene and gene product of llmg_0196 are called preA and PreA and we will hereafter employ these names also for L. lactis ssp. cremoris MG1363. Figure 1 The lactococcal biosynthetic pathways for menaquinone(s). Intermediates that are substrates for competing essential pathways are shown as branched points (chorismate and FPP). IPP, isopentenyl pyrophosphate; FPP, farnesyl pyrophosphate; UPP, undecaprenyl pyrophosphate. Menaquinones play an essential role in electron transport but are not essential for fermentative growth in L. lactis (Rezaiki et al., 2008 ). However, in the presence of heme L. lactis can produce cytochrome and a functional electron transport chain enabling respiratory growth resulting in improved growth and survival in stationary phase (Sijpesteijn, 1970 ; Duwat et al., 2001 ; Gaudu et al., 2002 ; Rezaiki et al., 2008 ; Brooijmans et al., 2009 ). In addition, menaquinones can reduce both Fe and Cu and might be important for assimilation of metals (Rezaiki et al., 2008 ). The levels of menaquinone found in L. lactis are strain-dependent and vary in response to aerobic vs. anaerobic conditions as well as culture medium, carbon source and temperature. In L. lactis MK-9 is produced as the dominating menaquinone species, but minor amounts of MK-3, MK-7, MK-8 and MK-10 are also formed (Morishita et al., 1999 ; Rezaiki et al., 2008 ; Brooijmans et al., 2009 ). One recent study show that adjusting fermentation parameters like preculture conditions, carbon source and temperature result in up to 50% increase of vitamin K2 in fermented milk (Liu et al., 2019 ). However, there are no other reports available describing how to increase strain performance or optimize conditions to elevate menaquinone content during food fermentations, neither is information on the contribution of each enzyme to the biosynthetic pathway of menaquinones in lactococci. Such knowledge could be helpful in selecting the optimal lactococci for fermentation of milk into a product with higher functional value regarding vitamin K2. Therefore, in the present study several genes of the biosynthetic pathway of menaquinones in L. lactis ssp. cremoris MG1363 were overexpressed singly or in combination to investigate their potential to raise menaquinone levels. We identify bottle-necks and key genes for biosynthesis of menaquinones in MG1363 and thereby provide a foundation for development of strains capable of higher K2-production during food | results ( 11 ), largely due to limited understanding of the regulatory mechanisms governing quinone biosynthesis. MK biosynthesis starts from chorismate and proceeds through a seven-enzyme pathway consisting of MenF, MenD, MenH, MenC, MenE, MenB, and MenI to produce DHNA. Subsequently, MenA joins DHNA and prenyl diphosphate to produce demethylmenaquinone (DMK), and MenG demethylates DMK to generate MK ( Fig. 1A ). Strategies have attempted to enhance DHNA supply by overexpressing individual enzymes ( 13 – 17 ) or the entire DHNA biosynthesis operon ( 14 , 18 ). However, these efforts often lead to inconsistent and modest increases in DHNA/MK levels despite upregulated transcription of the respective genes ( 14 , 15 ). Conflicting outcomes have also been reported across different studies; for example, overexpressing MenF or MenD enhanced MK production in some cases but not others ( 13 , 15 – 17 ). These data suggest that a regulatory network might exist to control DHNA and MK levels and buffer against genetic perturbations. While these regulations are physiologically plausible, as microbes must resist quinone overproduction to avoid oxidative stress and growth inhibition ( 4 ), the molecular mechanisms remain elusive. Fig 1 A biosensing system for quantitative detection of DHNA at picomolar concentration. ( A ) Schematic showing the menaquinone biosynthesis pathway. DHNA is the precursor of menaquinone. ( B ) Workflow of the DHNA biosensing system. L. lactis was incubated for 2 hours to allow DHNA synthesis. The cell-free supernatant was collected and mixed with L. plantarum and iron reduction reagents, including iron(III) oxide and ferrozine (FZ). L. plantarum utilizes DHNA secreted by L. lactis to reduce Fe 3+ to Fe 2+ . The resulting Fe 2+ reacts with ferrozine, producing a magenta color product whose absorbance correlates with DHNA concentration. ( C ) Calibration curve of DHNA concentration versus absorbance at 562 nm. L. plantarum was incubated with varying concentrations of exogenous DHNA. The [DHNA]-OD 562 curve was fitted to a non-linear function. The top panel shows a scanned image of the assay plate. ( D ) L. plantarum can detect DHNA secreted from varying cell densities of quinone-producing L. lactis but not from the deficient mutant. Δ menC + menC represents menC gene complementation under a constitutive promoter on a plasmid in the Δ menC background. DHNA concentrations were calculated based on the calibration curve in panel C . The top panel shows a scanned image of the assay plate. All data represent mean ± 1 s.d. for three biological replicates. Bacterial biosensing system detecting DHNA in menaquinone biosynthesis through L. lactis-L. plantarum interaction and iron reduction colorimetry. Calibration shows picomolar sensitivity (R²=0.99) with validation using wild-type and menC mutant strains. Previous studies shed light on the quinone regulatory mechanism, but a system-level understanding has not been achieved. Studies have revealed that MenD can be allosterically inhibited by DHNA in Staphylococcus aureus ( 19 ) and Mycobacterium tuberculosis ( 20 ), suggesting an end-product feedback mechanism. In addition, MenF is also known to be capable of catalyzing both forward and reverse conversion of chorismate to isochorismate ( 21 ). However, it is unclear how these individual mechanisms interact to control DHNA production. Here, we study one of the major quinone producers, Lactococcus lactis, and reveal a multi-layer mechanism regulating DHNA biosynthesis. Leveraging a novel biosensing system, we quantified DHNA concentration at picomolar sensitivity. We then synthetically perturbed enzyme levels on genetic constructs and found that DHNA concentration can be modulated by both MenF and MenD, but to different degrees. A mathematical model uncovers a two-phase regulatory pattern resulting from the interplay of reversible flux and end-product feedback inhibition, where the regulatory roles of MenF and MenD shift based on their relative expression levels. The model also predicts limited availability of the substrate chorismate, which restrains DHNA from being overproduced. These mechanisms can collectively contribute to quinone homeostasis and imply new strategies to efficiently engineer quinone production. RESULTS A biosensing system allows sensitive and quantitative DHNA detection Since DHNA is the common precursor for all MK derivatives, we sought to interrogate the regulatory mechanism of quinone biosynthesis by focusing on DHNA. To precisely measure DHNA concentration, we constructed a L. lactis mutant lacking DHNA-utilizing pathways. We knocked out menA (encodes for DHNA prenyltransferase) to prevent DHNA from being utilized for DMK and MK biosynthesis ( Fig. 1A ). In addition, we knocked out noxAB (encodes for NADH:quinone oxidoreductases) to prevent DHNA from interacting with quinone reductases ( 22 ) , which may otherwise alter DHNA redox state and interfere with DHNA quantification. We next developed a high-throughput method for quantitative DHNA detection. While previous studies mainly measured DHNA concentration with high-performance liquid chromatography (HPLC) ( 23 – 26 ), this approach requires complex sample preparation and purification processes and has a limited detection of 1 µM",,"identity rejected: best_effort guess (top candidate accepted unconditionally) | identity rejected: mapping rule best_effort_fallback is a guess, not a match"
entity,/processes/reactions/14/enzymes/1,MenD,B,corroborated by a second paper (no identifier),,,,2,False,"0.8509 (heuristic, not a probability)",Engineering <i>Lactococcus lactis</i> for Increased Vitamin K2 Production. (PMC7093718) -- introduction section | DHNA biosynthesis (menaquinone precursor) (seed_paper) -- results section,"value of fermented food, but until very recently there were no reports on optimization of dairy production or metabolic engineering of LAB strains to achieve higher menaquinone levels. Several genomes of the dominating vitamin K2 producing LAB, L. lactis have been sequenced, and putative genes encoding the enzymes for the individual steps of menaquinone biosynthesis annotated (Wegmann et al., 2007 ). In L. lactis menaquinones are synthesized from acetyl-CoA, phosphoenolpyruvate and D-erythrose-4-phosphate. The precursors are converted step by step to a hydrophobic polyprenyl diphosphate (PP) chain (mevalonate and polyprenyl pathways) and a hydrophilic naphtoquinone ring; 1,4-dihydroxy-2-napthoate (DHNA) (shikimate and menaquinone pathways). Finally, MenA, a DHNA polyprenyltransferase, joins the prenyl diphosphate and DHNA to form demethylmenaquinone ( Figure 1 ). The product of the shikimate pathway, chorismate, is also a substrate for synthesis of the essential aromatic amino acids (AAA) and folate and its production and further conversion is highly regulated (Dosselaere and Vanderleyden, 2001 ). For instance, the first enzyme of the shikimate pathway, 3-Deoxy-D-arabinoheptulosonate 7-phosphate synthase (DAHPS), is known to be feedback inhibited by AAA in diverse microorganisms (Mir et al., 2015 ) and similar regulatory events are likely to exist in lactococci. Chorismate is converted to DHNA through 7 enzymatic steps starting with isochorismate synthase (encoded by menF ). The polyprenyl diphosphate chain is synthesized from isopentenyl pyrophosphate (IPP) units formed through the mevalonate pathway. Six enzymatic steps, catalyzed by 3-ketoacyl-CoA thiolase ( thiL ), hydroxymethylglutaryl-CoA synthase ( hmcM ), hydroxymethylglutaryl-CoA reductase ( mvaA ), mevalonate kinase ( mvk ), phosphomevalonate kinase ( pmk ), and diphosphomevalonate decarboxylase ( mvaD ) are required to convert acetyl-CoA into IPP (C5). These reactions constitute the most energy- and substrate-consuming part of menaquinone synthesis as they require 3 acetyl-CoA, 3 ATP, and 1 NADPH per IPP formed. The geranyltranstransferase ( ispA ) and isopentenyl-diphosphate delta-isomerase ( fni ) then combine IPP units into FPP (farnesyl diphosphate, C15). FPP is a scaffold for further lengthening of the prenyl diphosphate chain by consecutive addition of IPP units to make the all-trans polyprenyl diphosphate (for MK-n production) or di-trans, poly-cis-undecaprenyl pyrophosphate (UPP, C55). UPP is essential for lactococci as it is a substrate for synthesis of peptidoglycan (Bouhss et al., 2008 ). In L. lactis 2 genomic loci encode possible prenyl diphosphate synthases. The gerCA ( llmg_1111 ) and ispB ( llmg_1110 ) locus encodes proteins with homology to 2-component heptaprenyl diphosphate synthases. The gene llmg_0196 is in an operon with menA (DHNA polyprenyltransferase) and encodes a putative geranylgeranyl pyrophosphate synthase. In L. lactis ssp. lactis the gene and gene product of llmg_0196 are called preA and PreA and we will hereafter employ these names also for L. lactis ssp. cremoris MG1363. Figure 1 The lactococcal biosynthetic pathways for menaquinone(s). Intermediates that are substrates for competing essential pathways are shown as branched points (chorismate and FPP). IPP, isopentenyl pyrophosphate; FPP, farnesyl pyrophosphate; UPP, undecaprenyl pyrophosphate. Menaquinones play an essential role in electron transport but are not essential for fermentative growth in L. lactis (Rezaiki et al., 2008 ). However, in the presence of heme L. lactis can produce cytochrome and a functional electron transport chain enabling respiratory growth resulting in improved growth and survival in stationary phase (Sijpesteijn, 1970 ; Duwat et al., 2001 ; Gaudu et al., 2002 ; Rezaiki et al., 2008 ; Brooijmans et al., 2009 ). In addition, menaquinones can reduce both Fe and Cu and might be important for assimilation of metals (Rezaiki et al., 2008 ). The levels of menaquinone found in L. lactis are strain-dependent and vary in response to aerobic vs. anaerobic conditions as well as culture medium, carbon source and temperature. In L. lactis MK-9 is produced as the dominating menaquinone species, but minor amounts of MK-3, MK-7, MK-8 and MK-10 are also formed (Morishita et al., 1999 ; Rezaiki et al., 2008 ; Brooijmans et al., 2009 ). One recent study show that adjusting fermentation parameters like preculture conditions, carbon source and temperature result in up to 50% increase of vitamin K2 in fermented milk (Liu et al., 2019 ). However, there are no other reports available describing how to increase strain performance or optimize conditions to elevate menaquinone content during food fermentations, neither is information on the contribution of each enzyme to the biosynthetic pathway of menaquinones in lactococci. Such knowledge could be helpful in selecting the optimal lactococci for fermentation of milk into a product with higher functional value regarding vitamin K2. Therefore, in the present study several genes of the biosynthetic pathway of menaquinones in L. lactis ssp. cremoris MG1363 were overexpressed singly or in combination to investigate their potential to raise menaquinone levels. We identify bottle-necks and key genes for biosynthesis of menaquinones in MG1363 and thereby provide a foundation for development of strains capable of higher K2-production during food | results ( 11 ), largely due to limited understanding of the regulatory mechanisms governing quinone biosynthesis. MK biosynthesis starts from chorismate and proceeds through a seven-enzyme pathway consisting of MenF, MenD, MenH, MenC, MenE, MenB, and MenI to produce DHNA. Subsequently, MenA joins DHNA and prenyl diphosphate to produce demethylmenaquinone (DMK), and MenG demethylates DMK to generate MK ( Fig. 1A ). Strategies have attempted to enhance DHNA supply by overexpressing individual enzymes ( 13 – 17 ) or the entire DHNA biosynthesis operon ( 14 , 18 ). However, these efforts often lead to inconsistent and modest increases in DHNA/MK levels despite upregulated transcription of the respective genes ( 14 , 15 ). Conflicting outcomes have also been reported across different studies; for example, overexpressing MenF or MenD enhanced MK production in some cases but not others ( 13 , 15 – 17 ). These data suggest that a regulatory network might exist to control DHNA and MK levels and buffer against genetic perturbations. While these regulations are physiologically plausible, as microbes must resist quinone overproduction to avoid oxidative stress and growth inhibition ( 4 ), the molecular mechanisms remain elusive. Fig 1 A biosensing system for quantitative detection of DHNA at picomolar concentration. ( A ) Schematic showing the menaquinone biosynthesis pathway. DHNA is the precursor of menaquinone. ( B ) Workflow of the DHNA biosensing system. L. lactis was incubated for 2 hours to allow DHNA synthesis. The cell-free supernatant was collected and mixed with L. plantarum and iron reduction reagents, including iron(III) oxide and ferrozine (FZ). L. plantarum utilizes DHNA secreted by L. lactis to reduce Fe 3+ to Fe 2+ . The resulting Fe 2+ reacts with ferrozine, producing a magenta color product whose absorbance correlates with DHNA concentration. ( C ) Calibration curve of DHNA concentration versus absorbance at 562 nm. L. plantarum was incubated with varying concentrations of exogenous DHNA. The [DHNA]-OD 562 curve was fitted to a non-linear function. The top panel shows a scanned image of the assay plate. ( D ) L. plantarum can detect DHNA secreted from varying cell densities of quinone-producing L. lactis but not from the deficient mutant. Δ menC + menC represents menC gene complementation under a constitutive promoter on a plasmid in the Δ menC background. DHNA concentrations were calculated based on the calibration curve in panel C . The top panel shows a scanned image of the assay plate. All data represent mean ± 1 s.d. for three biological replicates. Bacterial biosensing system detecting DHNA in menaquinone biosynthesis through L. lactis-L. plantarum interaction and iron reduction colorimetry. Calibration shows picomolar sensitivity (R²=0.99) with validation using wild-type and menC mutant strains. Previous studies shed light on the quinone regulatory mechanism, but a system-level understanding has not been achieved. Studies have revealed that MenD can be allosterically inhibited by DHNA in Staphylococcus aureus ( 19 ) and Mycobacterium tuberculosis ( 20 ), suggesting an end-product feedback mechanism. In addition, MenF is also known to be capable of catalyzing both forward and reverse conversion of chorismate to isochorismate ( 21 ). However, it is unclear how these individual mechanisms interact to control DHNA production. Here, we study one of the major quinone producers, Lactococcus lactis, and reveal a multi-layer mechanism regulating DHNA biosynthesis. Leveraging a novel biosensing system, we quantified DHNA concentration at picomolar sensitivity. We then synthetically perturbed enzyme levels on genetic constructs and found that DHNA concentration can be modulated by both MenF and MenD, but to different degrees. A mathematical model uncovers a two-phase regulatory pattern resulting from the interplay of reversible flux and end-product feedback inhibition, where the regulatory roles of MenF and MenD shift based on their relative expression levels. The model also predicts limited availability of the substrate chorismate, which restrains DHNA from being overproduced. These mechanisms can collectively contribute to quinone homeostasis and imply new strategies to efficiently engineer quinone production. RESULTS A biosensing system allows sensitive and quantitative DHNA detection Since DHNA is the common precursor for all MK derivatives, we sought to interrogate the regulatory mechanism of quinone biosynthesis by focusing on DHNA. To precisely measure DHNA concentration, we constructed a L. lactis mutant lacking DHNA-utilizing pathways. We knocked out menA (encodes for DHNA prenyltransferase) to prevent DHNA from being utilized for DMK and MK biosynthesis ( Fig. 1A ). In addition, we knocked out noxAB (encodes for NADH:quinone oxidoreductases) to prevent DHNA from interacting with quinone reductases ( 22 ) , which may otherwise alter DHNA redox state and interfere with DHNA quantification. We next developed a high-throughput method for quantitative DHNA detection. While previous studies mainly measured DHNA concentration with high-performance liquid chromatography (HPLC) ( 23 – 26 ), this approach requires complex sample preparation and purification processes and has a limited detection of 1 µM",,"identity rejected: best_effort guess (top candidate accepted unconditionally) | identity rejected: mapping rule best_effort_fallback is a guess, not a match"
entity,/processes/reactions/14/enzymes/2,MenH,B,corroborated by a second paper (no identifier),,,,2,False,"0.8509 (heuristic, not a probability)",Engineering <i>Lactococcus lactis</i> for Increased Vitamin K2 Production. (PMC7093718) -- introduction section | DHNA biosynthesis (menaquinone precursor) (seed_paper) -- results section,"value of fermented food, but until very recently there were no reports on optimization of dairy production or metabolic engineering of LAB strains to achieve higher menaquinone levels. Several genomes of the dominating vitamin K2 producing LAB, L. lactis have been sequenced, and putative genes encoding the enzymes for the individual steps of menaquinone biosynthesis annotated (Wegmann et al., 2007 ). In L. lactis menaquinones are synthesized from acetyl-CoA, phosphoenolpyruvate and D-erythrose-4-phosphate. The precursors are converted step by step to a hydrophobic polyprenyl diphosphate (PP) chain (mevalonate and polyprenyl pathways) and a hydrophilic naphtoquinone ring; 1,4-dihydroxy-2-napthoate (DHNA) (shikimate and menaquinone pathways). Finally, MenA, a DHNA polyprenyltransferase, joins the prenyl diphosphate and DHNA to form demethylmenaquinone ( Figure 1 ). The product of the shikimate pathway, chorismate, is also a substrate for synthesis of the essential aromatic amino acids (AAA) and folate and its production and further conversion is highly regulated (Dosselaere and Vanderleyden, 2001 ). For instance, the first enzyme of the shikimate pathway, 3-Deoxy-D-arabinoheptulosonate 7-phosphate synthase (DAHPS), is known to be feedback inhibited by AAA in diverse microorganisms (Mir et al., 2015 ) and similar regulatory events are likely to exist in lactococci. Chorismate is converted to DHNA through 7 enzymatic steps starting with isochorismate synthase (encoded by menF ). The polyprenyl diphosphate chain is synthesized from isopentenyl pyrophosphate (IPP) units formed through the mevalonate pathway. Six enzymatic steps, catalyzed by 3-ketoacyl-CoA thiolase ( thiL ), hydroxymethylglutaryl-CoA synthase ( hmcM ), hydroxymethylglutaryl-CoA reductase ( mvaA ), mevalonate kinase ( mvk ), phosphomevalonate kinase ( pmk ), and diphosphomevalonate decarboxylase ( mvaD ) are required to convert acetyl-CoA into IPP (C5). These reactions constitute the most energy- and substrate-consuming part of menaquinone synthesis as they require 3 acetyl-CoA, 3 ATP, and 1 NADPH per IPP formed. The geranyltranstransferase ( ispA ) and isopentenyl-diphosphate delta-isomerase ( fni ) then combine IPP units into FPP (farnesyl diphosphate, C15). FPP is a scaffold for further lengthening of the prenyl diphosphate chain by consecutive addition of IPP units to make the all-trans polyprenyl diphosphate (for MK-n production) or di-trans, poly-cis-undecaprenyl pyrophosphate (UPP, C55). UPP is essential for lactococci as it is a substrate for synthesis of peptidoglycan (Bouhss et al., 2008 ). In L. lactis 2 genomic loci encode possible prenyl diphosphate synthases. The gerCA ( llmg_1111 ) and ispB ( llmg_1110 ) locus encodes proteins with homology to 2-component heptaprenyl diphosphate synthases. The gene llmg_0196 is in an operon with menA (DHNA polyprenyltransferase) and encodes a putative geranylgeranyl pyrophosphate synthase. In L. lactis ssp. lactis the gene and gene product of llmg_0196 are called preA and PreA and we will hereafter employ these names also for L. lactis ssp. cremoris MG1363. Figure 1 The lactococcal biosynthetic pathways for menaquinone(s). Intermediates that are substrates for competing essential pathways are shown as branched points (chorismate and FPP). IPP, isopentenyl pyrophosphate; FPP, farnesyl pyrophosphate; UPP, undecaprenyl pyrophosphate. Menaquinones play an essential role in electron transport but are not essential for fermentative growth in L. lactis (Rezaiki et al., 2008 ). However, in the presence of heme L. lactis can produce cytochrome and a functional electron transport chain enabling respiratory growth resulting in improved growth and survival in stationary phase (Sijpesteijn, 1970 ; Duwat et al., 2001 ; Gaudu et al., 2002 ; Rezaiki et al., 2008 ; Brooijmans et al., 2009 ). In addition, menaquinones can reduce both Fe and Cu and might be important for assimilation of metals (Rezaiki et al., 2008 ). The levels of menaquinone found in L. lactis are strain-dependent and vary in response to aerobic vs. anaerobic conditions as well as culture medium, carbon source and temperature. In L. lactis MK-9 is produced as the dominating menaquinone species, but minor amounts of MK-3, MK-7, MK-8 and MK-10 are also formed (Morishita et al., 1999 ; Rezaiki et al., 2008 ; Brooijmans et al., 2009 ). One recent study show that adjusting fermentation parameters like preculture conditions, carbon source and temperature result in up to 50% increase of vitamin K2 in fermented milk (Liu et al., 2019 ). However, there are no other reports available describing how to increase strain performance or optimize conditions to elevate menaquinone content during food fermentations, neither is information on the contribution of each enzyme to the biosynthetic pathway of menaquinones in lactococci. Such knowledge could be helpful in selecting the optimal lactococci for fermentation of milk into a product with higher functional value regarding vitamin K2. Therefore, in the present study several genes of the biosynthetic pathway of menaquinones in L. lactis ssp. cremoris MG1363 were overexpressed singly or in combination to investigate their potential to raise menaquinone levels. We identify bottle-necks and key genes for biosynthesis of menaquinones in MG1363 and thereby provide a foundation for development of strains capable of higher K2-production during food | results ( 11 ), largely due to limited understanding of the regulatory mechanisms governing quinone biosynthesis. MK biosynthesis starts from chorismate and proceeds through a seven-enzyme pathway consisting of MenF, MenD, MenH, MenC, MenE, MenB, and MenI to produce DHNA. Subsequently, MenA joins DHNA and prenyl diphosphate to produce demethylmenaquinone (DMK), and MenG demethylates DMK to generate MK ( Fig. 1A ). Strategies have attempted to enhance DHNA supply by overexpressing individual enzymes ( 13 – 17 ) or the entire DHNA biosynthesis operon ( 14 , 18 ). However, these efforts often lead to inconsistent and modest increases in DHNA/MK levels despite upregulated transcription of the respective genes ( 14 , 15 ). Conflicting outcomes have also been reported across different studies; for example, overexpressing MenF or MenD enhanced MK production in some cases but not others ( 13 , 15 – 17 ). These data suggest that a regulatory network might exist to control DHNA and MK levels and buffer against genetic perturbations. While these regulations are physiologically plausible, as microbes must resist quinone overproduction to avoid oxidative stress and growth inhibition ( 4 ), the molecular mechanisms remain elusive. Fig 1 A biosensing system for quantitative detection of DHNA at picomolar concentration. ( A ) Schematic showing the menaquinone biosynthesis pathway. DHNA is the precursor of menaquinone. ( B ) Workflow of the DHNA biosensing system. L. lactis was incubated for 2 hours to allow DHNA synthesis. The cell-free supernatant was collected and mixed with L. plantarum and iron reduction reagents, including iron(III) oxide and ferrozine (FZ). L. plantarum utilizes DHNA secreted by L. lactis to reduce Fe 3+ to Fe 2+ . The resulting Fe 2+ reacts with ferrozine, producing a magenta color product whose absorbance correlates with DHNA concentration. ( C ) Calibration curve of DHNA concentration versus absorbance at 562 nm. L. plantarum was incubated with varying concentrations of exogenous DHNA. The [DHNA]-OD 562 curve was fitted to a non-linear function. The top panel shows a scanned image of the assay plate. ( D ) L. plantarum can detect DHNA secreted from varying cell densities of quinone-producing L. lactis but not from the deficient mutant. Δ menC + menC represents menC gene complementation under a constitutive promoter on a plasmid in the Δ menC background. DHNA concentrations were calculated based on the calibration curve in panel C . The top panel shows a scanned image of the assay plate. All data represent mean ± 1 s.d. for three biological replicates. Bacterial biosensing system detecting DHNA in menaquinone biosynthesis through L. lactis-L. plantarum interaction and iron reduction colorimetry. Calibration shows picomolar sensitivity (R²=0.99) with validation using wild-type and menC mutant strains. Previous studies shed light on the quinone regulatory mechanism, but a system-level understanding has not been achieved. Studies have revealed that MenD can be allosterically inhibited by DHNA in Staphylococcus aureus ( 19 ) and Mycobacterium tuberculosis ( 20 ), suggesting an end-product feedback mechanism. In addition, MenF is also known to be capable of catalyzing both forward and reverse conversion of chorismate to isochorismate ( 21 ). However, it is unclear how these individual mechanisms interact to control DHNA production. Here, we study one of the major quinone producers, Lactococcus lactis, and reveal a multi-layer mechanism regulating DHNA biosynthesis. Leveraging a novel biosensing system, we quantified DHNA concentration at picomolar sensitivity. We then synthetically perturbed enzyme levels on genetic constructs and found that DHNA concentration can be modulated by both MenF and MenD, but to different degrees. A mathematical model uncovers a two-phase regulatory pattern resulting from the interplay of reversible flux and end-product feedback inhibition, where the regulatory roles of MenF and MenD shift based on their relative expression levels. The model also predicts limited availability of the substrate chorismate, which restrains DHNA from being overproduced. These mechanisms can collectively contribute to quinone homeostasis and imply new strategies to efficiently engineer quinone production. RESULTS A biosensing system allows sensitive and quantitative DHNA detection Since DHNA is the common precursor for all MK derivatives, we sought to interrogate the regulatory mechanism of quinone biosynthesis by focusing on DHNA. To precisely measure DHNA concentration, we constructed a L. lactis mutant lacking DHNA-utilizing pathways. We knocked out menA (encodes for DHNA prenyltransferase) to prevent DHNA from being utilized for DMK and MK biosynthesis ( Fig. 1A ). In addition, we knocked out noxAB (encodes for NADH:quinone oxidoreductases) to prevent DHNA from interacting with quinone reductases ( 22 ) , which may otherwise alter DHNA redox state and interfere with DHNA quantification. We next developed a high-throughput method for quantitative DHNA detection. While previous studies mainly measured DHNA concentration with high-performance liquid chromatography (HPLC) ( 23 – 26 ), this approach requires complex sample preparation and purification processes and has a limited detection of 1 µM",,"identity rejected: best_effort guess (top candidate accepted unconditionally) | identity rejected: mapping rule best_effort_fallback is a guess, not a match"
entity,/processes/reactions/14/enzymes/3,MenC,B,corroborated by a second paper (no identifier),,,,2,False,"0.8509 (heuristic, not a probability)",Engineering <i>Lactococcus lactis</i> for Increased Vitamin K2 Production. (PMC7093718) -- introduction section | DHNA biosynthesis (menaquinone precursor) (seed_paper) -- results section,"value of fermented food, but until very recently there were no reports on optimization of dairy production or metabolic engineering of LAB strains to achieve higher menaquinone levels. Several genomes of the dominating vitamin K2 producing LAB, L. lactis have been sequenced, and putative genes encoding the enzymes for the individual steps of menaquinone biosynthesis annotated (Wegmann et al., 2007 ). In L. lactis menaquinones are synthesized from acetyl-CoA, phosphoenolpyruvate and D-erythrose-4-phosphate. The precursors are converted step by step to a hydrophobic polyprenyl diphosphate (PP) chain (mevalonate and polyprenyl pathways) and a hydrophilic naphtoquinone ring; 1,4-dihydroxy-2-napthoate (DHNA) (shikimate and menaquinone pathways). Finally, MenA, a DHNA polyprenyltransferase, joins the prenyl diphosphate and DHNA to form demethylmenaquinone ( Figure 1 ). The product of the shikimate pathway, chorismate, is also a substrate for synthesis of the essential aromatic amino acids (AAA) and folate and its production and further conversion is highly regulated (Dosselaere and Vanderleyden, 2001 ). For instance, the first enzyme of the shikimate pathway, 3-Deoxy-D-arabinoheptulosonate 7-phosphate synthase (DAHPS), is known to be feedback inhibited by AAA in diverse microorganisms (Mir et al., 2015 ) and similar regulatory events are likely to exist in lactococci. Chorismate is converted to DHNA through 7 enzymatic steps starting with isochorismate synthase (encoded by menF ). The polyprenyl diphosphate chain is synthesized from isopentenyl pyrophosphate (IPP) units formed through the mevalonate pathway. Six enzymatic steps, catalyzed by 3-ketoacyl-CoA thiolase ( thiL ), hydroxymethylglutaryl-CoA synthase ( hmcM ), hydroxymethylglutaryl-CoA reductase ( mvaA ), mevalonate kinase ( mvk ), phosphomevalonate kinase ( pmk ), and diphosphomevalonate decarboxylase ( mvaD ) are required to convert acetyl-CoA into IPP (C5). These reactions constitute the most energy- and substrate-consuming part of menaquinone synthesis as they require 3 acetyl-CoA, 3 ATP, and 1 NADPH per IPP formed. The geranyltranstransferase ( ispA ) and isopentenyl-diphosphate delta-isomerase ( fni ) then combine IPP units into FPP (farnesyl diphosphate, C15). FPP is a scaffold for further lengthening of the prenyl diphosphate chain by consecutive addition of IPP units to make the all-trans polyprenyl diphosphate (for MK-n production) or di-trans, poly-cis-undecaprenyl pyrophosphate (UPP, C55). UPP is essential for lactococci as it is a substrate for synthesis of peptidoglycan (Bouhss et al., 2008 ). In L. lactis 2 genomic loci encode possible prenyl diphosphate synthases. The gerCA ( llmg_1111 ) and ispB ( llmg_1110 ) locus encodes proteins with homology to 2-component heptaprenyl diphosphate synthases. The gene llmg_0196 is in an operon with menA (DHNA polyprenyltransferase) and encodes a putative geranylgeranyl pyrophosphate synthase. In L. lactis ssp. lactis the gene and gene product of llmg_0196 are called preA and PreA and we will hereafter employ these names also for L. lactis ssp. cremoris MG1363. Figure 1 The lactococcal biosynthetic pathways for menaquinone(s). Intermediates that are substrates for competing essential pathways are shown as branched points (chorismate and FPP). IPP, isopentenyl pyrophosphate; FPP, farnesyl pyrophosphate; UPP, undecaprenyl pyrophosphate. Menaquinones play an essential role in electron transport but are not essential for fermentative growth in L. lactis (Rezaiki et al., 2008 ). However, in the presence of heme L. lactis can produce cytochrome and a functional electron transport chain enabling respiratory growth resulting in improved growth and survival in stationary phase (Sijpesteijn, 1970 ; Duwat et al., 2001 ; Gaudu et al., 2002 ; Rezaiki et al., 2008 ; Brooijmans et al., 2009 ). In addition, menaquinones can reduce both Fe and Cu and might be important for assimilation of metals (Rezaiki et al., 2008 ). The levels of menaquinone found in L. lactis are strain-dependent and vary in response to aerobic vs. anaerobic conditions as well as culture medium, carbon source and temperature. In L. lactis MK-9 is produced as the dominating menaquinone species, but minor amounts of MK-3, MK-7, MK-8 and MK-10 are also formed (Morishita et al., 1999 ; Rezaiki et al., 2008 ; Brooijmans et al., 2009 ). One recent study show that adjusting fermentation parameters like preculture conditions, carbon source and temperature result in up to 50% increase of vitamin K2 in fermented milk (Liu et al., 2019 ). However, there are no other reports available describing how to increase strain performance or optimize conditions to elevate menaquinone content during food fermentations, neither is information on the contribution of each enzyme to the biosynthetic pathway of menaquinones in lactococci. Such knowledge could be helpful in selecting the optimal lactococci for fermentation of milk into a product with higher functional value regarding vitamin K2. Therefore, in the present study several genes of the biosynthetic pathway of menaquinones in L. lactis ssp. cremoris MG1363 were overexpressed singly or in combination to investigate their potential to raise menaquinone levels. We identify bottle-necks and key genes for biosynthesis of menaquinones in MG1363 and thereby provide a foundation for development of strains capable of higher K2-production during food | results ( 11 ), largely due to limited understanding of the regulatory mechanisms governing quinone biosynthesis. MK biosynthesis starts from chorismate and proceeds through a seven-enzyme pathway consisting of MenF, MenD, MenH, MenC, MenE, MenB, and MenI to produce DHNA. Subsequently, MenA joins DHNA and prenyl diphosphate to produce demethylmenaquinone (DMK), and MenG demethylates DMK to generate MK ( Fig. 1A ). Strategies have attempted to enhance DHNA supply by overexpressing individual enzymes ( 13 – 17 ) or the entire DHNA biosynthesis operon ( 14 , 18 ). However, these efforts often lead to inconsistent and modest increases in DHNA/MK levels despite upregulated transcription of the respective genes ( 14 , 15 ). Conflicting outcomes have also been reported across different studies; for example, overexpressing MenF or MenD enhanced MK production in some cases but not others ( 13 , 15 – 17 ). These data suggest that a regulatory network might exist to control DHNA and MK levels and buffer against genetic perturbations. While these regulations are physiologically plausible, as microbes must resist quinone overproduction to avoid oxidative stress and growth inhibition ( 4 ), the molecular mechanisms remain elusive. Fig 1 A biosensing system for quantitative detection of DHNA at picomolar concentration. ( A ) Schematic showing the menaquinone biosynthesis pathway. DHNA is the precursor of menaquinone. ( B ) Workflow of the DHNA biosensing system. L. lactis was incubated for 2 hours to allow DHNA synthesis. The cell-free supernatant was collected and mixed with L. plantarum and iron reduction reagents, including iron(III) oxide and ferrozine (FZ). L. plantarum utilizes DHNA secreted by L. lactis to reduce Fe 3+ to Fe 2+ . The resulting Fe 2+ reacts with ferrozine, producing a magenta color product whose absorbance correlates with DHNA concentration. ( C ) Calibration curve of DHNA concentration versus absorbance at 562 nm. L. plantarum was incubated with varying concentrations of exogenous DHNA. The [DHNA]-OD 562 curve was fitted to a non-linear function. The top panel shows a scanned image of the assay plate. ( D ) L. plantarum can detect DHNA secreted from varying cell densities of quinone-producing L. lactis but not from the deficient mutant. Δ menC + menC represents menC gene complementation under a constitutive promoter on a plasmid in the Δ menC background. DHNA concentrations were calculated based on the calibration curve in panel C . The top panel shows a scanned image of the assay plate. All data represent mean ± 1 s.d. for three biological replicates. Bacterial biosensing system detecting DHNA in menaquinone biosynthesis through L. lactis-L. plantarum interaction and iron reduction colorimetry. Calibration shows picomolar sensitivity (R²=0.99) with validation using wild-type and menC mutant strains. Previous studies shed light on the quinone regulatory mechanism, but a system-level understanding has not been achieved. Studies have revealed that MenD can be allosterically inhibited by DHNA in Staphylococcus aureus ( 19 ) and Mycobacterium tuberculosis ( 20 ), suggesting an end-product feedback mechanism. In addition, MenF is also known to be capable of catalyzing both forward and reverse conversion of chorismate to isochorismate ( 21 ). However, it is unclear how these individual mechanisms interact to control DHNA production. Here, we study one of the major quinone producers, Lactococcus lactis, and reveal a multi-layer mechanism regulating DHNA biosynthesis. Leveraging a novel biosensing system, we quantified DHNA concentration at picomolar sensitivity. We then synthetically perturbed enzyme levels on genetic constructs and found that DHNA concentration can be modulated by both MenF and MenD, but to different degrees. A mathematical model uncovers a two-phase regulatory pattern resulting from the interplay of reversible flux and end-product feedback inhibition, where the regulatory roles of MenF and MenD shift based on their relative expression levels. The model also predicts limited availability of the substrate chorismate, which restrains DHNA from being overproduced. These mechanisms can collectively contribute to quinone homeostasis and imply new strategies to efficiently engineer quinone production. RESULTS A biosensing system allows sensitive and quantitative DHNA detection Since DHNA is the common precursor for all MK derivatives, we sought to interrogate the regulatory mechanism of quinone biosynthesis by focusing on DHNA. To precisely measure DHNA concentration, we constructed a L. lactis mutant lacking DHNA-utilizing pathways. We knocked out menA (encodes for DHNA prenyltransferase) to prevent DHNA from being utilized for DMK and MK biosynthesis ( Fig. 1A ). In addition, we knocked out noxAB (encodes for NADH:quinone oxidoreductases) to prevent DHNA from interacting with quinone reductases ( 22 ) , which may otherwise alter DHNA redox state and interfere with DHNA quantification. We next developed a high-throughput method for quantitative DHNA detection. While previous studies mainly measured DHNA concentration with high-performance liquid chromatography (HPLC) ( 23 – 26 ), this approach requires complex sample preparation and purification processes and has a limited detection of 1 µM",,"identity rejected: best_effort guess (top candidate accepted unconditionally) | identity rejected: mapping rule best_effort_fallback is a guess, not a match"
entity,/processes/reactions/14/enzymes/4,MenE,B,corroborated by a second paper (no identifier),,,,2,False,"0.8509 (heuristic, not a probability)",Engineering <i>Lactococcus lactis</i> for Increased Vitamin K2 Production. (PMC7093718) -- introduction section | DHNA biosynthesis (menaquinone precursor) (seed_paper) -- results section,"value of fermented food, but until very recently there were no reports on optimization of dairy production or metabolic engineering of LAB strains to achieve higher menaquinone levels. Several genomes of the dominating vitamin K2 producing LAB, L. lactis have been sequenced, and putative genes encoding the enzymes for the individual steps of menaquinone biosynthesis annotated (Wegmann et al., 2007 ). In L. lactis menaquinones are synthesized from acetyl-CoA, phosphoenolpyruvate and D-erythrose-4-phosphate. The precursors are converted step by step to a hydrophobic polyprenyl diphosphate (PP) chain (mevalonate and polyprenyl pathways) and a hydrophilic naphtoquinone ring; 1,4-dihydroxy-2-napthoate (DHNA) (shikimate and menaquinone pathways). Finally, MenA, a DHNA polyprenyltransferase, joins the prenyl diphosphate and DHNA to form demethylmenaquinone ( Figure 1 ). The product of the shikimate pathway, chorismate, is also a substrate for synthesis of the essential aromatic amino acids (AAA) and folate and its production and further conversion is highly regulated (Dosselaere and Vanderleyden, 2001 ). For instance, the first enzyme of the shikimate pathway, 3-Deoxy-D-arabinoheptulosonate 7-phosphate synthase (DAHPS), is known to be feedback inhibited by AAA in diverse microorganisms (Mir et al., 2015 ) and similar regulatory events are likely to exist in lactococci. Chorismate is converted to DHNA through 7 enzymatic steps starting with isochorismate synthase (encoded by menF ). The polyprenyl diphosphate chain is synthesized from isopentenyl pyrophosphate (IPP) units formed through the mevalonate pathway. Six enzymatic steps, catalyzed by 3-ketoacyl-CoA thiolase ( thiL ), hydroxymethylglutaryl-CoA synthase ( hmcM ), hydroxymethylglutaryl-CoA reductase ( mvaA ), mevalonate kinase ( mvk ), phosphomevalonate kinase ( pmk ), and diphosphomevalonate decarboxylase ( mvaD ) are required to convert acetyl-CoA into IPP (C5). These reactions constitute the most energy- and substrate-consuming part of menaquinone synthesis as they require 3 acetyl-CoA, 3 ATP, and 1 NADPH per IPP formed. The geranyltranstransferase ( ispA ) and isopentenyl-diphosphate delta-isomerase ( fni ) then combine IPP units into FPP (farnesyl diphosphate, C15). FPP is a scaffold for further lengthening of the prenyl diphosphate chain by consecutive addition of IPP units to make the all-trans polyprenyl diphosphate (for MK-n production) or di-trans, poly-cis-undecaprenyl pyrophosphate (UPP, C55). UPP is essential for lactococci as it is a substrate for synthesis of peptidoglycan (Bouhss et al., 2008 ). In L. lactis 2 genomic loci encode possible prenyl diphosphate synthases. The gerCA ( llmg_1111 ) and ispB ( llmg_1110 ) locus encodes proteins with homology to 2-component heptaprenyl diphosphate synthases. The gene llmg_0196 is in an operon with menA (DHNA polyprenyltransferase) and encodes a putative geranylgeranyl pyrophosphate synthase. In L. lactis ssp. lactis the gene and gene product of llmg_0196 are called preA and PreA and we will hereafter employ these names also for L. lactis ssp. cremoris MG1363. Figure 1 The lactococcal biosynthetic pathways for menaquinone(s). Intermediates that are substrates for competing essential pathways are shown as branched points (chorismate and FPP). IPP, isopentenyl pyrophosphate; FPP, farnesyl pyrophosphate; UPP, undecaprenyl pyrophosphate. Menaquinones play an essential role in electron transport but are not essential for fermentative growth in L. lactis (Rezaiki et al., 2008 ). However, in the presence of heme L. lactis can produce cytochrome and a functional electron transport chain enabling respiratory growth resulting in improved growth and survival in stationary phase (Sijpesteijn, 1970 ; Duwat et al., 2001 ; Gaudu et al., 2002 ; Rezaiki et al., 2008 ; Brooijmans et al., 2009 ). In addition, menaquinones can reduce both Fe and Cu and might be important for assimilation of metals (Rezaiki et al., 2008 ). The levels of menaquinone found in L. lactis are strain-dependent and vary in response to aerobic vs. anaerobic conditions as well as culture medium, carbon source and temperature. In L. lactis MK-9 is produced as the dominating menaquinone species, but minor amounts of MK-3, MK-7, MK-8 and MK-10 are also formed (Morishita et al., 1999 ; Rezaiki et al., 2008 ; Brooijmans et al., 2009 ). One recent study show that adjusting fermentation parameters like preculture conditions, carbon source and temperature result in up to 50% increase of vitamin K2 in fermented milk (Liu et al., 2019 ). However, there are no other reports available describing how to increase strain performance or optimize conditions to elevate menaquinone content during food fermentations, neither is information on the contribution of each enzyme to the biosynthetic pathway of menaquinones in lactococci. Such knowledge could be helpful in selecting the optimal lactococci for fermentation of milk into a product with higher functional value regarding vitamin K2. Therefore, in the present study several genes of the biosynthetic pathway of menaquinones in L. lactis ssp. cremoris MG1363 were overexpressed singly or in combination to investigate their potential to raise menaquinone levels. We identify bottle-necks and key genes for biosynthesis of menaquinones in MG1363 and thereby provide a foundation for development of strains capable of higher K2-production during food | results ( 11 ), largely due to limited understanding of the regulatory mechanisms governing quinone biosynthesis. MK biosynthesis starts from chorismate and proceeds through a seven-enzyme pathway consisting of MenF, MenD, MenH, MenC, MenE, MenB, and MenI to produce DHNA. Subsequently, MenA joins DHNA and prenyl diphosphate to produce demethylmenaquinone (DMK), and MenG demethylates DMK to generate MK ( Fig. 1A ). Strategies have attempted to enhance DHNA supply by overexpressing individual enzymes ( 13 – 17 ) or the entire DHNA biosynthesis operon ( 14 , 18 ). However, these efforts often lead to inconsistent and modest increases in DHNA/MK levels despite upregulated transcription of the respective genes ( 14 , 15 ). Conflicting outcomes have also been reported across different studies; for example, overexpressing MenF or MenD enhanced MK production in some cases but not others ( 13 , 15 – 17 ). These data suggest that a regulatory network might exist to control DHNA and MK levels and buffer against genetic perturbations. While these regulations are physiologically plausible, as microbes must resist quinone overproduction to avoid oxidative stress and growth inhibition ( 4 ), the molecular mechanisms remain elusive. Fig 1 A biosensing system for quantitative detection of DHNA at picomolar concentration. ( A ) Schematic showing the menaquinone biosynthesis pathway. DHNA is the precursor of menaquinone. ( B ) Workflow of the DHNA biosensing system. L. lactis was incubated for 2 hours to allow DHNA synthesis. The cell-free supernatant was collected and mixed with L. plantarum and iron reduction reagents, including iron(III) oxide and ferrozine (FZ). L. plantarum utilizes DHNA secreted by L. lactis to reduce Fe 3+ to Fe 2+ . The resulting Fe 2+ reacts with ferrozine, producing a magenta color product whose absorbance correlates with DHNA concentration. ( C ) Calibration curve of DHNA concentration versus absorbance at 562 nm. L. plantarum was incubated with varying concentrations of exogenous DHNA. The [DHNA]-OD 562 curve was fitted to a non-linear function. The top panel shows a scanned image of the assay plate. ( D ) L. plantarum can detect DHNA secreted from varying cell densities of quinone-producing L. lactis but not from the deficient mutant. Δ menC + menC represents menC gene complementation under a constitutive promoter on a plasmid in the Δ menC background. DHNA concentrations were calculated based on the calibration curve in panel C . The top panel shows a scanned image of the assay plate. All data represent mean ± 1 s.d. for three biological replicates. Bacterial biosensing system detecting DHNA in menaquinone biosynthesis through L. lactis-L. plantarum interaction and iron reduction colorimetry. Calibration shows picomolar sensitivity (R²=0.99) with validation using wild-type and menC mutant strains. Previous studies shed light on the quinone regulatory mechanism, but a system-level understanding has not been achieved. Studies have revealed that MenD can be allosterically inhibited by DHNA in Staphylococcus aureus ( 19 ) and Mycobacterium tuberculosis ( 20 ), suggesting an end-product feedback mechanism. In addition, MenF is also known to be capable of catalyzing both forward and reverse conversion of chorismate to isochorismate ( 21 ). However, it is unclear how these individual mechanisms interact to control DHNA production. Here, we study one of the major quinone producers, Lactococcus lactis, and reveal a multi-layer mechanism regulating DHNA biosynthesis. Leveraging a novel biosensing system, we quantified DHNA concentration at picomolar sensitivity. We then synthetically perturbed enzyme levels on genetic constructs and found that DHNA concentration can be modulated by both MenF and MenD, but to different degrees. A mathematical model uncovers a two-phase regulatory pattern resulting from the interplay of reversible flux and end-product feedback inhibition, where the regulatory roles of MenF and MenD shift based on their relative expression levels. The model also predicts limited availability of the substrate chorismate, which restrains DHNA from being overproduced. These mechanisms can collectively contribute to quinone homeostasis and imply new strategies to efficiently engineer quinone production. RESULTS A biosensing system allows sensitive and quantitative DHNA detection Since DHNA is the common precursor for all MK derivatives, we sought to interrogate the regulatory mechanism of quinone biosynthesis by focusing on DHNA. To precisely measure DHNA concentration, we constructed a L. lactis mutant lacking DHNA-utilizing pathways. We knocked out menA (encodes for DHNA prenyltransferase) to prevent DHNA from being utilized for DMK and MK biosynthesis ( Fig. 1A ). In addition, we knocked out noxAB (encodes for NADH:quinone oxidoreductases) to prevent DHNA from interacting with quinone reductases ( 22 ) , which may otherwise alter DHNA redox state and interfere with DHNA quantification. We next developed a high-throughput method for quantitative DHNA detection. While previous studies mainly measured DHNA concentration with high-performance liquid chromatography (HPLC) ( 23 – 26 ), this approach requires complex sample preparation and purification processes and has a limited detection of 1 µM",,"identity rejected: best_effort guess (top candidate accepted unconditionally) | identity rejected: mapping rule best_effort_fallback is a guess, not a match"
entity,/processes/reactions/14/enzymes/5,MenB,B,corroborated by a second paper (no identifier),,,,2,False,"0.8509 (heuristic, not a probability)",Engineering <i>Lactococcus lactis</i> for Increased Vitamin K2 Production. (PMC7093718) -- introduction section | DHNA biosynthesis (menaquinone precursor) (seed_paper) -- results section,"value of fermented food, but until very recently there were no reports on optimization of dairy production or metabolic engineering of LAB strains to achieve higher menaquinone levels. Several genomes of the dominating vitamin K2 producing LAB, L. lactis have been sequenced, and putative genes encoding the enzymes for the individual steps of menaquinone biosynthesis annotated (Wegmann et al., 2007 ). In L. lactis menaquinones are synthesized from acetyl-CoA, phosphoenolpyruvate and D-erythrose-4-phosphate. The precursors are converted step by step to a hydrophobic polyprenyl diphosphate (PP) chain (mevalonate and polyprenyl pathways) and a hydrophilic naphtoquinone ring; 1,4-dihydroxy-2-napthoate (DHNA) (shikimate and menaquinone pathways). Finally, MenA, a DHNA polyprenyltransferase, joins the prenyl diphosphate and DHNA to form demethylmenaquinone ( Figure 1 ). The product of the shikimate pathway, chorismate, is also a substrate for synthesis of the essential aromatic amino acids (AAA) and folate and its production and further conversion is highly regulated (Dosselaere and Vanderleyden, 2001 ). For instance, the first enzyme of the shikimate pathway, 3-Deoxy-D-arabinoheptulosonate 7-phosphate synthase (DAHPS), is known to be feedback inhibited by AAA in diverse microorganisms (Mir et al., 2015 ) and similar regulatory events are likely to exist in lactococci. Chorismate is converted to DHNA through 7 enzymatic steps starting with isochorismate synthase (encoded by menF ). The polyprenyl diphosphate chain is synthesized from isopentenyl pyrophosphate (IPP) units formed through the mevalonate pathway. Six enzymatic steps, catalyzed by 3-ketoacyl-CoA thiolase ( thiL ), hydroxymethylglutaryl-CoA synthase ( hmcM ), hydroxymethylglutaryl-CoA reductase ( mvaA ), mevalonate kinase ( mvk ), phosphomevalonate kinase ( pmk ), and diphosphomevalonate decarboxylase ( mvaD ) are required to convert acetyl-CoA into IPP (C5). These reactions constitute the most energy- and substrate-consuming part of menaquinone synthesis as they require 3 acetyl-CoA, 3 ATP, and 1 NADPH per IPP formed. The geranyltranstransferase ( ispA ) and isopentenyl-diphosphate delta-isomerase ( fni ) then combine IPP units into FPP (farnesyl diphosphate, C15). FPP is a scaffold for further lengthening of the prenyl diphosphate chain by consecutive addition of IPP units to make the all-trans polyprenyl diphosphate (for MK-n production) or di-trans, poly-cis-undecaprenyl pyrophosphate (UPP, C55). UPP is essential for lactococci as it is a substrate for synthesis of peptidoglycan (Bouhss et al., 2008 ). In L. lactis 2 genomic loci encode possible prenyl diphosphate synthases. The gerCA ( llmg_1111 ) and ispB ( llmg_1110 ) locus encodes proteins with homology to 2-component heptaprenyl diphosphate synthases. The gene llmg_0196 is in an operon with menA (DHNA polyprenyltransferase) and encodes a putative geranylgeranyl pyrophosphate synthase. In L. lactis ssp. lactis the gene and gene product of llmg_0196 are called preA and PreA and we will hereafter employ these names also for L. lactis ssp. cremoris MG1363. Figure 1 The lactococcal biosynthetic pathways for menaquinone(s). Intermediates that are substrates for competing essential pathways are shown as branched points (chorismate and FPP). IPP, isopentenyl pyrophosphate; FPP, farnesyl pyrophosphate; UPP, undecaprenyl pyrophosphate. Menaquinones play an essential role in electron transport but are not essential for fermentative growth in L. lactis (Rezaiki et al., 2008 ). However, in the presence of heme L. lactis can produce cytochrome and a functional electron transport chain enabling respiratory growth resulting in improved growth and survival in stationary phase (Sijpesteijn, 1970 ; Duwat et al., 2001 ; Gaudu et al., 2002 ; Rezaiki et al., 2008 ; Brooijmans et al., 2009 ). In addition, menaquinones can reduce both Fe and Cu and might be important for assimilation of metals (Rezaiki et al., 2008 ). The levels of menaquinone found in L. lactis are strain-dependent and vary in response to aerobic vs. anaerobic conditions as well as culture medium, carbon source and temperature. In L. lactis MK-9 is produced as the dominating menaquinone species, but minor amounts of MK-3, MK-7, MK-8 and MK-10 are also formed (Morishita et al., 1999 ; Rezaiki et al., 2008 ; Brooijmans et al., 2009 ). One recent study show that adjusting fermentation parameters like preculture conditions, carbon source and temperature result in up to 50% increase of vitamin K2 in fermented milk (Liu et al., 2019 ). However, there are no other reports available describing how to increase strain performance or optimize conditions to elevate menaquinone content during food fermentations, neither is information on the contribution of each enzyme to the biosynthetic pathway of menaquinones in lactococci. Such knowledge could be helpful in selecting the optimal lactococci for fermentation of milk into a product with higher functional value regarding vitamin K2. Therefore, in the present study several genes of the biosynthetic pathway of menaquinones in L. lactis ssp. cremoris MG1363 were overexpressed singly or in combination to investigate their potential to raise menaquinone levels. We identify bottle-necks and key genes for biosynthesis of menaquinones in MG1363 and thereby provide a foundation for development of strains capable of higher K2-production during food | results ( 11 ), largely due to limited understanding of the regulatory mechanisms governing quinone biosynthesis. MK biosynthesis starts from chorismate and proceeds through a seven-enzyme pathway consisting of MenF, MenD, MenH, MenC, MenE, MenB, and MenI to produce DHNA. Subsequently, MenA joins DHNA and prenyl diphosphate to produce demethylmenaquinone (DMK), and MenG demethylates DMK to generate MK ( Fig. 1A ). Strategies have attempted to enhance DHNA supply by overexpressing individual enzymes ( 13 – 17 ) or the entire DHNA biosynthesis operon ( 14 , 18 ). However, these efforts often lead to inconsistent and modest increases in DHNA/MK levels despite upregulated transcription of the respective genes ( 14 , 15 ). Conflicting outcomes have also been reported across different studies; for example, overexpressing MenF or MenD enhanced MK production in some cases but not others ( 13 , 15 – 17 ). These data suggest that a regulatory network might exist to control DHNA and MK levels and buffer against genetic perturbations. While these regulations are physiologically plausible, as microbes must resist quinone overproduction to avoid oxidative stress and growth inhibition ( 4 ), the molecular mechanisms remain elusive. Fig 1 A biosensing system for quantitative detection of DHNA at picomolar concentration. ( A ) Schematic showing the menaquinone biosynthesis pathway. DHNA is the precursor of menaquinone. ( B ) Workflow of the DHNA biosensing system. L. lactis was incubated for 2 hours to allow DHNA synthesis. The cell-free supernatant was collected and mixed with L. plantarum and iron reduction reagents, including iron(III) oxide and ferrozine (FZ). L. plantarum utilizes DHNA secreted by L. lactis to reduce Fe 3+ to Fe 2+ . The resulting Fe 2+ reacts with ferrozine, producing a magenta color product whose absorbance correlates with DHNA concentration. ( C ) Calibration curve of DHNA concentration versus absorbance at 562 nm. L. plantarum was incubated with varying concentrations of exogenous DHNA. The [DHNA]-OD 562 curve was fitted to a non-linear function. The top panel shows a scanned image of the assay plate. ( D ) L. plantarum can detect DHNA secreted from varying cell densities of quinone-producing L. lactis but not from the deficient mutant. Δ menC + menC represents menC gene complementation under a constitutive promoter on a plasmid in the Δ menC background. DHNA concentrations were calculated based on the calibration curve in panel C . The top panel shows a scanned image of the assay plate. All data represent mean ± 1 s.d. for three biological replicates. Bacterial biosensing system detecting DHNA in menaquinone biosynthesis through L. lactis-L. plantarum interaction and iron reduction colorimetry. Calibration shows picomolar sensitivity (R²=0.99) with validation using wild-type and menC mutant strains. Previous studies shed light on the quinone regulatory mechanism, but a system-level understanding has not been achieved. Studies have revealed that MenD can be allosterically inhibited by DHNA in Staphylococcus aureus ( 19 ) and Mycobacterium tuberculosis ( 20 ), suggesting an end-product feedback mechanism. In addition, MenF is also known to be capable of catalyzing both forward and reverse conversion of chorismate to isochorismate ( 21 ). However, it is unclear how these individual mechanisms interact to control DHNA production. Here, we study one of the major quinone producers, Lactococcus lactis, and reveal a multi-layer mechanism regulating DHNA biosynthesis. Leveraging a novel biosensing system, we quantified DHNA concentration at picomolar sensitivity. We then synthetically perturbed enzyme levels on genetic constructs and found that DHNA concentration can be modulated by both MenF and MenD, but to different degrees. A mathematical model uncovers a two-phase regulatory pattern resulting from the interplay of reversible flux and end-product feedback inhibition, where the regulatory roles of MenF and MenD shift based on their relative expression levels. The model also predicts limited availability of the substrate chorismate, which restrains DHNA from being overproduced. These mechanisms can collectively contribute to quinone homeostasis and imply new strategies to efficiently engineer quinone production. RESULTS A biosensing system allows sensitive and quantitative DHNA detection Since DHNA is the common precursor for all MK derivatives, we sought to interrogate the regulatory mechanism of quinone biosynthesis by focusing on DHNA. To precisely measure DHNA concentration, we constructed a L. lactis mutant lacking DHNA-utilizing pathways. We knocked out menA (encodes for DHNA prenyltransferase) to prevent DHNA from being utilized for DMK and MK biosynthesis ( Fig. 1A ). In addition, we knocked out noxAB (encodes for NADH:quinone oxidoreductases) to prevent DHNA from interacting with quinone reductases ( 22 ) , which may otherwise alter DHNA redox state and interfere with DHNA quantification. We next developed a high-throughput method for quantitative DHNA detection. While previous studies mainly measured DHNA concentration with high-performance liquid chromatography (HPLC) ( 23 – 26 ), this approach requires complex sample preparation and purification processes and has a limited detection of 1 µM",,"identity rejected: best_effort guess (top candidate accepted unconditionally) | identity rejected: mapping rule best_effort_fallback is a guess, not a match"
entity,/processes/reactions/14/enzymes/6,MenI,B,corroborated by a second paper (no identifier),,,,2,False,"0.8509 (heuristic, not a probability)",Engineering <i>Lactococcus lactis</i> for Increased Vitamin K2 Production. (PMC7093718) -- introduction section | DHNA biosynthesis (menaquinone precursor) (seed_paper) -- results section,"value of fermented food, but until very recently there were no reports on optimization of dairy production or metabolic engineering of LAB strains to achieve higher menaquinone levels. Several genomes of the dominating vitamin K2 producing LAB, L. lactis have been sequenced, and putative genes encoding the enzymes for the individual steps of menaquinone biosynthesis annotated (Wegmann et al., 2007 ). In L. lactis menaquinones are synthesized from acetyl-CoA, phosphoenolpyruvate and D-erythrose-4-phosphate. The precursors are converted step by step to a hydrophobic polyprenyl diphosphate (PP) chain (mevalonate and polyprenyl pathways) and a hydrophilic naphtoquinone ring; 1,4-dihydroxy-2-napthoate (DHNA) (shikimate and menaquinone pathways). Finally, MenA, a DHNA polyprenyltransferase, joins the prenyl diphosphate and DHNA to form demethylmenaquinone ( Figure 1 ). The product of the shikimate pathway, chorismate, is also a substrate for synthesis of the essential aromatic amino acids (AAA) and folate and its production and further conversion is highly regulated (Dosselaere and Vanderleyden, 2001 ). For instance, the first enzyme of the shikimate pathway, 3-Deoxy-D-arabinoheptulosonate 7-phosphate synthase (DAHPS), is known to be feedback inhibited by AAA in diverse microorganisms (Mir et al., 2015 ) and similar regulatory events are likely to exist in lactococci. Chorismate is converted to DHNA through 7 enzymatic steps starting with isochorismate synthase (encoded by menF ). The polyprenyl diphosphate chain is synthesized from isopentenyl pyrophosphate (IPP) units formed through the mevalonate pathway. Six enzymatic steps, catalyzed by 3-ketoacyl-CoA thiolase ( thiL ), hydroxymethylglutaryl-CoA synthase ( hmcM ), hydroxymethylglutaryl-CoA reductase ( mvaA ), mevalonate kinase ( mvk ), phosphomevalonate kinase ( pmk ), and diphosphomevalonate decarboxylase ( mvaD ) are required to convert acetyl-CoA into IPP (C5). These reactions constitute the most energy- and substrate-consuming part of menaquinone synthesis as they require 3 acetyl-CoA, 3 ATP, and 1 NADPH per IPP formed. The geranyltranstransferase ( ispA ) and isopentenyl-diphosphate delta-isomerase ( fni ) then combine IPP units into FPP (farnesyl diphosphate, C15). FPP is a scaffold for further lengthening of the prenyl diphosphate chain by consecutive addition of IPP units to make the all-trans polyprenyl diphosphate (for MK-n production) or di-trans, poly-cis-undecaprenyl pyrophosphate (UPP, C55). UPP is essential for lactococci as it is a substrate for synthesis of peptidoglycan (Bouhss et al., 2008 ). In L. lactis 2 genomic loci encode possible prenyl diphosphate synthases. The gerCA ( llmg_1111 ) and ispB ( llmg_1110 ) locus encodes proteins with homology to 2-component heptaprenyl diphosphate synthases. The gene llmg_0196 is in an operon with menA (DHNA polyprenyltransferase) and encodes a putative geranylgeranyl pyrophosphate synthase. In L. lactis ssp. lactis the gene and gene product of llmg_0196 are called preA and PreA and we will hereafter employ these names also for L. lactis ssp. cremoris MG1363. Figure 1 The lactococcal biosynthetic pathways for menaquinone(s). Intermediates that are substrates for competing essential pathways are shown as branched points (chorismate and FPP). IPP, isopentenyl pyrophosphate; FPP, farnesyl pyrophosphate; UPP, undecaprenyl pyrophosphate. Menaquinones play an essential role in electron transport but are not essential for fermentative growth in L. lactis (Rezaiki et al., 2008 ). However, in the presence of heme L. lactis can produce cytochrome and a functional electron transport chain enabling respiratory growth resulting in improved growth and survival in stationary phase (Sijpesteijn, 1970 ; Duwat et al., 2001 ; Gaudu et al., 2002 ; Rezaiki et al., 2008 ; Brooijmans et al., 2009 ). In addition, menaquinones can reduce both Fe and Cu and might be important for assimilation of metals (Rezaiki et al., 2008 ). The levels of menaquinone found in L. lactis are strain-dependent and vary in response to aerobic vs. anaerobic conditions as well as culture medium, carbon source and temperature. In L. lactis MK-9 is produced as the dominating menaquinone species, but minor amounts of MK-3, MK-7, MK-8 and MK-10 are also formed (Morishita et al., 1999 ; Rezaiki et al., 2008 ; Brooijmans et al., 2009 ). One recent study show that adjusting fermentation parameters like preculture conditions, carbon source and temperature result in up to 50% increase of vitamin K2 in fermented milk (Liu et al., 2019 ). However, there are no other reports available describing how to increase strain performance or optimize conditions to elevate menaquinone content during food fermentations, neither is information on the contribution of each enzyme to the biosynthetic pathway of menaquinones in lactococci. Such knowledge could be helpful in selecting the optimal lactococci for fermentation of milk into a product with higher functional value regarding vitamin K2. Therefore, in the present study several genes of the biosynthetic pathway of menaquinones in L. lactis ssp. cremoris MG1363 were overexpressed singly or in combination to investigate their potential to raise menaquinone levels. We identify bottle-necks and key genes for biosynthesis of menaquinones in MG1363 and thereby provide a foundation for development of strains capable of higher K2-production during food | results ( 11 ), largely due to limited understanding of the regulatory mechanisms governing quinone biosynthesis. MK biosynthesis starts from chorismate and proceeds through a seven-enzyme pathway consisting of MenF, MenD, MenH, MenC, MenE, MenB, and MenI to produce DHNA. Subsequently, MenA joins DHNA and prenyl diphosphate to produce demethylmenaquinone (DMK), and MenG demethylates DMK to generate MK ( Fig. 1A ). Strategies have attempted to enhance DHNA supply by overexpressing individual enzymes ( 13 – 17 ) or the entire DHNA biosynthesis operon ( 14 , 18 ). However, these efforts often lead to inconsistent and modest increases in DHNA/MK levels despite upregulated transcription of the respective genes ( 14 , 15 ). Conflicting outcomes have also been reported across different studies; for example, overexpressing MenF or MenD enhanced MK production in some cases but not others ( 13 , 15 – 17 ). These data suggest that a regulatory network might exist to control DHNA and MK levels and buffer against genetic perturbations. While these regulations are physiologically plausible, as microbes must resist quinone overproduction to avoid oxidative stress and growth inhibition ( 4 ), the molecular mechanisms remain elusive. Fig 1 A biosensing system for quantitative detection of DHNA at picomolar concentration. ( A ) Schematic showing the menaquinone biosynthesis pathway. DHNA is the precursor of menaquinone. ( B ) Workflow of the DHNA biosensing system. L. lactis was incubated for 2 hours to allow DHNA synthesis. The cell-free supernatant was collected and mixed with L. plantarum and iron reduction reagents, including iron(III) oxide and ferrozine (FZ). L. plantarum utilizes DHNA secreted by L. lactis to reduce Fe 3+ to Fe 2+ . The resulting Fe 2+ reacts with ferrozine, producing a magenta color product whose absorbance correlates with DHNA concentration. ( C ) Calibration curve of DHNA concentration versus absorbance at 562 nm. L. plantarum was incubated with varying concentrations of exogenous DHNA. The [DHNA]-OD 562 curve was fitted to a non-linear function. The top panel shows a scanned image of the assay plate. ( D ) L. plantarum can detect DHNA secreted from varying cell densities of quinone-producing L. lactis but not from the deficient mutant. Δ menC + menC represents menC gene complementation under a constitutive promoter on a plasmid in the Δ menC background. DHNA concentrations were calculated based on the calibration curve in panel C . The top panel shows a scanned image of the assay plate. All data represent mean ± 1 s.d. for three biological replicates. Bacterial biosensing system detecting DHNA in menaquinone biosynthesis through L. lactis-L. plantarum interaction and iron reduction colorimetry. Calibration shows picomolar sensitivity (R²=0.99) with validation using wild-type and menC mutant strains. Previous studies shed light on the quinone regulatory mechanism, but a system-level understanding has not been achieved. Studies have revealed that MenD can be allosterically inhibited by DHNA in Staphylococcus aureus ( 19 ) and Mycobacterium tuberculosis ( 20 ), suggesting an end-product feedback mechanism. In addition, MenF is also known to be capable of catalyzing both forward and reverse conversion of chorismate to isochorismate ( 21 ). However, it is unclear how these individual mechanisms interact to control DHNA production. Here, we study one of the major quinone producers, Lactococcus lactis, and reveal a multi-layer mechanism regulating DHNA biosynthesis. Leveraging a novel biosensing system, we quantified DHNA concentration at picomolar sensitivity. We then synthetically perturbed enzyme levels on genetic constructs and found that DHNA concentration can be modulated by both MenF and MenD, but to different degrees. A mathematical model uncovers a two-phase regulatory pattern resulting from the interplay of reversible flux and end-product feedback inhibition, where the regulatory roles of MenF and MenD shift based on their relative expression levels. The model also predicts limited availability of the substrate chorismate, which restrains DHNA from being overproduced. These mechanisms can collectively contribute to quinone homeostasis and imply new strategies to efficiently engineer quinone production. RESULTS A biosensing system allows sensitive and quantitative DHNA detection Since DHNA is the common precursor for all MK derivatives, we sought to interrogate the regulatory mechanism of quinone biosynthesis by focusing on DHNA. To precisely measure DHNA concentration, we constructed a L. lactis mutant lacking DHNA-utilizing pathways. We knocked out menA (encodes for DHNA prenyltransferase) to prevent DHNA from being utilized for DMK and MK biosynthesis ( Fig. 1A ). In addition, we knocked out noxAB (encodes for NADH:quinone oxidoreductases) to prevent DHNA from interacting with quinone reductases ( 22 ) , which may otherwise alter DHNA redox state and interfere with DHNA quantification. We next developed a high-throughput method for quantitative DHNA detection. While previous studies mainly measured DHNA concentration with high-performance liquid chromatography (HPLC) ( 23 – 26 ), this approach requires complex sample preparation and purification processes and has a limited detection of 1 µM",,"identity rejected: best_effort guess (top candidate accepted unconditionally) | identity rejected: mapping rule best_effort_fallback is a guess, not a match"
entity,/processes/reactions/14/enzymes/7,isochorismate synthase,B,corroborated by a second paper (no identifier),,,,2,False,"0.8509 (heuristic, not a probability)",Engineering <i>Lactococcus lactis</i> for Increased Vitamin K2 Production. (PMC7093718) -- introduction section | DHNA biosynthesis (menaquinone precursor) (seed_paper) -- results section,"value of fermented food, but until very recently there were no reports on optimization of dairy production or metabolic engineering of LAB strains to achieve higher menaquinone levels. Several genomes of the dominating vitamin K2 producing LAB, L. lactis have been sequenced, and putative genes encoding the enzymes for the individual steps of menaquinone biosynthesis annotated (Wegmann et al., 2007 ). In L. lactis menaquinones are synthesized from acetyl-CoA, phosphoenolpyruvate and D-erythrose-4-phosphate. The precursors are converted step by step to a hydrophobic polyprenyl diphosphate (PP) chain (mevalonate and polyprenyl pathways) and a hydrophilic naphtoquinone ring; 1,4-dihydroxy-2-napthoate (DHNA) (shikimate and menaquinone pathways). Finally, MenA, a DHNA polyprenyltransferase, joins the prenyl diphosphate and DHNA to form demethylmenaquinone ( Figure 1 ). The product of the shikimate pathway, chorismate, is also a substrate for synthesis of the essential aromatic amino acids (AAA) and folate and its production and further conversion is highly regulated (Dosselaere and Vanderleyden, 2001 ). For instance, the first enzyme of the shikimate pathway, 3-Deoxy-D-arabinoheptulosonate 7-phosphate synthase (DAHPS), is known to be feedback inhibited by AAA in diverse microorganisms (Mir et al., 2015 ) and similar regulatory events are likely to exist in lactococci. Chorismate is converted to DHNA through 7 enzymatic steps starting with isochorismate synthase (encoded by menF ). The polyprenyl diphosphate chain is synthesized from isopentenyl pyrophosphate (IPP) units formed through the mevalonate pathway. Six enzymatic steps, catalyzed by 3-ketoacyl-CoA thiolase ( thiL ), hydroxymethylglutaryl-CoA synthase ( hmcM ), hydroxymethylglutaryl-CoA reductase ( mvaA ), mevalonate kinase ( mvk ), phosphomevalonate kinase ( pmk ), and diphosphomevalonate decarboxylase ( mvaD ) are required to convert acetyl-CoA into IPP (C5). These reactions constitute the most energy- and substrate-consuming part of menaquinone synthesis as they require 3 acetyl-CoA, 3 ATP, and 1 NADPH per IPP formed. The geranyltranstransferase ( ispA ) and isopentenyl-diphosphate delta-isomerase ( fni ) then combine IPP units into FPP (farnesyl diphosphate, C15). FPP is a scaffold for further lengthening of the prenyl diphosphate chain by consecutive addition of IPP units to make the all-trans polyprenyl diphosphate (for MK-n production) or di-trans, poly-cis-undecaprenyl pyrophosphate (UPP, C55). UPP is essential for lactococci as it is a substrate for synthesis of peptidoglycan (Bouhss et al., 2008 ). In L. lactis 2 genomic loci encode possible prenyl diphosphate synthases. The gerCA ( llmg_1111 ) and ispB ( llmg_1110 ) locus encodes proteins with homology to 2-component heptaprenyl diphosphate synthases. The gene llmg_0196 is in an operon with menA (DHNA polyprenyltransferase) and encodes a putative geranylgeranyl pyrophosphate synthase. In L. lactis ssp. lactis the gene and gene product of llmg_0196 are called preA and PreA and we will hereafter employ these names also for L. lactis ssp. cremoris MG1363. Figure 1 The lactococcal biosynthetic pathways for menaquinone(s). Intermediates that are substrates for competing essential pathways are shown as branched points (chorismate and FPP). IPP, isopentenyl pyrophosphate; FPP, farnesyl pyrophosphate; UPP, undecaprenyl pyrophosphate. Menaquinones play an essential role in electron transport but are not essential for fermentative growth in L. lactis (Rezaiki et al., 2008 ). However, in the presence of heme L. lactis can produce cytochrome and a functional electron transport chain enabling respiratory growth resulting in improved growth and survival in stationary phase (Sijpesteijn, 1970 ; Duwat et al., 2001 ; Gaudu et al., 2002 ; Rezaiki et al., 2008 ; Brooijmans et al., 2009 ). In addition, menaquinones can reduce both Fe and Cu and might be important for assimilation of metals (Rezaiki et al., 2008 ). The levels of menaquinone found in L. lactis are strain-dependent and vary in response to aerobic vs. anaerobic conditions as well as culture medium, carbon source and temperature. In L. lactis MK-9 is produced as the dominating menaquinone species, but minor amounts of MK-3, MK-7, MK-8 and MK-10 are also formed (Morishita et al., 1999 ; Rezaiki et al., 2008 ; Brooijmans et al., 2009 ). One recent study show that adjusting fermentation parameters like preculture conditions, carbon source and temperature result in up to 50% increase of vitamin K2 in fermented milk (Liu et al., 2019 ). However, there are no other reports available describing how to increase strain performance or optimize conditions to elevate menaquinone content during food fermentations, neither is information on the contribution of each enzyme to the biosynthetic pathway of menaquinones in lactococci. Such knowledge could be helpful in selecting the optimal lactococci for fermentation of milk into a product with higher functional value regarding vitamin K2. Therefore, in the present study several genes of the biosynthetic pathway of menaquinones in L. lactis ssp. cremoris MG1363 were overexpressed singly or in combination to investigate their potential to raise menaquinone levels. We identify bottle-necks and key genes for biosynthesis of menaquinones in MG1363 and thereby provide a foundation for development of strains capable of higher K2-production during food | results ( 11 ), largely due to limited understanding of the regulatory mechanisms governing quinone biosynthesis. MK biosynthesis starts from chorismate and proceeds through a seven-enzyme pathway consisting of MenF, MenD, MenH, MenC, MenE, MenB, and MenI to produce DHNA. Subsequently, MenA joins DHNA and prenyl diphosphate to produce demethylmenaquinone (DMK), and MenG demethylates DMK to generate MK ( Fig. 1A ). Strategies have attempted to enhance DHNA supply by overexpressing individual enzymes ( 13 – 17 ) or the entire DHNA biosynthesis operon ( 14 , 18 ). However, these efforts often lead to inconsistent and modest increases in DHNA/MK levels despite upregulated transcription of the respective genes ( 14 , 15 ). Conflicting outcomes have also been reported across different studies; for example, overexpressing MenF or MenD enhanced MK production in some cases but not others ( 13 , 15 – 17 ). These data suggest that a regulatory network might exist to control DHNA and MK levels and buffer against genetic perturbations. While these regulations are physiologically plausible, as microbes must resist quinone overproduction to avoid oxidative stress and growth inhibition ( 4 ), the molecular mechanisms remain elusive. Fig 1 A biosensing system for quantitative detection of DHNA at picomolar concentration. ( A ) Schematic showing the menaquinone biosynthesis pathway. DHNA is the precursor of menaquinone. ( B ) Workflow of the DHNA biosensing system. L. lactis was incubated for 2 hours to allow DHNA synthesis. The cell-free supernatant was collected and mixed with L. plantarum and iron reduction reagents, including iron(III) oxide and ferrozine (FZ). L. plantarum utilizes DHNA secreted by L. lactis to reduce Fe 3+ to Fe 2+ . The resulting Fe 2+ reacts with ferrozine, producing a magenta color product whose absorbance correlates with DHNA concentration. ( C ) Calibration curve of DHNA concentration versus absorbance at 562 nm. L. plantarum was incubated with varying concentrations of exogenous DHNA. The [DHNA]-OD 562 curve was fitted to a non-linear function. The top panel shows a scanned image of the assay plate. ( D ) L. plantarum can detect DHNA secreted from varying cell densities of quinone-producing L. lactis but not from the deficient mutant. Δ menC + menC represents menC gene complementation under a constitutive promoter on a plasmid in the Δ menC background. DHNA concentrations were calculated based on the calibration curve in panel C . The top panel shows a scanned image of the assay plate. All data represent mean ± 1 s.d. for three biological replicates. Bacterial biosensing system detecting DHNA in menaquinone biosynthesis through L. lactis-L. plantarum interaction and iron reduction colorimetry. Calibration shows picomolar sensitivity (R²=0.99) with validation using wild-type and menC mutant strains. Previous studies shed light on the quinone regulatory mechanism, but a system-level understanding has not been achieved. Studies have revealed that MenD can be allosterically inhibited by DHNA in Staphylococcus aureus ( 19 ) and Mycobacterium tuberculosis ( 20 ), suggesting an end-product feedback mechanism. In addition, MenF is also known to be capable of catalyzing both forward and reverse conversion of chorismate to isochorismate ( 21 ). However, it is unclear how these individual mechanisms interact to control DHNA production. Here, we study one of the major quinone producers, Lactococcus lactis, and reveal a multi-layer mechanism regulating DHNA biosynthesis. Leveraging a novel biosensing system, we quantified DHNA concentration at picomolar sensitivity. We then synthetically perturbed enzyme levels on genetic constructs and found that DHNA concentration can be modulated by both MenF and MenD, but to different degrees. A mathematical model uncovers a two-phase regulatory pattern resulting from the interplay of reversible flux and end-product feedback inhibition, where the regulatory roles of MenF and MenD shift based on their relative expression levels. The model also predicts limited availability of the substrate chorismate, which restrains DHNA from being overproduced. These mechanisms can collectively contribute to quinone homeostasis and imply new strategies to efficiently engineer quinone production. RESULTS A biosensing system allows sensitive and quantitative DHNA detection Since DHNA is the common precursor for all MK derivatives, we sought to interrogate the regulatory mechanism of quinone biosynthesis by focusing on DHNA. To precisely measure DHNA concentration, we constructed a L. lactis mutant lacking DHNA-utilizing pathways. We knocked out menA (encodes for DHNA prenyltransferase) to prevent DHNA from being utilized for DMK and MK biosynthesis ( Fig. 1A ). In addition, we knocked out noxAB (encodes for NADH:quinone oxidoreductases) to prevent DHNA from interacting with quinone reductases ( 22 ) , which may otherwise alter DHNA redox state and interfere with DHNA quantification. We next developed a high-throughput method for quantitative DHNA detection. While previous studies mainly measured DHNA concentration with high-performance liquid chromatography (HPLC) ( 23 – 26 ), this approach requires complex sample preparation and purification processes and has a limited detection of 1 µM",,"identity rejected: best_effort guess (top candidate accepted unconditionally) | identity rejected: mapping rule best_effort_fallback is a guess, not a match"
entity,/processes/reactions/14/enzymes/8,menF,B,corroborated by a second paper (no identifier),,,,2,False,"0.8509 (heuristic, not a probability)",Engineering <i>Lactococcus lactis</i> for Increased Vitamin K2 Production. (PMC7093718) -- introduction section | DHNA biosynthesis (menaquinone precursor) (seed_paper) -- results section,"value of fermented food, but until very recently there were no reports on optimization of dairy production or metabolic engineering of LAB strains to achieve higher menaquinone levels. Several genomes of the dominating vitamin K2 producing LAB, L. lactis have been sequenced, and putative genes encoding the enzymes for the individual steps of menaquinone biosynthesis annotated (Wegmann et al., 2007 ). In L. lactis menaquinones are synthesized from acetyl-CoA, phosphoenolpyruvate and D-erythrose-4-phosphate. The precursors are converted step by step to a hydrophobic polyprenyl diphosphate (PP) chain (mevalonate and polyprenyl pathways) and a hydrophilic naphtoquinone ring; 1,4-dihydroxy-2-napthoate (DHNA) (shikimate and menaquinone pathways). Finally, MenA, a DHNA polyprenyltransferase, joins the prenyl diphosphate and DHNA to form demethylmenaquinone ( Figure 1 ). The product of the shikimate pathway, chorismate, is also a substrate for synthesis of the essential aromatic amino acids (AAA) and folate and its production and further conversion is highly regulated (Dosselaere and Vanderleyden, 2001 ). For instance, the first enzyme of the shikimate pathway, 3-Deoxy-D-arabinoheptulosonate 7-phosphate synthase (DAHPS), is known to be feedback inhibited by AAA in diverse microorganisms (Mir et al., 2015 ) and similar regulatory events are likely to exist in lactococci. Chorismate is converted to DHNA through 7 enzymatic steps starting with isochorismate synthase (encoded by menF ). The polyprenyl diphosphate chain is synthesized from isopentenyl pyrophosphate (IPP) units formed through the mevalonate pathway. Six enzymatic steps, catalyzed by 3-ketoacyl-CoA thiolase ( thiL ), hydroxymethylglutaryl-CoA synthase ( hmcM ), hydroxymethylglutaryl-CoA reductase ( mvaA ), mevalonate kinase ( mvk ), phosphomevalonate kinase ( pmk ), and diphosphomevalonate decarboxylase ( mvaD ) are required to convert acetyl-CoA into IPP (C5). These reactions constitute the most energy- and substrate-consuming part of menaquinone synthesis as they require 3 acetyl-CoA, 3 ATP, and 1 NADPH per IPP formed. The geranyltranstransferase ( ispA ) and isopentenyl-diphosphate delta-isomerase ( fni ) then combine IPP units into FPP (farnesyl diphosphate, C15). FPP is a scaffold for further lengthening of the prenyl diphosphate chain by consecutive addition of IPP units to make the all-trans polyprenyl diphosphate (for MK-n production) or di-trans, poly-cis-undecaprenyl pyrophosphate (UPP, C55). UPP is essential for lactococci as it is a substrate for synthesis of peptidoglycan (Bouhss et al., 2008 ). In L. lactis 2 genomic loci encode possible prenyl diphosphate synthases. The gerCA ( llmg_1111 ) and ispB ( llmg_1110 ) locus encodes proteins with homology to 2-component heptaprenyl diphosphate synthases. The gene llmg_0196 is in an operon with menA (DHNA polyprenyltransferase) and encodes a putative geranylgeranyl pyrophosphate synthase. In L. lactis ssp. lactis the gene and gene product of llmg_0196 are called preA and PreA and we will hereafter employ these names also for L. lactis ssp. cremoris MG1363. Figure 1 The lactococcal biosynthetic pathways for menaquinone(s). Intermediates that are substrates for competing essential pathways are shown as branched points (chorismate and FPP). IPP, isopentenyl pyrophosphate; FPP, farnesyl pyrophosphate; UPP, undecaprenyl pyrophosphate. Menaquinones play an essential role in electron transport but are not essential for fermentative growth in L. lactis (Rezaiki et al., 2008 ). However, in the presence of heme L. lactis can produce cytochrome and a functional electron transport chain enabling respiratory growth resulting in improved growth and survival in stationary phase (Sijpesteijn, 1970 ; Duwat et al., 2001 ; Gaudu et al., 2002 ; Rezaiki et al., 2008 ; Brooijmans et al., 2009 ). In addition, menaquinones can reduce both Fe and Cu and might be important for assimilation of metals (Rezaiki et al., 2008 ). The levels of menaquinone found in L. lactis are strain-dependent and vary in response to aerobic vs. anaerobic conditions as well as culture medium, carbon source and temperature. In L. lactis MK-9 is produced as the dominating menaquinone species, but minor amounts of MK-3, MK-7, MK-8 and MK-10 are also formed (Morishita et al., 1999 ; Rezaiki et al., 2008 ; Brooijmans et al., 2009 ). One recent study show that adjusting fermentation parameters like preculture conditions, carbon source and temperature result in up to 50% increase of vitamin K2 in fermented milk (Liu et al., 2019 ). However, there are no other reports available describing how to increase strain performance or optimize conditions to elevate menaquinone content during food fermentations, neither is information on the contribution of each enzyme to the biosynthetic pathway of menaquinones in lactococci. Such knowledge could be helpful in selecting the optimal lactococci for fermentation of milk into a product with higher functional value regarding vitamin K2. Therefore, in the present study several genes of the biosynthetic pathway of menaquinones in L. lactis ssp. cremoris MG1363 were overexpressed singly or in combination to investigate their potential to raise menaquinone levels. We identify bottle-necks and key genes for biosynthesis of menaquinones in MG1363 and thereby provide a foundation for development of strains capable of higher K2-production during food | results ( 11 ), largely due to limited understanding of the regulatory mechanisms governing quinone biosynthesis. MK biosynthesis starts from chorismate and proceeds through a seven-enzyme pathway consisting of MenF, MenD, MenH, MenC, MenE, MenB, and MenI to produce DHNA. Subsequently, MenA joins DHNA and prenyl diphosphate to produce demethylmenaquinone (DMK), and MenG demethylates DMK to generate MK ( Fig. 1A ). Strategies have attempted to enhance DHNA supply by overexpressing individual enzymes ( 13 – 17 ) or the entire DHNA biosynthesis operon ( 14 , 18 ). However, these efforts often lead to inconsistent and modest increases in DHNA/MK levels despite upregulated transcription of the respective genes ( 14 , 15 ). Conflicting outcomes have also been reported across different studies; for example, overexpressing MenF or MenD enhanced MK production in some cases but not others ( 13 , 15 – 17 ). These data suggest that a regulatory network might exist to control DHNA and MK levels and buffer against genetic perturbations. While these regulations are physiologically plausible, as microbes must resist quinone overproduction to avoid oxidative stress and growth inhibition ( 4 ), the molecular mechanisms remain elusive. Fig 1 A biosensing system for quantitative detection of DHNA at picomolar concentration. ( A ) Schematic showing the menaquinone biosynthesis pathway. DHNA is the precursor of menaquinone. ( B ) Workflow of the DHNA biosensing system. L. lactis was incubated for 2 hours to allow DHNA synthesis. The cell-free supernatant was collected and mixed with L. plantarum and iron reduction reagents, including iron(III) oxide and ferrozine (FZ). L. plantarum utilizes DHNA secreted by L. lactis to reduce Fe 3+ to Fe 2+ . The resulting Fe 2+ reacts with ferrozine, producing a magenta color product whose absorbance correlates with DHNA concentration. ( C ) Calibration curve of DHNA concentration versus absorbance at 562 nm. L. plantarum was incubated with varying concentrations of exogenous DHNA. The [DHNA]-OD 562 curve was fitted to a non-linear function. The top panel shows a scanned image of the assay plate. ( D ) L. plantarum can detect DHNA secreted from varying cell densities of quinone-producing L. lactis but not from the deficient mutant. Δ menC + menC represents menC gene complementation under a constitutive promoter on a plasmid in the Δ menC background. DHNA concentrations were calculated based on the calibration curve in panel C . The top panel shows a scanned image of the assay plate. All data represent mean ± 1 s.d. for three biological replicates. Bacterial biosensing system detecting DHNA in menaquinone biosynthesis through L. lactis-L. plantarum interaction and iron reduction colorimetry. Calibration shows picomolar sensitivity (R²=0.99) with validation using wild-type and menC mutant strains. Previous studies shed light on the quinone regulatory mechanism, but a system-level understanding has not been achieved. Studies have revealed that MenD can be allosterically inhibited by DHNA in Staphylococcus aureus ( 19 ) and Mycobacterium tuberculosis ( 20 ), suggesting an end-product feedback mechanism. In addition, MenF is also known to be capable of catalyzing both forward and reverse conversion of chorismate to isochorismate ( 21 ). However, it is unclear how these individual mechanisms interact to control DHNA production. Here, we study one of the major quinone producers, Lactococcus lactis, and reveal a multi-layer mechanism regulating DHNA biosynthesis. Leveraging a novel biosensing system, we quantified DHNA concentration at picomolar sensitivity. We then synthetically perturbed enzyme levels on genetic constructs and found that DHNA concentration can be modulated by both MenF and MenD, but to different degrees. A mathematical model uncovers a two-phase regulatory pattern resulting from the interplay of reversible flux and end-product feedback inhibition, where the regulatory roles of MenF and MenD shift based on their relative expression levels. The model also predicts limited availability of the substrate chorismate, which restrains DHNA from being overproduced. These mechanisms can collectively contribute to quinone homeostasis and imply new strategies to efficiently engineer quinone production. RESULTS A biosensing system allows sensitive and quantitative DHNA detection Since DHNA is the common precursor for all MK derivatives, we sought to interrogate the regulatory mechanism of quinone biosynthesis by focusing on DHNA. To precisely measure DHNA concentration, we constructed a L. lactis mutant lacking DHNA-utilizing pathways. We knocked out menA (encodes for DHNA prenyltransferase) to prevent DHNA from being utilized for DMK and MK biosynthesis ( Fig. 1A ). In addition, we knocked out noxAB (encodes for NADH:quinone oxidoreductases) to prevent DHNA from interacting with quinone reductases ( 22 ) , which may otherwise alter DHNA redox state and interfere with DHNA quantification. We next developed a high-throughput method for quantitative DHNA detection. While previous studies mainly measured DHNA concentration with high-performance liquid chromatography (HPLC) ( 23 – 26 ), this approach requires complex sample preparation and purification processes and has a limited detection of 1 µM",,"identity rejected: best_effort guess (top candidate accepted unconditionally) | identity rejected: mapping rule best_effort_fallback is a guess, not a match"
entity,/processes/reactions/15/enzymes/0,MenA,A,DB-grounded,,A2RHR6,uniprot,2,False,"0.8509 (heuristic, not a probability)",Engineering <i>Lactococcus lactis</i> for Increased Vitamin K2 Production. (PMC7093718) -- introduction section | DHNA biosynthesis (menaquinone precursor) (seed_paper) -- results section,"value of fermented food, but until very recently there were no reports on optimization of dairy production or metabolic engineering of LAB strains to achieve higher menaquinone levels. Several genomes of the dominating vitamin K2 producing LAB, L. lactis have been sequenced, and putative genes encoding the enzymes for the individual steps of menaquinone biosynthesis annotated (Wegmann et al., 2007 ). In L. lactis menaquinones are synthesized from acetyl-CoA, phosphoenolpyruvate and D-erythrose-4-phosphate. The precursors are converted step by step to a hydrophobic polyprenyl diphosphate (PP) chain (mevalonate and polyprenyl pathways) and a hydrophilic naphtoquinone ring; 1,4-dihydroxy-2-napthoate (DHNA) (shikimate and menaquinone pathways). Finally, MenA, a DHNA polyprenyltransferase, joins the prenyl diphosphate and DHNA to form demethylmenaquinone ( Figure 1 ). The product of the shikimate pathway, chorismate, is also a substrate for synthesis of the essential aromatic amino acids (AAA) and folate and its production and further conversion is highly regulated (Dosselaere and Vanderleyden, 2001 ). For instance, the first enzyme of the shikimate pathway, 3-Deoxy-D-arabinoheptulosonate 7-phosphate synthase (DAHPS), is known to be feedback inhibited by AAA in diverse microorganisms (Mir et al., 2015 ) and similar regulatory events are likely to exist in lactococci. Chorismate is converted to DHNA through 7 enzymatic steps starting with isochorismate synthase (encoded by menF ). The polyprenyl diphosphate chain is synthesized from isopentenyl pyrophosphate (IPP) units formed through the mevalonate pathway. Six enzymatic steps, catalyzed by 3-ketoacyl-CoA thiolase ( thiL ), hydroxymethylglutaryl-CoA synthase ( hmcM ), hydroxymethylglutaryl-CoA reductase ( mvaA ), mevalonate kinase ( mvk ), phosphomevalonate kinase ( pmk ), and diphosphomevalonate decarboxylase ( mvaD ) are required to convert acetyl-CoA into IPP (C5). These reactions constitute the most energy- and substrate-consuming part of menaquinone synthesis as they require 3 acetyl-CoA, 3 ATP, and 1 NADPH per IPP formed. The geranyltranstransferase ( ispA ) and isopentenyl-diphosphate delta-isomerase ( fni ) then combine IPP units into FPP (farnesyl diphosphate, C15). FPP is a scaffold for further lengthening of the prenyl diphosphate chain by consecutive addition of IPP units to make the all-trans polyprenyl diphosphate (for MK-n production) or di-trans, poly-cis-undecaprenyl pyrophosphate (UPP, C55). UPP is essential for lactococci as it is a substrate for synthesis of peptidoglycan (Bouhss et al., 2008 ). In L. lactis 2 genomic loci encode possible prenyl diphosphate synthases. The gerCA ( llmg_1111 ) and ispB ( llmg_1110 ) locus encodes proteins with homology to 2-component heptaprenyl diphosphate synthases. The gene llmg_0196 is in an operon with menA (DHNA polyprenyltransferase) and encodes a putative geranylgeranyl pyrophosphate synthase. In L. lactis ssp. lactis the gene and gene product of llmg_0196 are called preA and PreA and we will hereafter employ these names also for L. lactis ssp. cremoris MG1363. Figure 1 The lactococcal biosynthetic pathways for menaquinone(s). Intermediates that are substrates for competing essential pathways are shown as branched points (chorismate and FPP). IPP, isopentenyl pyrophosphate; FPP, farnesyl pyrophosphate; UPP, undecaprenyl pyrophosphate. Menaquinones play an essential role in electron transport but are not essential for fermentative growth in L. lactis (Rezaiki et al., 2008 ). However, in the presence of heme L. lactis can produce cytochrome and a functional electron transport chain enabling respiratory growth resulting in improved growth and survival in stationary phase (Sijpesteijn, 1970 ; Duwat et al., 2001 ; Gaudu et al., 2002 ; Rezaiki et al., 2008 ; Brooijmans et al., 2009 ). In addition, menaquinones can reduce both Fe and Cu and might be important for assimilation of metals (Rezaiki et al., 2008 ). The levels of menaquinone found in L. lactis are strain-dependent and vary in response to aerobic vs. anaerobic conditions as well as culture medium, carbon source and temperature. In L. lactis MK-9 is produced as the dominating menaquinone species, but minor amounts of MK-3, MK-7, MK-8 and MK-10 are also formed (Morishita et al., 1999 ; Rezaiki et al., 2008 ; Brooijmans et al., 2009 ). One recent study show that adjusting fermentation parameters like preculture conditions, carbon source and temperature result in up to 50% increase of vitamin K2 in fermented milk (Liu et al., 2019 ). However, there are no other reports available describing how to increase strain performance or optimize conditions to elevate menaquinone content during food fermentations, neither is information on the contribution of each enzyme to the biosynthetic pathway of menaquinones in lactococci. Such knowledge could be helpful in selecting the optimal lactococci for fermentation of milk into a product with higher functional value regarding vitamin K2. Therefore, in the present study several genes of the biosynthetic pathway of menaquinones in L. lactis ssp. cremoris MG1363 were overexpressed singly or in combination to investigate their potential to raise menaquinone levels. We identify bottle-necks and key genes for biosynthesis of menaquinones in MG1363 and thereby provide a foundation for development of strains capable of higher K2-production during food | results ( 11 ), largely due to limited understanding of the regulatory mechanisms governing quinone biosynthesis. MK biosynthesis starts from chorismate and proceeds through a seven-enzyme pathway consisting of MenF, MenD, MenH, MenC, MenE, MenB, and MenI to produce DHNA. Subsequently, MenA joins DHNA and prenyl diphosphate to produce demethylmenaquinone (DMK), and MenG demethylates DMK to generate MK ( Fig. 1A ). Strategies have attempted to enhance DHNA supply by overexpressing individual enzymes ( 13 – 17 ) or the entire DHNA biosynthesis operon ( 14 , 18 ). However, these efforts often lead to inconsistent and modest increases in DHNA/MK levels despite upregulated transcription of the respective genes ( 14 , 15 ). Conflicting outcomes have also been reported across different studies; for example, overexpressing MenF or MenD enhanced MK production in some cases but not others ( 13 , 15 – 17 ). These data suggest that a regulatory network might exist to control DHNA and MK levels and buffer against genetic perturbations. While these regulations are physiologically plausible, as microbes must resist quinone overproduction to avoid oxidative stress and growth inhibition ( 4 ), the molecular mechanisms remain elusive. Fig 1 A biosensing system for quantitative detection of DHNA at picomolar concentration. ( A ) Schematic showing the menaquinone biosynthesis pathway. DHNA is the precursor of menaquinone. ( B ) Workflow of the DHNA biosensing system. L. lactis was incubated for 2 hours to allow DHNA synthesis. The cell-free supernatant was collected and mixed with L. plantarum and iron reduction reagents, including iron(III) oxide and ferrozine (FZ). L. plantarum utilizes DHNA secreted by L. lactis to reduce Fe 3+ to Fe 2+ . The resulting Fe 2+ reacts with ferrozine, producing a magenta color product whose absorbance correlates with DHNA concentration. ( C ) Calibration curve of DHNA concentration versus absorbance at 562 nm. L. plantarum was incubated with varying concentrations of exogenous DHNA. The [DHNA]-OD 562 curve was fitted to a non-linear function. The top panel shows a scanned image of the assay plate. ( D ) L. plantarum can detect DHNA secreted from varying cell densities of quinone-producing L. lactis but not from the deficient mutant. Δ menC + menC represents menC gene complementation under a constitutive promoter on a plasmid in the Δ menC background. DHNA concentrations were calculated based on the calibration curve in panel C . The top panel shows a scanned image of the assay plate. All data represent mean ± 1 s.d. for three biological replicates. Bacterial biosensing system detecting DHNA in menaquinone biosynthesis through L. lactis-L. plantarum interaction and iron reduction colorimetry. Calibration shows picomolar sensitivity (R²=0.99) with validation using wild-type and menC mutant strains. Previous studies shed light on the quinone regulatory mechanism, but a system-level understanding has not been achieved. Studies have revealed that MenD can be allosterically inhibited by DHNA in Staphylococcus aureus ( 19 ) and Mycobacterium tuberculosis ( 20 ), suggesting an end-product feedback mechanism. In addition, MenF is also known to be capable of catalyzing both forward and reverse conversion of chorismate to isochorismate ( 21 ). However, it is unclear how these individual mechanisms interact to control DHNA production. Here, we study one of the major quinone producers, Lactococcus lactis, and reveal a multi-layer mechanism regulating DHNA biosynthesis. Leveraging a novel biosensing system, we quantified DHNA concentration at picomolar sensitivity. We then synthetically perturbed enzyme levels on genetic constructs and found that DHNA concentration can be modulated by both MenF and MenD, but to different degrees. A mathematical model uncovers a two-phase regulatory pattern resulting from the interplay of reversible flux and end-product feedback inhibition, where the regulatory roles of MenF and MenD shift based on their relative expression levels. The model also predicts limited availability of the substrate chorismate, which restrains DHNA from being overproduced. These mechanisms can collectively contribute to quinone homeostasis and imply new strategies to efficiently engineer quinone production. RESULTS A biosensing system allows sensitive and quantitative DHNA detection Since DHNA is the common precursor for all MK derivatives, we sought to interrogate the regulatory mechanism of quinone biosynthesis by focusing on DHNA. To precisely measure DHNA concentration, we constructed a L. lactis mutant lacking DHNA-utilizing pathways. We knocked out menA (encodes for DHNA prenyltransferase) to prevent DHNA from being utilized for DMK and MK biosynthesis ( Fig. 1A ). In addition, we knocked out noxAB (encodes for NADH:quinone oxidoreductases) to prevent DHNA from interacting with quinone reductases ( 22 ) , which may otherwise alter DHNA redox state and interfere with DHNA quantification. We next developed a high-throughput method for quantitative DHNA detection. While previous studies mainly measured DHNA concentration with high-performance liquid chromatography (HPLC) ( 23 – 26 ), this approach requires complex sample preparation and purification processes and has a limited detection of 1 µM",,
entity,/processes/reactions/16/enzymes/0,MenG,C,single-source (review),,,,1,False,"0.8509 (heuristic, not a probability)",DHNA biosynthesis (menaquinone precursor) (seed_paper) -- results section,"results ( 11 ), largely due to limited understanding of the regulatory mechanisms governing quinone biosynthesis. MK biosynthesis starts from chorismate and proceeds through a seven-enzyme pathway consisting of MenF, MenD, MenH, MenC, MenE, MenB, and MenI to produce DHNA. Subsequently, MenA joins DHNA and prenyl diphosphate to produce demethylmenaquinone (DMK), and MenG demethylates DMK to generate MK ( Fig. 1A ). Strategies have attempted to enhance DHNA supply by overexpressing individual enzymes ( 13 – 17 ) or the entire DHNA biosynthesis operon ( 14 , 18 ). However, these efforts often lead to inconsistent and modest increases in DHNA/MK levels despite upregulated transcription of the respective genes ( 14 , 15 ). Conflicting outcomes have also been reported across different studies; for example, overexpressing MenF or MenD enhanced MK production in some cases but not others ( 13 , 15 – 17 ). These data suggest that a regulatory network might exist to control DHNA and MK levels and buffer against genetic perturbations. While these regulations are physiologically plausible, as microbes must resist quinone overproduction to avoid oxidative stress and growth inhibition ( 4 ), the molecular mechanisms remain elusive. Fig 1 A biosensing system for quantitative detection of DHNA at picomolar concentration. ( A ) Schematic showing the menaquinone biosynthesis pathway. DHNA is the precursor of menaquinone. ( B ) Workflow of the DHNA biosensing system. L. lactis was incubated for 2 hours to allow DHNA synthesis. The cell-free supernatant was collected and mixed with L. plantarum and iron reduction reagents, including iron(III) oxide and ferrozine (FZ). L. plantarum utilizes DHNA secreted by L. lactis to reduce Fe 3+ to Fe 2+ . The resulting Fe 2+ reacts with ferrozine, producing a magenta color product whose absorbance correlates with DHNA concentration. ( C ) Calibration curve of DHNA concentration versus absorbance at 562 nm. L. plantarum was incubated with varying concentrations of exogenous DHNA. The [DHNA]-OD 562 curve was fitted to a non-linear function. The top panel shows a scanned image of the assay plate. ( D ) L. plantarum can detect DHNA secreted from varying cell densities of quinone-producing L. lactis but not from the deficient mutant. Δ menC + menC represents menC gene complementation under a constitutive promoter on a plasmid in the Δ menC background. DHNA concentrations were calculated based on the calibration curve in panel C . The top panel shows a scanned image of the assay plate. All data represent mean ± 1 s.d. for three biological replicates. Bacterial biosensing system detecting DHNA in menaquinone biosynthesis through L. lactis-L. plantarum interaction and iron reduction colorimetry. Calibration shows picomolar sensitivity (R²=0.99) with validation using wild-type and menC mutant strains. Previous studies shed light on the quinone regulatory mechanism, but a system-level understanding has not been achieved. Studies have revealed that MenD can be allosterically inhibited by DHNA in Staphylococcus aureus ( 19 ) and Mycobacterium tuberculosis ( 20 ), suggesting an end-product feedback mechanism. In addition, MenF is also known to be capable of catalyzing both forward and reverse conversion of chorismate to isochorismate ( 21 ). However, it is unclear how these individual mechanisms interact to control DHNA production. Here, we study one of the major quinone producers, Lactococcus lactis, and reveal a multi-layer mechanism regulating DHNA biosynthesis. Leveraging a novel biosensing system, we quantified DHNA concentration at picomolar sensitivity. We then synthetically perturbed enzyme levels on genetic constructs and found that DHNA concentration can be modulated by both MenF and MenD, but to different degrees. A mathematical model uncovers a two-phase regulatory pattern resulting from the interplay of reversible flux and end-product feedback inhibition, where the regulatory roles of MenF and MenD shift based on their relative expression levels. The model also predicts limited availability of the substrate chorismate, which restrains DHNA from being overproduced. These mechanisms can collectively contribute to quinone homeostasis and imply new strategies to efficiently engineer quinone production. RESULTS A biosensing system allows sensitive and quantitative DHNA detection Since DHNA is the common precursor for all MK derivatives, we sought to interrogate the regulatory mechanism of quinone biosynthesis by focusing on DHNA. To precisely measure DHNA concentration, we constructed a L. lactis mutant lacking DHNA-utilizing pathways. We knocked out menA (encodes for DHNA prenyltransferase) to prevent DHNA from being utilized for DMK and MK biosynthesis ( Fig. 1A ). In addition, we knocked out noxAB (encodes for NADH:quinone oxidoreductases) to prevent DHNA from interacting with quinone reductases ( 22 ) , which may otherwise alter DHNA redox state and interfere with DHNA quantification. We next developed a high-throughput method for quantitative DHNA detection. While previous studies mainly measured DHNA concentration with high-performance liquid chromatography (HPLC) ( 23 – 26 ), this approach requires complex sample preparation and purification processes and has a limited detection of 1 µM",,"identity rejected: best_effort guess (top candidate accepted unconditionally) | identity rejected: mapping rule best_effort_fallback is a guess, not a match"
entity,/processes/reactions/17/enzymes/0,L. plantarum,C,single-source (review),,,,1,False,"0.8509 (heuristic, not a probability)",DHNA biosynthesis (menaquinone precursor) (seed_paper) -- results section,"results ( 11 ), largely due to limited understanding of the regulatory mechanisms governing quinone biosynthesis. MK biosynthesis starts from chorismate and proceeds through a seven-enzyme pathway consisting of MenF, MenD, MenH, MenC, MenE, MenB, and MenI to produce DHNA. Subsequently, MenA joins DHNA and prenyl diphosphate to produce demethylmenaquinone (DMK), and MenG demethylates DMK to generate MK ( Fig. 1A ). Strategies have attempted to enhance DHNA supply by overexpressing individual enzymes ( 13 – 17 ) or the entire DHNA biosynthesis operon ( 14 , 18 ). However, these efforts often lead to inconsistent and modest increases in DHNA/MK levels despite upregulated transcription of the respective genes ( 14 , 15 ). Conflicting outcomes have also been reported across different studies; for example, overexpressing MenF or MenD enhanced MK production in some cases but not others ( 13 , 15 – 17 ). These data suggest that a regulatory network might exist to control DHNA and MK levels and buffer against genetic perturbations. While these regulations are physiologically plausible, as microbes must resist quinone overproduction to avoid oxidative stress and growth inhibition ( 4 ), the molecular mechanisms remain elusive. Fig 1 A biosensing system for quantitative detection of DHNA at picomolar concentration. ( A ) Schematic showing the menaquinone biosynthesis pathway. DHNA is the precursor of menaquinone. ( B ) Workflow of the DHNA biosensing system. L. lactis was incubated for 2 hours to allow DHNA synthesis. The cell-free supernatant was collected and mixed with L. plantarum and iron reduction reagents, including iron(III) oxide and ferrozine (FZ). L. plantarum utilizes DHNA secreted by L. lactis to reduce Fe 3+ to Fe 2+ . The resulting Fe 2+ reacts with ferrozine, producing a magenta color product whose absorbance correlates with DHNA concentration. ( C ) Calibration curve of DHNA concentration versus absorbance at 562 nm. L. plantarum was incubated with varying concentrations of exogenous DHNA. The [DHNA]-OD 562 curve was fitted to a non-linear function. The top panel shows a scanned image of the assay plate. ( D ) L. plantarum can detect DHNA secreted from varying cell densities of quinone-producing L. lactis but not from the deficient mutant. Δ menC + menC represents menC gene complementation under a constitutive promoter on a plasmid in the Δ menC background. DHNA concentrations were calculated based on the calibration curve in panel C . The top panel shows a scanned image of the assay plate. All data represent mean ± 1 s.d. for three biological replicates. Bacterial biosensing system detecting DHNA in menaquinone biosynthesis through L. lactis-L. plantarum interaction and iron reduction colorimetry. Calibration shows picomolar sensitivity (R²=0.99) with validation using wild-type and menC mutant strains. Previous studies shed light on the quinone regulatory mechanism, but a system-level understanding has not been achieved. Studies have revealed that MenD can be allosterically inhibited by DHNA in Staphylococcus aureus ( 19 ) and Mycobacterium tuberculosis ( 20 ), suggesting an end-product feedback mechanism. In addition, MenF is also known to be capable of catalyzing both forward and reverse conversion of chorismate to isochorismate ( 21 ). However, it is unclear how these individual mechanisms interact to control DHNA production. Here, we study one of the major quinone producers, Lactococcus lactis, and reveal a multi-layer mechanism regulating DHNA biosynthesis. Leveraging a novel biosensing system, we quantified DHNA concentration at picomolar sensitivity. We then synthetically perturbed enzyme levels on genetic constructs and found that DHNA concentration can be modulated by both MenF and MenD, but to different degrees. A mathematical model uncovers a two-phase regulatory pattern resulting from the interplay of reversible flux and end-product feedback inhibition, where the regulatory roles of MenF and MenD shift based on their relative expression levels. The model also predicts limited availability of the substrate chorismate, which restrains DHNA from being overproduced. These mechanisms can collectively contribute to quinone homeostasis and imply new strategies to efficiently engineer quinone production. RESULTS A biosensing system allows sensitive and quantitative DHNA detection Since DHNA is the common precursor for all MK derivatives, we sought to interrogate the regulatory mechanism of quinone biosynthesis by focusing on DHNA. To precisely measure DHNA concentration, we constructed a L. lactis mutant lacking DHNA-utilizing pathways. We knocked out menA (encodes for DHNA prenyltransferase) to prevent DHNA from being utilized for DMK and MK biosynthesis ( Fig. 1A ). In addition, we knocked out noxAB (encodes for NADH:quinone oxidoreductases) to prevent DHNA from interacting with quinone reductases ( 22 ) , which may otherwise alter DHNA redox state and interfere with DHNA quantification. We next developed a high-throughput method for quantitative DHNA detection. While previous studies mainly measured DHNA concentration with high-performance liquid chromatography (HPLC) ( 23 – 26 ), this approach requires complex sample preparation and purification processes and has a limited detection of 1 µM",,"identity rejected: best_effort guess (top candidate accepted unconditionally) | identity rejected: mapping rule best_effort_fallback is a guess, not a match"
entity,/processes/reactions/18/enzymes/0,geranyltranstransferase,C,single-source (review),,,,1,False,"0.4631 (heuristic, not a probability)",Physiological Roles of Short-Chain and Long-Chain Menaquinones (Vitamin K2) in <i>Lactococcus cremoris</i>. (PMC8965153) -- introduction section,"cremoris strain MG1363 and mutants. MK biosynthesis in L. cremoris / L. lactis is predicted to follow a pathway consisting of three parts: (i) synthesis of the naphthoquinone structure (the head group), (ii) synthesis of the isoprenyl side chain (the tail group), and (iii) joining of the head and tail structures giving the MK. The head group synthesis starts with chorismate generated from the Shikimate pathway with the first step catalyzed by a menaquinone-specific isochorismate synthase (predicted encoding gene is menF ), and the tail group synthesis starts with isopentenyl diphosphate (IPP), containing a single isoprene unit, generated from mevalonate pathway. For building the side chain, first a geranyltranstransferase (predicted encoding gene is ispA ) is required to form farnesyl diphosphate (FPP) containing three isoprene units. More IPP is linked to FPP to form longer isoprene chains, and this step is catalyzed by a prenyl diphosphate synthase (predicted encoding gene is llmg_0196 ). The latter enzyme also is thought to play a role in determination of the length of the isoprene chain ( Nagel et al., 2018 ; Johnston and Bulloch, 2020 ). Finally, the naphthoquinone head group – 1.4-dihydroxy-2-naphthoic acid (DHNA), and the polyprenyl tail group are combined by isoprenyl diphosphate:1,4-dihydroxy-2-naphthoate isoprenyltransferase to form demethylmenaquinone (DMK), which is methylated to give MK. Mainly MK-9, MK-8, and MK-3 are formed in original L. cremoris strain MG1363 (green box). Mutants Δ menF ,Δ ispA , and Δ llmg_0196 are expected to produce no MK, only MK-1, and only MK-3, respectively. Genes targeted in this study are shown in green color. Predicted MK production route and profiles in respective gene deletion mutants are shown in red boxes.",,
entity,/processes/reactions/18/enzymes/1,ispA,C,single-source (review),,,,1,False,"0.4631 (heuristic, not a probability)",Physiological Roles of Short-Chain and Long-Chain Menaquinones (Vitamin K2) in <i>Lactococcus cremoris</i>. (PMC8965153) -- introduction section,"cremoris strain MG1363 and mutants. MK biosynthesis in L. cremoris / L. lactis is predicted to follow a pathway consisting of three parts: (i) synthesis of the naphthoquinone structure (the head group), (ii) synthesis of the isoprenyl side chain (the tail group), and (iii) joining of the head and tail structures giving the MK. The head group synthesis starts with chorismate generated from the Shikimate pathway with the first step catalyzed by a menaquinone-specific isochorismate synthase (predicted encoding gene is menF ), and the tail group synthesis starts with isopentenyl diphosphate (IPP), containing a single isoprene unit, generated from mevalonate pathway. For building the side chain, first a geranyltranstransferase (predicted encoding gene is ispA ) is required to form farnesyl diphosphate (FPP) containing three isoprene units. More IPP is linked to FPP to form longer isoprene chains, and this step is catalyzed by a prenyl diphosphate synthase (predicted encoding gene is llmg_0196 ). The latter enzyme also is thought to play a role in determination of the length of the isoprene chain ( Nagel et al., 2018 ; Johnston and Bulloch, 2020 ). Finally, the naphthoquinone head group – 1.4-dihydroxy-2-naphthoic acid (DHNA), and the polyprenyl tail group are combined by isoprenyl diphosphate:1,4-dihydroxy-2-naphthoate isoprenyltransferase to form demethylmenaquinone (DMK), which is methylated to give MK. Mainly MK-9, MK-8, and MK-3 are formed in original L. cremoris strain MG1363 (green box). Mutants Δ menF ,Δ ispA , and Δ llmg_0196 are expected to produce no MK, only MK-1, and only MK-3, respectively. Genes targeted in this study are shown in green color. Predicted MK production route and profiles in respective gene deletion mutants are shown in red boxes.",,"identity rejected: best_effort guess (top candidate accepted unconditionally) | identity rejected: mapping rule best_effort_fallback is a guess, not a match"
entity,/processes/reactions/19/enzymes/0,prenyl diphosphate synthase,C,single-source (review),,,,1,False,"0.4631 (heuristic, not a probability)",Physiological Roles of Short-Chain and Long-Chain Menaquinones (Vitamin K2) in <i>Lactococcus cremoris</i>. (PMC8965153) -- introduction section,"cremoris strain MG1363 and mutants. MK biosynthesis in L. cremoris / L. lactis is predicted to follow a pathway consisting of three parts: (i) synthesis of the naphthoquinone structure (the head group), (ii) synthesis of the isoprenyl side chain (the tail group), and (iii) joining of the head and tail structures giving the MK. The head group synthesis starts with chorismate generated from the Shikimate pathway with the first step catalyzed by a menaquinone-specific isochorismate synthase (predicted encoding gene is menF ), and the tail group synthesis starts with isopentenyl diphosphate (IPP), containing a single isoprene unit, generated from mevalonate pathway. For building the side chain, first a geranyltranstransferase (predicted encoding gene is ispA ) is required to form farnesyl diphosphate (FPP) containing three isoprene units. More IPP is linked to FPP to form longer isoprene chains, and this step is catalyzed by a prenyl diphosphate synthase (predicted encoding gene is llmg_0196 ). The latter enzyme also is thought to play a role in determination of the length of the isoprene chain ( Nagel et al., 2018 ; Johnston and Bulloch, 2020 ). Finally, the naphthoquinone head group – 1.4-dihydroxy-2-naphthoic acid (DHNA), and the polyprenyl tail group are combined by isoprenyl diphosphate:1,4-dihydroxy-2-naphthoate isoprenyltransferase to form demethylmenaquinone (DMK), which is methylated to give MK. Mainly MK-9, MK-8, and MK-3 are formed in original L. cremoris strain MG1363 (green box). Mutants Δ menF ,Δ ispA , and Δ llmg_0196 are expected to produce no MK, only MK-1, and only MK-3, respectively. Genes targeted in this study are shown in green color. Predicted MK production route and profiles in respective gene deletion mutants are shown in red boxes.",,"identity rejected: best_effort guess (top candidate accepted unconditionally) | identity rejected: mapping rule best_effort_fallback is a guess, not a match"
entity,/processes/reactions/19/enzymes/1,llmg_0196,C,single-source (review),,,,1,False,"0.4631 (heuristic, not a probability)",Physiological Roles of Short-Chain and Long-Chain Menaquinones (Vitamin K2) in <i>Lactococcus cremoris</i>. (PMC8965153) -- introduction section,"cremoris strain MG1363 and mutants. MK biosynthesis in L. cremoris / L. lactis is predicted to follow a pathway consisting of three parts: (i) synthesis of the naphthoquinone structure (the head group), (ii) synthesis of the isoprenyl side chain (the tail group), and (iii) joining of the head and tail structures giving the MK. The head group synthesis starts with chorismate generated from the Shikimate pathway with the first step catalyzed by a menaquinone-specific isochorismate synthase (predicted encoding gene is menF ), and the tail group synthesis starts with isopentenyl diphosphate (IPP), containing a single isoprene unit, generated from mevalonate pathway. For building the side chain, first a geranyltranstransferase (predicted encoding gene is ispA ) is required to form farnesyl diphosphate (FPP) containing three isoprene units. More IPP is linked to FPP to form longer isoprene chains, and this step is catalyzed by a prenyl diphosphate synthase (predicted encoding gene is llmg_0196 ). The latter enzyme also is thought to play a role in determination of the length of the isoprene chain ( Nagel et al., 2018 ; Johnston and Bulloch, 2020 ). Finally, the naphthoquinone head group – 1.4-dihydroxy-2-naphthoic acid (DHNA), and the polyprenyl tail group are combined by isoprenyl diphosphate:1,4-dihydroxy-2-naphthoate isoprenyltransferase to form demethylmenaquinone (DMK), which is methylated to give MK. Mainly MK-9, MK-8, and MK-3 are formed in original L. cremoris strain MG1363 (green box). Mutants Δ menF ,Δ ispA , and Δ llmg_0196 are expected to produce no MK, only MK-1, and only MK-3, respectively. Genes targeted in this study are shown in green color. Predicted MK production route and profiles in respective gene deletion mutants are shown in red boxes.",,
entity,/processes/reactions/20/enzymes/0,"isoprenyl diphosphate:1,4-dihydroxy-2-naphthoate isoprenyltransferase",C,single-source (review),,,,1,False,"0.4631 (heuristic, not a probability)",Physiological Roles of Short-Chain and Long-Chain Menaquinones (Vitamin K2) in <i>Lactococcus cremoris</i>. (PMC8965153) -- introduction section,"cremoris strain MG1363 and mutants. MK biosynthesis in L. cremoris / L. lactis is predicted to follow a pathway consisting of three parts: (i) synthesis of the naphthoquinone structure (the head group), (ii) synthesis of the isoprenyl side chain (the tail group), and (iii) joining of the head and tail structures giving the MK. The head group synthesis starts with chorismate generated from the Shikimate pathway with the first step catalyzed by a menaquinone-specific isochorismate synthase (predicted encoding gene is menF ), and the tail group synthesis starts with isopentenyl diphosphate (IPP), containing a single isoprene unit, generated from mevalonate pathway. For building the side chain, first a geranyltranstransferase (predicted encoding gene is ispA ) is required to form farnesyl diphosphate (FPP) containing three isoprene units. More IPP is linked to FPP to form longer isoprene chains, and this step is catalyzed by a prenyl diphosphate synthase (predicted encoding gene is llmg_0196 ). The latter enzyme also is thought to play a role in determination of the length of the isoprene chain ( Nagel et al., 2018 ; Johnston and Bulloch, 2020 ). Finally, the naphthoquinone head group – 1.4-dihydroxy-2-naphthoic acid (DHNA), and the polyprenyl tail group are combined by isoprenyl diphosphate:1,4-dihydroxy-2-naphthoate isoprenyltransferase to form demethylmenaquinone (DMK), which is methylated to give MK. Mainly MK-9, MK-8, and MK-3 are formed in original L. cremoris strain MG1363 (green box). Mutants Δ menF ,Δ ispA , and Δ llmg_0196 are expected to produce no MK, only MK-1, and only MK-3, respectively. Genes targeted in this study are shown in green color. Predicted MK production route and profiles in respective gene deletion mutants are shown in red boxes.",,"identity rejected: best_effort guess (top candidate accepted unconditionally) | identity rejected: mapping rule best_effort_fallback is a guess, not a match"
entity,/processes/reactions/22/enzymes/0,Fni,C,single-source (review),,,,1,False,"0.4368 (heuristic, not a probability)",Combination of SPH and SP80 prolongs the lifespan of &lt;i&gt;Bacillus subtilis&lt;/i&gt; natto to enhance industrial menaquinone-7 biosynthesis. (PMC12174048) -- results section,"+ reduced to 44% ( Equations 1–3 ) ( Figure 7D ). The ratio of NADH/NAD + has been proven to be inversely proportional to MK-7 content in B. subtilis ( Wang et al., 2019 ). 3.6 SPH+SP80 affected the pathway related to the biosynthesis of MK-7 Four modules named glycerol metabolism pathway (Module I), methylerythritol phosphate (MEP) pathway (Module II), shikimate (SA) pathway (Module III), and MK-7 pathway (Module IV) were involved in the biosynthesis pathway of MK-7 in B. subtilis natto ( Figure 3A ; Yang et al., 2019 ). The different expression changes of genes involved in four modules were detected ( Supplementary Table S1 ). In Module I, three enzymes, such as glycerol kinase (GlpK), Gly-3P dehydrogenase (GlpD), and glycerol facilitator (GlpF), played crucial roles in the SPH+SP80 group because the expression of glpK, glpD , and glpF was upregulated 1.78-, 1.62-, and 1.43-fold, respectively. The change of most of the enzymes in Module II was not significant in the SPH+SP80 group ( Figures 3A , B ). Except for membrane proteins like Fni and HepS, which catalyzed a reversible reaction of isopentenyl diphosphate (IPP) to form dimethylallyl diphosphate (DMAPP), the reaction of farnesyl diphosphate (FPP) to heptaprenyl diphosphate (HDP) was upregulated 1.42-fold, and 1.16-fold, respectively. As for Module III, the expression of aroA , aroB , aroC , aroD , aroK , and aroE was upregulated 1.47-, 0.75-, 0.64-, 0.77-, 2.30-, and 0.28-fold, respectively ( Figure 3B ), which verified a previous study showing that AroA and AroK played a crucial role in the SA pathway ( Cui et al., 2019 ). The genes encoding PabA, PabB, AroH, and TrpE, which were used to synthesize aromatic amino acids such as tryptophan (Trp), tyrosine (Tyr), and phenylalanine (Phe) from chorismate, were downregulated by 36, 26, 25, and 53%, respectively. Nine enzymes (MenA, B, C, D, E, F, G, H, and I) were involved in the synthesis of 1,4-dihydroxy-2-naphthoyl-CoA (DHNA-CoA) in Module IV. Interestingly, only genes encoding membrane proteins ( menA , menB , menD , menE , and menG ) were upregulated, especially menA , menG, and menD, whose expression levels were highly regulated by 1.43-, 1.12-, and 1.47-fold, respectively, in the SPH+SP80. These results provide clues for further modification of MK-7 biosynthesis at the transcriptional level. Taken together, an active electron transfer system stimulated the expression of related genes on the cell membrane, such as ispE , hepS , aroA , aroK , menA , menD , and menG , which were key enzyme-encoding genes for synthesizing MK-7, and finally promoted the synthesis of MK-7. 4",,"identity rejected: best_effort guess (top candidate accepted unconditionally) | identity rejected: mapping rule best_effort_fallback is a guess, not a match"
entity,/processes/reactions/22/enzymes/1,HepS,C,single-source (review),,,,1,False,"0.4368 (heuristic, not a probability)",Combination of SPH and SP80 prolongs the lifespan of &lt;i&gt;Bacillus subtilis&lt;/i&gt; natto to enhance industrial menaquinone-7 biosynthesis. (PMC12174048) -- results section,"+ reduced to 44% ( Equations 1–3 ) ( Figure 7D ). The ratio of NADH/NAD + has been proven to be inversely proportional to MK-7 content in B. subtilis ( Wang et al., 2019 ). 3.6 SPH+SP80 affected the pathway related to the biosynthesis of MK-7 Four modules named glycerol metabolism pathway (Module I), methylerythritol phosphate (MEP) pathway (Module II), shikimate (SA) pathway (Module III), and MK-7 pathway (Module IV) were involved in the biosynthesis pathway of MK-7 in B. subtilis natto ( Figure 3A ; Yang et al., 2019 ). The different expression changes of genes involved in four modules were detected ( Supplementary Table S1 ). In Module I, three enzymes, such as glycerol kinase (GlpK), Gly-3P dehydrogenase (GlpD), and glycerol facilitator (GlpF), played crucial roles in the SPH+SP80 group because the expression of glpK, glpD , and glpF was upregulated 1.78-, 1.62-, and 1.43-fold, respectively. The change of most of the enzymes in Module II was not significant in the SPH+SP80 group ( Figures 3A , B ). Except for membrane proteins like Fni and HepS, which catalyzed a reversible reaction of isopentenyl diphosphate (IPP) to form dimethylallyl diphosphate (DMAPP), the reaction of farnesyl diphosphate (FPP) to heptaprenyl diphosphate (HDP) was upregulated 1.42-fold, and 1.16-fold, respectively. As for Module III, the expression of aroA , aroB , aroC , aroD , aroK , and aroE was upregulated 1.47-, 0.75-, 0.64-, 0.77-, 2.30-, and 0.28-fold, respectively ( Figure 3B ), which verified a previous study showing that AroA and AroK played a crucial role in the SA pathway ( Cui et al., 2019 ). The genes encoding PabA, PabB, AroH, and TrpE, which were used to synthesize aromatic amino acids such as tryptophan (Trp), tyrosine (Tyr), and phenylalanine (Phe) from chorismate, were downregulated by 36, 26, 25, and 53%, respectively. Nine enzymes (MenA, B, C, D, E, F, G, H, and I) were involved in the synthesis of 1,4-dihydroxy-2-naphthoyl-CoA (DHNA-CoA) in Module IV. Interestingly, only genes encoding membrane proteins ( menA , menB , menD , menE , and menG ) were upregulated, especially menA , menG, and menD, whose expression levels were highly regulated by 1.43-, 1.12-, and 1.47-fold, respectively, in the SPH+SP80. These results provide clues for further modification of MK-7 biosynthesis at the transcriptional level. Taken together, an active electron transfer system stimulated the expression of related genes on the cell membrane, such as ispE , hepS , aroA , aroK , menA , menD , and menG , which were key enzyme-encoding genes for synthesizing MK-7, and finally promoted the synthesis of MK-7. 4",,"identity rejected: best_effort guess (top candidate accepted unconditionally) | identity rejected: mapping rule best_effort_fallback is a guess, not a match"
entity,/processes/reactions/24/enzymes/0,PabA,C,single-source (review),,,,1,False,"0.4368 (heuristic, not a probability)",Combination of SPH and SP80 prolongs the lifespan of &lt;i&gt;Bacillus subtilis&lt;/i&gt; natto to enhance industrial menaquinone-7 biosynthesis. (PMC12174048) -- results section,"+ reduced to 44% ( Equations 1–3 ) ( Figure 7D ). The ratio of NADH/NAD + has been proven to be inversely proportional to MK-7 content in B. subtilis ( Wang et al., 2019 ). 3.6 SPH+SP80 affected the pathway related to the biosynthesis of MK-7 Four modules named glycerol metabolism pathway (Module I), methylerythritol phosphate (MEP) pathway (Module II), shikimate (SA) pathway (Module III), and MK-7 pathway (Module IV) were involved in the biosynthesis pathway of MK-7 in B. subtilis natto ( Figure 3A ; Yang et al., 2019 ). The different expression changes of genes involved in four modules were detected ( Supplementary Table S1 ). In Module I, three enzymes, such as glycerol kinase (GlpK), Gly-3P dehydrogenase (GlpD), and glycerol facilitator (GlpF), played crucial roles in the SPH+SP80 group because the expression of glpK, glpD , and glpF was upregulated 1.78-, 1.62-, and 1.43-fold, respectively. The change of most of the enzymes in Module II was not significant in the SPH+SP80 group ( Figures 3A , B ). Except for membrane proteins like Fni and HepS, which catalyzed a reversible reaction of isopentenyl diphosphate (IPP) to form dimethylallyl diphosphate (DMAPP), the reaction of farnesyl diphosphate (FPP) to heptaprenyl diphosphate (HDP) was upregulated 1.42-fold, and 1.16-fold, respectively. As for Module III, the expression of aroA , aroB , aroC , aroD , aroK , and aroE was upregulated 1.47-, 0.75-, 0.64-, 0.77-, 2.30-, and 0.28-fold, respectively ( Figure 3B ), which verified a previous study showing that AroA and AroK played a crucial role in the SA pathway ( Cui et al., 2019 ). The genes encoding PabA, PabB, AroH, and TrpE, which were used to synthesize aromatic amino acids such as tryptophan (Trp), tyrosine (Tyr), and phenylalanine (Phe) from chorismate, were downregulated by 36, 26, 25, and 53%, respectively. Nine enzymes (MenA, B, C, D, E, F, G, H, and I) were involved in the synthesis of 1,4-dihydroxy-2-naphthoyl-CoA (DHNA-CoA) in Module IV. Interestingly, only genes encoding membrane proteins ( menA , menB , menD , menE , and menG ) were upregulated, especially menA , menG, and menD, whose expression levels were highly regulated by 1.43-, 1.12-, and 1.47-fold, respectively, in the SPH+SP80. These results provide clues for further modification of MK-7 biosynthesis at the transcriptional level. Taken together, an active electron transfer system stimulated the expression of related genes on the cell membrane, such as ispE , hepS , aroA , aroK , menA , menD , and menG , which were key enzyme-encoding genes for synthesizing MK-7, and finally promoted the synthesis of MK-7. 4",,"identity rejected: best_effort guess (top candidate accepted unconditionally) | identity rejected: mapping rule best_effort_fallback is a guess, not a match"
entity,/processes/reactions/24/enzymes/1,PabB,C,single-source (review),,,,1,False,"0.4368 (heuristic, not a probability)",Combination of SPH and SP80 prolongs the lifespan of &lt;i&gt;Bacillus subtilis&lt;/i&gt; natto to enhance industrial menaquinone-7 biosynthesis. (PMC12174048) -- results section,"+ reduced to 44% ( Equations 1–3 ) ( Figure 7D ). The ratio of NADH/NAD + has been proven to be inversely proportional to MK-7 content in B. subtilis ( Wang et al., 2019 ). 3.6 SPH+SP80 affected the pathway related to the biosynthesis of MK-7 Four modules named glycerol metabolism pathway (Module I), methylerythritol phosphate (MEP) pathway (Module II), shikimate (SA) pathway (Module III), and MK-7 pathway (Module IV) were involved in the biosynthesis pathway of MK-7 in B. subtilis natto ( Figure 3A ; Yang et al., 2019 ). The different expression changes of genes involved in four modules were detected ( Supplementary Table S1 ). In Module I, three enzymes, such as glycerol kinase (GlpK), Gly-3P dehydrogenase (GlpD), and glycerol facilitator (GlpF), played crucial roles in the SPH+SP80 group because the expression of glpK, glpD , and glpF was upregulated 1.78-, 1.62-, and 1.43-fold, respectively. The change of most of the enzymes in Module II was not significant in the SPH+SP80 group ( Figures 3A , B ). Except for membrane proteins like Fni and HepS, which catalyzed a reversible reaction of isopentenyl diphosphate (IPP) to form dimethylallyl diphosphate (DMAPP), the reaction of farnesyl diphosphate (FPP) to heptaprenyl diphosphate (HDP) was upregulated 1.42-fold, and 1.16-fold, respectively. As for Module III, the expression of aroA , aroB , aroC , aroD , aroK , and aroE was upregulated 1.47-, 0.75-, 0.64-, 0.77-, 2.30-, and 0.28-fold, respectively ( Figure 3B ), which verified a previous study showing that AroA and AroK played a crucial role in the SA pathway ( Cui et al., 2019 ). The genes encoding PabA, PabB, AroH, and TrpE, which were used to synthesize aromatic amino acids such as tryptophan (Trp), tyrosine (Tyr), and phenylalanine (Phe) from chorismate, were downregulated by 36, 26, 25, and 53%, respectively. Nine enzymes (MenA, B, C, D, E, F, G, H, and I) were involved in the synthesis of 1,4-dihydroxy-2-naphthoyl-CoA (DHNA-CoA) in Module IV. Interestingly, only genes encoding membrane proteins ( menA , menB , menD , menE , and menG ) were upregulated, especially menA , menG, and menD, whose expression levels were highly regulated by 1.43-, 1.12-, and 1.47-fold, respectively, in the SPH+SP80. These results provide clues for further modification of MK-7 biosynthesis at the transcriptional level. Taken together, an active electron transfer system stimulated the expression of related genes on the cell membrane, such as ispE , hepS , aroA , aroK , menA , menD , and menG , which were key enzyme-encoding genes for synthesizing MK-7, and finally promoted the synthesis of MK-7. 4",,"identity rejected: best_effort guess (top candidate accepted unconditionally) | identity rejected: mapping rule best_effort_fallback is a guess, not a match"
entity,/processes/reactions/24/enzymes/2,AroH,C,single-source (review),,,,1,False,"0.4368 (heuristic, not a probability)",Combination of SPH and SP80 prolongs the lifespan of &lt;i&gt;Bacillus subtilis&lt;/i&gt; natto to enhance industrial menaquinone-7 biosynthesis. (PMC12174048) -- results section,"+ reduced to 44% ( Equations 1–3 ) ( Figure 7D ). The ratio of NADH/NAD + has been proven to be inversely proportional to MK-7 content in B. subtilis ( Wang et al., 2019 ). 3.6 SPH+SP80 affected the pathway related to the biosynthesis of MK-7 Four modules named glycerol metabolism pathway (Module I), methylerythritol phosphate (MEP) pathway (Module II), shikimate (SA) pathway (Module III), and MK-7 pathway (Module IV) were involved in the biosynthesis pathway of MK-7 in B. subtilis natto ( Figure 3A ; Yang et al., 2019 ). The different expression changes of genes involved in four modules were detected ( Supplementary Table S1 ). In Module I, three enzymes, such as glycerol kinase (GlpK), Gly-3P dehydrogenase (GlpD), and glycerol facilitator (GlpF), played crucial roles in the SPH+SP80 group because the expression of glpK, glpD , and glpF was upregulated 1.78-, 1.62-, and 1.43-fold, respectively. The change of most of the enzymes in Module II was not significant in the SPH+SP80 group ( Figures 3A , B ). Except for membrane proteins like Fni and HepS, which catalyzed a reversible reaction of isopentenyl diphosphate (IPP) to form dimethylallyl diphosphate (DMAPP), the reaction of farnesyl diphosphate (FPP) to heptaprenyl diphosphate (HDP) was upregulated 1.42-fold, and 1.16-fold, respectively. As for Module III, the expression of aroA , aroB , aroC , aroD , aroK , and aroE was upregulated 1.47-, 0.75-, 0.64-, 0.77-, 2.30-, and 0.28-fold, respectively ( Figure 3B ), which verified a previous study showing that AroA and AroK played a crucial role in the SA pathway ( Cui et al., 2019 ). The genes encoding PabA, PabB, AroH, and TrpE, which were used to synthesize aromatic amino acids such as tryptophan (Trp), tyrosine (Tyr), and phenylalanine (Phe) from chorismate, were downregulated by 36, 26, 25, and 53%, respectively. Nine enzymes (MenA, B, C, D, E, F, G, H, and I) were involved in the synthesis of 1,4-dihydroxy-2-naphthoyl-CoA (DHNA-CoA) in Module IV. Interestingly, only genes encoding membrane proteins ( menA , menB , menD , menE , and menG ) were upregulated, especially menA , menG, and menD, whose expression levels were highly regulated by 1.43-, 1.12-, and 1.47-fold, respectively, in the SPH+SP80. These results provide clues for further modification of MK-7 biosynthesis at the transcriptional level. Taken together, an active electron transfer system stimulated the expression of related genes on the cell membrane, such as ispE , hepS , aroA , aroK , menA , menD , and menG , which were key enzyme-encoding genes for synthesizing MK-7, and finally promoted the synthesis of MK-7. 4",,"identity rejected: best_effort guess (top candidate accepted unconditionally) | identity rejected: mapping rule best_effort_fallback is a guess, not a match"
entity,/processes/reactions/24/enzymes/3,TrpE,C,single-source (review),,,,1,False,"0.4368 (heuristic, not a probability)",Combination of SPH and SP80 prolongs the lifespan of &lt;i&gt;Bacillus subtilis&lt;/i&gt; natto to enhance industrial menaquinone-7 biosynthesis. (PMC12174048) -- results section,"+ reduced to 44% ( Equations 1–3 ) ( Figure 7D ). The ratio of NADH/NAD + has been proven to be inversely proportional to MK-7 content in B. subtilis ( Wang et al., 2019 ). 3.6 SPH+SP80 affected the pathway related to the biosynthesis of MK-7 Four modules named glycerol metabolism pathway (Module I), methylerythritol phosphate (MEP) pathway (Module II), shikimate (SA) pathway (Module III), and MK-7 pathway (Module IV) were involved in the biosynthesis pathway of MK-7 in B. subtilis natto ( Figure 3A ; Yang et al., 2019 ). The different expression changes of genes involved in four modules were detected ( Supplementary Table S1 ). In Module I, three enzymes, such as glycerol kinase (GlpK), Gly-3P dehydrogenase (GlpD), and glycerol facilitator (GlpF), played crucial roles in the SPH+SP80 group because the expression of glpK, glpD , and glpF was upregulated 1.78-, 1.62-, and 1.43-fold, respectively. The change of most of the enzymes in Module II was not significant in the SPH+SP80 group ( Figures 3A , B ). Except for membrane proteins like Fni and HepS, which catalyzed a reversible reaction of isopentenyl diphosphate (IPP) to form dimethylallyl diphosphate (DMAPP), the reaction of farnesyl diphosphate (FPP) to heptaprenyl diphosphate (HDP) was upregulated 1.42-fold, and 1.16-fold, respectively. As for Module III, the expression of aroA , aroB , aroC , aroD , aroK , and aroE was upregulated 1.47-, 0.75-, 0.64-, 0.77-, 2.30-, and 0.28-fold, respectively ( Figure 3B ), which verified a previous study showing that AroA and AroK played a crucial role in the SA pathway ( Cui et al., 2019 ). The genes encoding PabA, PabB, AroH, and TrpE, which were used to synthesize aromatic amino acids such as tryptophan (Trp), tyrosine (Tyr), and phenylalanine (Phe) from chorismate, were downregulated by 36, 26, 25, and 53%, respectively. Nine enzymes (MenA, B, C, D, E, F, G, H, and I) were involved in the synthesis of 1,4-dihydroxy-2-naphthoyl-CoA (DHNA-CoA) in Module IV. Interestingly, only genes encoding membrane proteins ( menA , menB , menD , menE , and menG ) were upregulated, especially menA , menG, and menD, whose expression levels were highly regulated by 1.43-, 1.12-, and 1.47-fold, respectively, in the SPH+SP80. These results provide clues for further modification of MK-7 biosynthesis at the transcriptional level. Taken together, an active electron transfer system stimulated the expression of related genes on the cell membrane, such as ispE , hepS , aroA , aroK , menA , menD , and menG , which were key enzyme-encoding genes for synthesizing MK-7, and finally promoted the synthesis of MK-7. 4",,"identity rejected: best_effort guess (top candidate accepted unconditionally) | identity rejected: mapping rule best_effort_fallback is a guess, not a match"
entity,/processes/reactions/25/enzymes/0,MenA,A,DB-grounded,,A2RHR6,uniprot,1,False,"0.6389 (heuristic, not a probability)",New aspects of microbial vitamin K2 production by expanding the product spectrum. (PMC8042841) -- results section,"results revealed that only the step reaction by MenA, i.e. the prenylation of DHNA to DMK was a rate-limiting step in the MK-7 pathway. Cui et al. [ 64 ] boosted the synthesis of MK-7 precursors in B. subtilis by overexpressing menFBE , but the results indicated that the encoded enzymes do not catalyze a rate-limiting step of MK-7 biosynthesis, which was consistent with Yang’s study mentioned before. Increasing the copy number of menA at a different locus increased the titer of MK-7 by 42 mg/L compared with the original strain [ 64 ]. These results show that MenA is a critical enzyme that can determine the efficiency of the MK-7 synthesis pathway. Although the futalosine-dependent pathway is widely investigated as a target for the development of new herbicides and antibiotics, there have been no studies on the metabolic engineering of the futalosine pathway to increase the yield of menaquinone [ 26 , 29 ]. It may be a promising strategy for the biosynthesis of vitamin K2 to combine these two MK biosynthesis pathways. Vitamin K2 and membrane engineering The bilayer membrane is not only an interface between cell and the outside environment, but also contains intricate mechanism for signal transduction, transporters, cellular communication, adhesion, etc. [ 86 , 87 ]. MK isoforms are lipid-soluble molecules that insert themselves into the bacterial cell membrane and shuttle electrons between the membrane-bound protein complexes in the electron-transport chain in many bacteria [ 41 ]. Hence, the synthesis of vitamin K2 may also affect by the state of the cell membrane, which has inspired studies of membrane engineering as a new direction for enhancing vitamin K2 biosynthesis. Wang et al. [ 2 ] found that the stable surface tension and an optimized composition of the cell membrane are beneficial to the accumulation of MK-7. Furthermore, Cui et al. [ 88 ] showed that membrane components (GO:0006810, GO:0017000, GO:0008125, GO:0031224, GO:0051234) exhibited the most significantly changed expression levels in a comparative transcriptomic analysis of the intrinsic connections between biofilm formation and MK-7 production. Overexpression of cell-membrane-associated proteins such as signal receptors (BSU02010), transmembrane transporters (BSU29340, BSU03070), and tatAD - CD (BSU02630) could improve the synthesis of MK-7. These results directly indicate that the composition and homeostasis of the cell membrane can affect MK-7 synthesis. Co-expression of tatAD - CD (BSU02630) and menaquinol-cytochrome c reductase qcrA - C using the strong P43 promoter in the previously engineered strain BS20 increased the titer of MK-7 to 410 mg/L in shake-flask culture, which is the highest MK-7 titer reported to date [ 64 , 88 ]. Similar to MK, lycopene, and carotenoids are biosynthesized from isoprene units and are accumulated in the cell membrane or neutral lipid droplets. Accordingly, there are reports that the yield of lycopene or carotenoids can be successfully improved by increasing the cellular lipid content (Fig. 3 ) [ 89 , 90 ]. Coincidentally, Hu et al. [ 91 ] supplemented soybean oil to the medium, resulting in a maximal MK-7 yield of 40.96 mg/L. Therefore, expanding the product spectrum will be useful to promote the metabolic engineering design-build-test-learn cycle and possibly increase the economic viability of microbial cell factories.",,
entity,/processes/reactions/27/enzymes/0,3-ketoacyl-CoA thiolase ( thiL ),C,single-source (review),,,,1,False,"0.6326 (heuristic, not a probability)",Engineering <i>Lactococcus lactis</i> for Increased Vitamin K2 Production. (PMC7093718) -- introduction section,"value of fermented food, but until very recently there were no reports on optimization of dairy production or metabolic engineering of LAB strains to achieve higher menaquinone levels. Several genomes of the dominating vitamin K2 producing LAB, L. lactis have been sequenced, and putative genes encoding the enzymes for the individual steps of menaquinone biosynthesis annotated (Wegmann et al., 2007 ). In L. lactis menaquinones are synthesized from acetyl-CoA, phosphoenolpyruvate and D-erythrose-4-phosphate. The precursors are converted step by step to a hydrophobic polyprenyl diphosphate (PP) chain (mevalonate and polyprenyl pathways) and a hydrophilic naphtoquinone ring; 1,4-dihydroxy-2-napthoate (DHNA) (shikimate and menaquinone pathways). Finally, MenA, a DHNA polyprenyltransferase, joins the prenyl diphosphate and DHNA to form demethylmenaquinone ( Figure 1 ). The product of the shikimate pathway, chorismate, is also a substrate for synthesis of the essential aromatic amino acids (AAA) and folate and its production and further conversion is highly regulated (Dosselaere and Vanderleyden, 2001 ). For instance, the first enzyme of the shikimate pathway, 3-Deoxy-D-arabinoheptulosonate 7-phosphate synthase (DAHPS), is known to be feedback inhibited by AAA in diverse microorganisms (Mir et al., 2015 ) and similar regulatory events are likely to exist in lactococci. Chorismate is converted to DHNA through 7 enzymatic steps starting with isochorismate synthase (encoded by menF ). The polyprenyl diphosphate chain is synthesized from isopentenyl pyrophosphate (IPP) units formed through the mevalonate pathway. Six enzymatic steps, catalyzed by 3-ketoacyl-CoA thiolase ( thiL ), hydroxymethylglutaryl-CoA synthase ( hmcM ), hydroxymethylglutaryl-CoA reductase ( mvaA ), mevalonate kinase ( mvk ), phosphomevalonate kinase ( pmk ), and diphosphomevalonate decarboxylase ( mvaD ) are required to convert acetyl-CoA into IPP (C5). These reactions constitute the most energy- and substrate-consuming part of menaquinone synthesis as they require 3 acetyl-CoA, 3 ATP, and 1 NADPH per IPP formed. The geranyltranstransferase ( ispA ) and isopentenyl-diphosphate delta-isomerase ( fni ) then combine IPP units into FPP (farnesyl diphosphate, C15). FPP is a scaffold for further lengthening of the prenyl diphosphate chain by consecutive addition of IPP units to make the all-trans polyprenyl diphosphate (for MK-n production) or di-trans, poly-cis-undecaprenyl pyrophosphate (UPP, C55). UPP is essential for lactococci as it is a substrate for synthesis of peptidoglycan (Bouhss et al., 2008 ). In L. lactis 2 genomic loci encode possible prenyl diphosphate synthases. The gerCA ( llmg_1111 ) and ispB ( llmg_1110 ) locus encodes proteins with homology to 2-component heptaprenyl diphosphate synthases. The gene llmg_0196 is in an operon with menA (DHNA polyprenyltransferase) and encodes a putative geranylgeranyl pyrophosphate synthase. In L. lactis ssp. lactis the gene and gene product of llmg_0196 are called preA and PreA and we will hereafter employ these names also for L. lactis ssp. cremoris MG1363. Figure 1 The lactococcal biosynthetic pathways for menaquinone(s). Intermediates that are substrates for competing essential pathways are shown as branched points (chorismate and FPP). IPP, isopentenyl pyrophosphate; FPP, farnesyl pyrophosphate; UPP, undecaprenyl pyrophosphate. Menaquinones play an essential role in electron transport but are not essential for fermentative growth in L. lactis (Rezaiki et al., 2008 ). However, in the presence of heme L. lactis can produce cytochrome and a functional electron transport chain enabling respiratory growth resulting in improved growth and survival in stationary phase (Sijpesteijn, 1970 ; Duwat et al., 2001 ; Gaudu et al., 2002 ; Rezaiki et al., 2008 ; Brooijmans et al., 2009 ). In addition, menaquinones can reduce both Fe and Cu and might be important for assimilation of metals (Rezaiki et al., 2008 ). The levels of menaquinone found in L. lactis are strain-dependent and vary in response to aerobic vs. anaerobic conditions as well as culture medium, carbon source and temperature. In L. lactis MK-9 is produced as the dominating menaquinone species, but minor amounts of MK-3, MK-7, MK-8 and MK-10 are also formed (Morishita et al., 1999 ; Rezaiki et al., 2008 ; Brooijmans et al., 2009 ). One recent study show that adjusting fermentation parameters like preculture conditions, carbon source and temperature result in up to 50% increase of vitamin K2 in fermented milk (Liu et al., 2019 ). However, there are no other reports available describing how to increase strain performance or optimize conditions to elevate menaquinone content during food fermentations, neither is information on the contribution of each enzyme to the biosynthetic pathway of menaquinones in lactococci. Such knowledge could be helpful in selecting the optimal lactococci for fermentation of milk into a product with higher functional value regarding vitamin K2. Therefore, in the present study several genes of the biosynthetic pathway of menaquinones in L. lactis ssp. cremoris MG1363 were overexpressed singly or in combination to investigate their potential to raise menaquinone levels. We identify bottle-necks and key genes for biosynthesis of menaquinones in MG1363 and thereby provide a foundation for development of strains capable of higher K2-production during food",,"identity rejected: best_effort guess (top candidate accepted unconditionally) | identity rejected: mapping rule best_effort_fallback is a guess, not a match"
entity,/processes/reactions/27/enzymes/1,hydroxymethylglutaryl-CoA synthase ( hmcM ),C,single-source (review),,,,1,False,"0.6326 (heuristic, not a probability)",Engineering <i>Lactococcus lactis</i> for Increased Vitamin K2 Production. (PMC7093718) -- introduction section,"value of fermented food, but until very recently there were no reports on optimization of dairy production or metabolic engineering of LAB strains to achieve higher menaquinone levels. Several genomes of the dominating vitamin K2 producing LAB, L. lactis have been sequenced, and putative genes encoding the enzymes for the individual steps of menaquinone biosynthesis annotated (Wegmann et al., 2007 ). In L. lactis menaquinones are synthesized from acetyl-CoA, phosphoenolpyruvate and D-erythrose-4-phosphate. The precursors are converted step by step to a hydrophobic polyprenyl diphosphate (PP) chain (mevalonate and polyprenyl pathways) and a hydrophilic naphtoquinone ring; 1,4-dihydroxy-2-napthoate (DHNA) (shikimate and menaquinone pathways). Finally, MenA, a DHNA polyprenyltransferase, joins the prenyl diphosphate and DHNA to form demethylmenaquinone ( Figure 1 ). The product of the shikimate pathway, chorismate, is also a substrate for synthesis of the essential aromatic amino acids (AAA) and folate and its production and further conversion is highly regulated (Dosselaere and Vanderleyden, 2001 ). For instance, the first enzyme of the shikimate pathway, 3-Deoxy-D-arabinoheptulosonate 7-phosphate synthase (DAHPS), is known to be feedback inhibited by AAA in diverse microorganisms (Mir et al., 2015 ) and similar regulatory events are likely to exist in lactococci. Chorismate is converted to DHNA through 7 enzymatic steps starting with isochorismate synthase (encoded by menF ). The polyprenyl diphosphate chain is synthesized from isopentenyl pyrophosphate (IPP) units formed through the mevalonate pathway. Six enzymatic steps, catalyzed by 3-ketoacyl-CoA thiolase ( thiL ), hydroxymethylglutaryl-CoA synthase ( hmcM ), hydroxymethylglutaryl-CoA reductase ( mvaA ), mevalonate kinase ( mvk ), phosphomevalonate kinase ( pmk ), and diphosphomevalonate decarboxylase ( mvaD ) are required to convert acetyl-CoA into IPP (C5). These reactions constitute the most energy- and substrate-consuming part of menaquinone synthesis as they require 3 acetyl-CoA, 3 ATP, and 1 NADPH per IPP formed. The geranyltranstransferase ( ispA ) and isopentenyl-diphosphate delta-isomerase ( fni ) then combine IPP units into FPP (farnesyl diphosphate, C15). FPP is a scaffold for further lengthening of the prenyl diphosphate chain by consecutive addition of IPP units to make the all-trans polyprenyl diphosphate (for MK-n production) or di-trans, poly-cis-undecaprenyl pyrophosphate (UPP, C55). UPP is essential for lactococci as it is a substrate for synthesis of peptidoglycan (Bouhss et al., 2008 ). In L. lactis 2 genomic loci encode possible prenyl diphosphate synthases. The gerCA ( llmg_1111 ) and ispB ( llmg_1110 ) locus encodes proteins with homology to 2-component heptaprenyl diphosphate synthases. The gene llmg_0196 is in an operon with menA (DHNA polyprenyltransferase) and encodes a putative geranylgeranyl pyrophosphate synthase. In L. lactis ssp. lactis the gene and gene product of llmg_0196 are called preA and PreA and we will hereafter employ these names also for L. lactis ssp. cremoris MG1363. Figure 1 The lactococcal biosynthetic pathways for menaquinone(s). Intermediates that are substrates for competing essential pathways are shown as branched points (chorismate and FPP). IPP, isopentenyl pyrophosphate; FPP, farnesyl pyrophosphate; UPP, undecaprenyl pyrophosphate. Menaquinones play an essential role in electron transport but are not essential for fermentative growth in L. lactis (Rezaiki et al., 2008 ). However, in the presence of heme L. lactis can produce cytochrome and a functional electron transport chain enabling respiratory growth resulting in improved growth and survival in stationary phase (Sijpesteijn, 1970 ; Duwat et al., 2001 ; Gaudu et al., 2002 ; Rezaiki et al., 2008 ; Brooijmans et al., 2009 ). In addition, menaquinones can reduce both Fe and Cu and might be important for assimilation of metals (Rezaiki et al., 2008 ). The levels of menaquinone found in L. lactis are strain-dependent and vary in response to aerobic vs. anaerobic conditions as well as culture medium, carbon source and temperature. In L. lactis MK-9 is produced as the dominating menaquinone species, but minor amounts of MK-3, MK-7, MK-8 and MK-10 are also formed (Morishita et al., 1999 ; Rezaiki et al., 2008 ; Brooijmans et al., 2009 ). One recent study show that adjusting fermentation parameters like preculture conditions, carbon source and temperature result in up to 50% increase of vitamin K2 in fermented milk (Liu et al., 2019 ). However, there are no other reports available describing how to increase strain performance or optimize conditions to elevate menaquinone content during food fermentations, neither is information on the contribution of each enzyme to the biosynthetic pathway of menaquinones in lactococci. Such knowledge could be helpful in selecting the optimal lactococci for fermentation of milk into a product with higher functional value regarding vitamin K2. Therefore, in the present study several genes of the biosynthetic pathway of menaquinones in L. lactis ssp. cremoris MG1363 were overexpressed singly or in combination to investigate their potential to raise menaquinone levels. We identify bottle-necks and key genes for biosynthesis of menaquinones in MG1363 and thereby provide a foundation for development of strains capable of higher K2-production during food",,"identity rejected: best_effort guess (top candidate accepted unconditionally) | identity rejected: mapping rule best_effort_fallback is a guess, not a match"
entity,/processes/reactions/27/enzymes/2,hydroxymethylglutaryl-CoA reductase ( mvaA ),C,single-source (review),,,,1,False,"0.6326 (heuristic, not a probability)",Engineering <i>Lactococcus lactis</i> for Increased Vitamin K2 Production. (PMC7093718) -- introduction section,"value of fermented food, but until very recently there were no reports on optimization of dairy production or metabolic engineering of LAB strains to achieve higher menaquinone levels. Several genomes of the dominating vitamin K2 producing LAB, L. lactis have been sequenced, and putative genes encoding the enzymes for the individual steps of menaquinone biosynthesis annotated (Wegmann et al., 2007 ). In L. lactis menaquinones are synthesized from acetyl-CoA, phosphoenolpyruvate and D-erythrose-4-phosphate. The precursors are converted step by step to a hydrophobic polyprenyl diphosphate (PP) chain (mevalonate and polyprenyl pathways) and a hydrophilic naphtoquinone ring; 1,4-dihydroxy-2-napthoate (DHNA) (shikimate and menaquinone pathways). Finally, MenA, a DHNA polyprenyltransferase, joins the prenyl diphosphate and DHNA to form demethylmenaquinone ( Figure 1 ). The product of the shikimate pathway, chorismate, is also a substrate for synthesis of the essential aromatic amino acids (AAA) and folate and its production and further conversion is highly regulated (Dosselaere and Vanderleyden, 2001 ). For instance, the first enzyme of the shikimate pathway, 3-Deoxy-D-arabinoheptulosonate 7-phosphate synthase (DAHPS), is known to be feedback inhibited by AAA in diverse microorganisms (Mir et al., 2015 ) and similar regulatory events are likely to exist in lactococci. Chorismate is converted to DHNA through 7 enzymatic steps starting with isochorismate synthase (encoded by menF ). The polyprenyl diphosphate chain is synthesized from isopentenyl pyrophosphate (IPP) units formed through the mevalonate pathway. Six enzymatic steps, catalyzed by 3-ketoacyl-CoA thiolase ( thiL ), hydroxymethylglutaryl-CoA synthase ( hmcM ), hydroxymethylglutaryl-CoA reductase ( mvaA ), mevalonate kinase ( mvk ), phosphomevalonate kinase ( pmk ), and diphosphomevalonate decarboxylase ( mvaD ) are required to convert acetyl-CoA into IPP (C5). These reactions constitute the most energy- and substrate-consuming part of menaquinone synthesis as they require 3 acetyl-CoA, 3 ATP, and 1 NADPH per IPP formed. The geranyltranstransferase ( ispA ) and isopentenyl-diphosphate delta-isomerase ( fni ) then combine IPP units into FPP (farnesyl diphosphate, C15). FPP is a scaffold for further lengthening of the prenyl diphosphate chain by consecutive addition of IPP units to make the all-trans polyprenyl diphosphate (for MK-n production) or di-trans, poly-cis-undecaprenyl pyrophosphate (UPP, C55). UPP is essential for lactococci as it is a substrate for synthesis of peptidoglycan (Bouhss et al., 2008 ). In L. lactis 2 genomic loci encode possible prenyl diphosphate synthases. The gerCA ( llmg_1111 ) and ispB ( llmg_1110 ) locus encodes proteins with homology to 2-component heptaprenyl diphosphate synthases. The gene llmg_0196 is in an operon with menA (DHNA polyprenyltransferase) and encodes a putative geranylgeranyl pyrophosphate synthase. In L. lactis ssp. lactis the gene and gene product of llmg_0196 are called preA and PreA and we will hereafter employ these names also for L. lactis ssp. cremoris MG1363. Figure 1 The lactococcal biosynthetic pathways for menaquinone(s). Intermediates that are substrates for competing essential pathways are shown as branched points (chorismate and FPP). IPP, isopentenyl pyrophosphate; FPP, farnesyl pyrophosphate; UPP, undecaprenyl pyrophosphate. Menaquinones play an essential role in electron transport but are not essential for fermentative growth in L. lactis (Rezaiki et al., 2008 ). However, in the presence of heme L. lactis can produce cytochrome and a functional electron transport chain enabling respiratory growth resulting in improved growth and survival in stationary phase (Sijpesteijn, 1970 ; Duwat et al., 2001 ; Gaudu et al., 2002 ; Rezaiki et al., 2008 ; Brooijmans et al., 2009 ). In addition, menaquinones can reduce both Fe and Cu and might be important for assimilation of metals (Rezaiki et al., 2008 ). The levels of menaquinone found in L. lactis are strain-dependent and vary in response to aerobic vs. anaerobic conditions as well as culture medium, carbon source and temperature. In L. lactis MK-9 is produced as the dominating menaquinone species, but minor amounts of MK-3, MK-7, MK-8 and MK-10 are also formed (Morishita et al., 1999 ; Rezaiki et al., 2008 ; Brooijmans et al., 2009 ). One recent study show that adjusting fermentation parameters like preculture conditions, carbon source and temperature result in up to 50% increase of vitamin K2 in fermented milk (Liu et al., 2019 ). However, there are no other reports available describing how to increase strain performance or optimize conditions to elevate menaquinone content during food fermentations, neither is information on the contribution of each enzyme to the biosynthetic pathway of menaquinones in lactococci. Such knowledge could be helpful in selecting the optimal lactococci for fermentation of milk into a product with higher functional value regarding vitamin K2. Therefore, in the present study several genes of the biosynthetic pathway of menaquinones in L. lactis ssp. cremoris MG1363 were overexpressed singly or in combination to investigate their potential to raise menaquinone levels. We identify bottle-necks and key genes for biosynthesis of menaquinones in MG1363 and thereby provide a foundation for development of strains capable of higher K2-production during food",,"identity rejected: best_effort guess (top candidate accepted unconditionally) | identity rejected: mapping rule best_effort_fallback is a guess, not a match"
entity,/processes/reactions/27/enzymes/3,mevalonate kinase ( mvk ),A,DB-grounded,,Q9CIF8,uniprot,1,False,"0.6326 (heuristic, not a probability)",Engineering <i>Lactococcus lactis</i> for Increased Vitamin K2 Production. (PMC7093718) -- introduction section,"value of fermented food, but until very recently there were no reports on optimization of dairy production or metabolic engineering of LAB strains to achieve higher menaquinone levels. Several genomes of the dominating vitamin K2 producing LAB, L. lactis have been sequenced, and putative genes encoding the enzymes for the individual steps of menaquinone biosynthesis annotated (Wegmann et al., 2007 ). In L. lactis menaquinones are synthesized from acetyl-CoA, phosphoenolpyruvate and D-erythrose-4-phosphate. The precursors are converted step by step to a hydrophobic polyprenyl diphosphate (PP) chain (mevalonate and polyprenyl pathways) and a hydrophilic naphtoquinone ring; 1,4-dihydroxy-2-napthoate (DHNA) (shikimate and menaquinone pathways). Finally, MenA, a DHNA polyprenyltransferase, joins the prenyl diphosphate and DHNA to form demethylmenaquinone ( Figure 1 ). The product of the shikimate pathway, chorismate, is also a substrate for synthesis of the essential aromatic amino acids (AAA) and folate and its production and further conversion is highly regulated (Dosselaere and Vanderleyden, 2001 ). For instance, the first enzyme of the shikimate pathway, 3-Deoxy-D-arabinoheptulosonate 7-phosphate synthase (DAHPS), is known to be feedback inhibited by AAA in diverse microorganisms (Mir et al., 2015 ) and similar regulatory events are likely to exist in lactococci. Chorismate is converted to DHNA through 7 enzymatic steps starting with isochorismate synthase (encoded by menF ). The polyprenyl diphosphate chain is synthesized from isopentenyl pyrophosphate (IPP) units formed through the mevalonate pathway. Six enzymatic steps, catalyzed by 3-ketoacyl-CoA thiolase ( thiL ), hydroxymethylglutaryl-CoA synthase ( hmcM ), hydroxymethylglutaryl-CoA reductase ( mvaA ), mevalonate kinase ( mvk ), phosphomevalonate kinase ( pmk ), and diphosphomevalonate decarboxylase ( mvaD ) are required to convert acetyl-CoA into IPP (C5). These reactions constitute the most energy- and substrate-consuming part of menaquinone synthesis as they require 3 acetyl-CoA, 3 ATP, and 1 NADPH per IPP formed. The geranyltranstransferase ( ispA ) and isopentenyl-diphosphate delta-isomerase ( fni ) then combine IPP units into FPP (farnesyl diphosphate, C15). FPP is a scaffold for further lengthening of the prenyl diphosphate chain by consecutive addition of IPP units to make the all-trans polyprenyl diphosphate (for MK-n production) or di-trans, poly-cis-undecaprenyl pyrophosphate (UPP, C55). UPP is essential for lactococci as it is a substrate for synthesis of peptidoglycan (Bouhss et al., 2008 ). In L. lactis 2 genomic loci encode possible prenyl diphosphate synthases. The gerCA ( llmg_1111 ) and ispB ( llmg_1110 ) locus encodes proteins with homology to 2-component heptaprenyl diphosphate synthases. The gene llmg_0196 is in an operon with menA (DHNA polyprenyltransferase) and encodes a putative geranylgeranyl pyrophosphate synthase. In L. lactis ssp. lactis the gene and gene product of llmg_0196 are called preA and PreA and we will hereafter employ these names also for L. lactis ssp. cremoris MG1363. Figure 1 The lactococcal biosynthetic pathways for menaquinone(s). Intermediates that are substrates for competing essential pathways are shown as branched points (chorismate and FPP). IPP, isopentenyl pyrophosphate; FPP, farnesyl pyrophosphate; UPP, undecaprenyl pyrophosphate. Menaquinones play an essential role in electron transport but are not essential for fermentative growth in L. lactis (Rezaiki et al., 2008 ). However, in the presence of heme L. lactis can produce cytochrome and a functional electron transport chain enabling respiratory growth resulting in improved growth and survival in stationary phase (Sijpesteijn, 1970 ; Duwat et al., 2001 ; Gaudu et al., 2002 ; Rezaiki et al., 2008 ; Brooijmans et al., 2009 ). In addition, menaquinones can reduce both Fe and Cu and might be important for assimilation of metals (Rezaiki et al., 2008 ). The levels of menaquinone found in L. lactis are strain-dependent and vary in response to aerobic vs. anaerobic conditions as well as culture medium, carbon source and temperature. In L. lactis MK-9 is produced as the dominating menaquinone species, but minor amounts of MK-3, MK-7, MK-8 and MK-10 are also formed (Morishita et al., 1999 ; Rezaiki et al., 2008 ; Brooijmans et al., 2009 ). One recent study show that adjusting fermentation parameters like preculture conditions, carbon source and temperature result in up to 50% increase of vitamin K2 in fermented milk (Liu et al., 2019 ). However, there are no other reports available describing how to increase strain performance or optimize conditions to elevate menaquinone content during food fermentations, neither is information on the contribution of each enzyme to the biosynthetic pathway of menaquinones in lactococci. Such knowledge could be helpful in selecting the optimal lactococci for fermentation of milk into a product with higher functional value regarding vitamin K2. Therefore, in the present study several genes of the biosynthetic pathway of menaquinones in L. lactis ssp. cremoris MG1363 were overexpressed singly or in combination to investigate their potential to raise menaquinone levels. We identify bottle-necks and key genes for biosynthesis of menaquinones in MG1363 and thereby provide a foundation for development of strains capable of higher K2-production during food",,
entity,/processes/reactions/27/enzymes/4,phosphomevalonate kinase ( pmk ),C,single-source (review),,,,1,False,"0.6326 (heuristic, not a probability)",Engineering <i>Lactococcus lactis</i> for Increased Vitamin K2 Production. (PMC7093718) -- introduction section,"value of fermented food, but until very recently there were no reports on optimization of dairy production or metabolic engineering of LAB strains to achieve higher menaquinone levels. Several genomes of the dominating vitamin K2 producing LAB, L. lactis have been sequenced, and putative genes encoding the enzymes for the individual steps of menaquinone biosynthesis annotated (Wegmann et al., 2007 ). In L. lactis menaquinones are synthesized from acetyl-CoA, phosphoenolpyruvate and D-erythrose-4-phosphate. The precursors are converted step by step to a hydrophobic polyprenyl diphosphate (PP) chain (mevalonate and polyprenyl pathways) and a hydrophilic naphtoquinone ring; 1,4-dihydroxy-2-napthoate (DHNA) (shikimate and menaquinone pathways). Finally, MenA, a DHNA polyprenyltransferase, joins the prenyl diphosphate and DHNA to form demethylmenaquinone ( Figure 1 ). The product of the shikimate pathway, chorismate, is also a substrate for synthesis of the essential aromatic amino acids (AAA) and folate and its production and further conversion is highly regulated (Dosselaere and Vanderleyden, 2001 ). For instance, the first enzyme of the shikimate pathway, 3-Deoxy-D-arabinoheptulosonate 7-phosphate synthase (DAHPS), is known to be feedback inhibited by AAA in diverse microorganisms (Mir et al., 2015 ) and similar regulatory events are likely to exist in lactococci. Chorismate is converted to DHNA through 7 enzymatic steps starting with isochorismate synthase (encoded by menF ). The polyprenyl diphosphate chain is synthesized from isopentenyl pyrophosphate (IPP) units formed through the mevalonate pathway. Six enzymatic steps, catalyzed by 3-ketoacyl-CoA thiolase ( thiL ), hydroxymethylglutaryl-CoA synthase ( hmcM ), hydroxymethylglutaryl-CoA reductase ( mvaA ), mevalonate kinase ( mvk ), phosphomevalonate kinase ( pmk ), and diphosphomevalonate decarboxylase ( mvaD ) are required to convert acetyl-CoA into IPP (C5). These reactions constitute the most energy- and substrate-consuming part of menaquinone synthesis as they require 3 acetyl-CoA, 3 ATP, and 1 NADPH per IPP formed. The geranyltranstransferase ( ispA ) and isopentenyl-diphosphate delta-isomerase ( fni ) then combine IPP units into FPP (farnesyl diphosphate, C15). FPP is a scaffold for further lengthening of the prenyl diphosphate chain by consecutive addition of IPP units to make the all-trans polyprenyl diphosphate (for MK-n production) or di-trans, poly-cis-undecaprenyl pyrophosphate (UPP, C55). UPP is essential for lactococci as it is a substrate for synthesis of peptidoglycan (Bouhss et al., 2008 ). In L. lactis 2 genomic loci encode possible prenyl diphosphate synthases. The gerCA ( llmg_1111 ) and ispB ( llmg_1110 ) locus encodes proteins with homology to 2-component heptaprenyl diphosphate synthases. The gene llmg_0196 is in an operon with menA (DHNA polyprenyltransferase) and encodes a putative geranylgeranyl pyrophosphate synthase. In L. lactis ssp. lactis the gene and gene product of llmg_0196 are called preA and PreA and we will hereafter employ these names also for L. lactis ssp. cremoris MG1363. Figure 1 The lactococcal biosynthetic pathways for menaquinone(s). Intermediates that are substrates for competing essential pathways are shown as branched points (chorismate and FPP). IPP, isopentenyl pyrophosphate; FPP, farnesyl pyrophosphate; UPP, undecaprenyl pyrophosphate. Menaquinones play an essential role in electron transport but are not essential for fermentative growth in L. lactis (Rezaiki et al., 2008 ). However, in the presence of heme L. lactis can produce cytochrome and a functional electron transport chain enabling respiratory growth resulting in improved growth and survival in stationary phase (Sijpesteijn, 1970 ; Duwat et al., 2001 ; Gaudu et al., 2002 ; Rezaiki et al., 2008 ; Brooijmans et al., 2009 ). In addition, menaquinones can reduce both Fe and Cu and might be important for assimilation of metals (Rezaiki et al., 2008 ). The levels of menaquinone found in L. lactis are strain-dependent and vary in response to aerobic vs. anaerobic conditions as well as culture medium, carbon source and temperature. In L. lactis MK-9 is produced as the dominating menaquinone species, but minor amounts of MK-3, MK-7, MK-8 and MK-10 are also formed (Morishita et al., 1999 ; Rezaiki et al., 2008 ; Brooijmans et al., 2009 ). One recent study show that adjusting fermentation parameters like preculture conditions, carbon source and temperature result in up to 50% increase of vitamin K2 in fermented milk (Liu et al., 2019 ). However, there are no other reports available describing how to increase strain performance or optimize conditions to elevate menaquinone content during food fermentations, neither is information on the contribution of each enzyme to the biosynthetic pathway of menaquinones in lactococci. Such knowledge could be helpful in selecting the optimal lactococci for fermentation of milk into a product with higher functional value regarding vitamin K2. Therefore, in the present study several genes of the biosynthetic pathway of menaquinones in L. lactis ssp. cremoris MG1363 were overexpressed singly or in combination to investigate their potential to raise menaquinone levels. We identify bottle-necks and key genes for biosynthesis of menaquinones in MG1363 and thereby provide a foundation for development of strains capable of higher K2-production during food",,"identity rejected: best_effort guess (top candidate accepted unconditionally) | identity rejected: mapping rule best_effort_fallback is a guess, not a match"
entity,/processes/reactions/27/enzymes/5,diphosphomevalonate decarboxylase ( mvaD ),C,single-source (review),,,,1,False,"0.6326 (heuristic, not a probability)",Engineering <i>Lactococcus lactis</i> for Increased Vitamin K2 Production. (PMC7093718) -- introduction section,"value of fermented food, but until very recently there were no reports on optimization of dairy production or metabolic engineering of LAB strains to achieve higher menaquinone levels. Several genomes of the dominating vitamin K2 producing LAB, L. lactis have been sequenced, and putative genes encoding the enzymes for the individual steps of menaquinone biosynthesis annotated (Wegmann et al., 2007 ). In L. lactis menaquinones are synthesized from acetyl-CoA, phosphoenolpyruvate and D-erythrose-4-phosphate. The precursors are converted step by step to a hydrophobic polyprenyl diphosphate (PP) chain (mevalonate and polyprenyl pathways) and a hydrophilic naphtoquinone ring; 1,4-dihydroxy-2-napthoate (DHNA) (shikimate and menaquinone pathways). Finally, MenA, a DHNA polyprenyltransferase, joins the prenyl diphosphate and DHNA to form demethylmenaquinone ( Figure 1 ). The product of the shikimate pathway, chorismate, is also a substrate for synthesis of the essential aromatic amino acids (AAA) and folate and its production and further conversion is highly regulated (Dosselaere and Vanderleyden, 2001 ). For instance, the first enzyme of the shikimate pathway, 3-Deoxy-D-arabinoheptulosonate 7-phosphate synthase (DAHPS), is known to be feedback inhibited by AAA in diverse microorganisms (Mir et al., 2015 ) and similar regulatory events are likely to exist in lactococci. Chorismate is converted to DHNA through 7 enzymatic steps starting with isochorismate synthase (encoded by menF ). The polyprenyl diphosphate chain is synthesized from isopentenyl pyrophosphate (IPP) units formed through the mevalonate pathway. Six enzymatic steps, catalyzed by 3-ketoacyl-CoA thiolase ( thiL ), hydroxymethylglutaryl-CoA synthase ( hmcM ), hydroxymethylglutaryl-CoA reductase ( mvaA ), mevalonate kinase ( mvk ), phosphomevalonate kinase ( pmk ), and diphosphomevalonate decarboxylase ( mvaD ) are required to convert acetyl-CoA into IPP (C5). These reactions constitute the most energy- and substrate-consuming part of menaquinone synthesis as they require 3 acetyl-CoA, 3 ATP, and 1 NADPH per IPP formed. The geranyltranstransferase ( ispA ) and isopentenyl-diphosphate delta-isomerase ( fni ) then combine IPP units into FPP (farnesyl diphosphate, C15). FPP is a scaffold for further lengthening of the prenyl diphosphate chain by consecutive addition of IPP units to make the all-trans polyprenyl diphosphate (for MK-n production) or di-trans, poly-cis-undecaprenyl pyrophosphate (UPP, C55). UPP is essential for lactococci as it is a substrate for synthesis of peptidoglycan (Bouhss et al., 2008 ). In L. lactis 2 genomic loci encode possible prenyl diphosphate synthases. The gerCA ( llmg_1111 ) and ispB ( llmg_1110 ) locus encodes proteins with homology to 2-component heptaprenyl diphosphate synthases. The gene llmg_0196 is in an operon with menA (DHNA polyprenyltransferase) and encodes a putative geranylgeranyl pyrophosphate synthase. In L. lactis ssp. lactis the gene and gene product of llmg_0196 are called preA and PreA and we will hereafter employ these names also for L. lactis ssp. cremoris MG1363. Figure 1 The lactococcal biosynthetic pathways for menaquinone(s). Intermediates that are substrates for competing essential pathways are shown as branched points (chorismate and FPP). IPP, isopentenyl pyrophosphate; FPP, farnesyl pyrophosphate; UPP, undecaprenyl pyrophosphate. Menaquinones play an essential role in electron transport but are not essential for fermentative growth in L. lactis (Rezaiki et al., 2008 ). However, in the presence of heme L. lactis can produce cytochrome and a functional electron transport chain enabling respiratory growth resulting in improved growth and survival in stationary phase (Sijpesteijn, 1970 ; Duwat et al., 2001 ; Gaudu et al., 2002 ; Rezaiki et al., 2008 ; Brooijmans et al., 2009 ). In addition, menaquinones can reduce both Fe and Cu and might be important for assimilation of metals (Rezaiki et al., 2008 ). The levels of menaquinone found in L. lactis are strain-dependent and vary in response to aerobic vs. anaerobic conditions as well as culture medium, carbon source and temperature. In L. lactis MK-9 is produced as the dominating menaquinone species, but minor amounts of MK-3, MK-7, MK-8 and MK-10 are also formed (Morishita et al., 1999 ; Rezaiki et al., 2008 ; Brooijmans et al., 2009 ). One recent study show that adjusting fermentation parameters like preculture conditions, carbon source and temperature result in up to 50% increase of vitamin K2 in fermented milk (Liu et al., 2019 ). However, there are no other reports available describing how to increase strain performance or optimize conditions to elevate menaquinone content during food fermentations, neither is information on the contribution of each enzyme to the biosynthetic pathway of menaquinones in lactococci. Such knowledge could be helpful in selecting the optimal lactococci for fermentation of milk into a product with higher functional value regarding vitamin K2. Therefore, in the present study several genes of the biosynthetic pathway of menaquinones in L. lactis ssp. cremoris MG1363 were overexpressed singly or in combination to investigate their potential to raise menaquinone levels. We identify bottle-necks and key genes for biosynthesis of menaquinones in MG1363 and thereby provide a foundation for development of strains capable of higher K2-production during food",,"identity rejected: best_effort guess (top candidate accepted unconditionally) | identity rejected: mapping rule best_effort_fallback is a guess, not a match"
entity,/processes/reactions/28/enzymes/0,geranyltranstransferase ( ispA ),C,single-source (review),,,,1,False,"0.6326 (heuristic, not a probability)",Engineering <i>Lactococcus lactis</i> for Increased Vitamin K2 Production. (PMC7093718) -- introduction section,"value of fermented food, but until very recently there were no reports on optimization of dairy production or metabolic engineering of LAB strains to achieve higher menaquinone levels. Several genomes of the dominating vitamin K2 producing LAB, L. lactis have been sequenced, and putative genes encoding the enzymes for the individual steps of menaquinone biosynthesis annotated (Wegmann et al., 2007 ). In L. lactis menaquinones are synthesized from acetyl-CoA, phosphoenolpyruvate and D-erythrose-4-phosphate. The precursors are converted step by step to a hydrophobic polyprenyl diphosphate (PP) chain (mevalonate and polyprenyl pathways) and a hydrophilic naphtoquinone ring; 1,4-dihydroxy-2-napthoate (DHNA) (shikimate and menaquinone pathways). Finally, MenA, a DHNA polyprenyltransferase, joins the prenyl diphosphate and DHNA to form demethylmenaquinone ( Figure 1 ). The product of the shikimate pathway, chorismate, is also a substrate for synthesis of the essential aromatic amino acids (AAA) and folate and its production and further conversion is highly regulated (Dosselaere and Vanderleyden, 2001 ). For instance, the first enzyme of the shikimate pathway, 3-Deoxy-D-arabinoheptulosonate 7-phosphate synthase (DAHPS), is known to be feedback inhibited by AAA in diverse microorganisms (Mir et al., 2015 ) and similar regulatory events are likely to exist in lactococci. Chorismate is converted to DHNA through 7 enzymatic steps starting with isochorismate synthase (encoded by menF ). The polyprenyl diphosphate chain is synthesized from isopentenyl pyrophosphate (IPP) units formed through the mevalonate pathway. Six enzymatic steps, catalyzed by 3-ketoacyl-CoA thiolase ( thiL ), hydroxymethylglutaryl-CoA synthase ( hmcM ), hydroxymethylglutaryl-CoA reductase ( mvaA ), mevalonate kinase ( mvk ), phosphomevalonate kinase ( pmk ), and diphosphomevalonate decarboxylase ( mvaD ) are required to convert acetyl-CoA into IPP (C5). These reactions constitute the most energy- and substrate-consuming part of menaquinone synthesis as they require 3 acetyl-CoA, 3 ATP, and 1 NADPH per IPP formed. The geranyltranstransferase ( ispA ) and isopentenyl-diphosphate delta-isomerase ( fni ) then combine IPP units into FPP (farnesyl diphosphate, C15). FPP is a scaffold for further lengthening of the prenyl diphosphate chain by consecutive addition of IPP units to make the all-trans polyprenyl diphosphate (for MK-n production) or di-trans, poly-cis-undecaprenyl pyrophosphate (UPP, C55). UPP is essential for lactococci as it is a substrate for synthesis of peptidoglycan (Bouhss et al., 2008 ). In L. lactis 2 genomic loci encode possible prenyl diphosphate synthases. The gerCA ( llmg_1111 ) and ispB ( llmg_1110 ) locus encodes proteins with homology to 2-component heptaprenyl diphosphate synthases. The gene llmg_0196 is in an operon with menA (DHNA polyprenyltransferase) and encodes a putative geranylgeranyl pyrophosphate synthase. In L. lactis ssp. lactis the gene and gene product of llmg_0196 are called preA and PreA and we will hereafter employ these names also for L. lactis ssp. cremoris MG1363. Figure 1 The lactococcal biosynthetic pathways for menaquinone(s). Intermediates that are substrates for competing essential pathways are shown as branched points (chorismate and FPP). IPP, isopentenyl pyrophosphate; FPP, farnesyl pyrophosphate; UPP, undecaprenyl pyrophosphate. Menaquinones play an essential role in electron transport but are not essential for fermentative growth in L. lactis (Rezaiki et al., 2008 ). However, in the presence of heme L. lactis can produce cytochrome and a functional electron transport chain enabling respiratory growth resulting in improved growth and survival in stationary phase (Sijpesteijn, 1970 ; Duwat et al., 2001 ; Gaudu et al., 2002 ; Rezaiki et al., 2008 ; Brooijmans et al., 2009 ). In addition, menaquinones can reduce both Fe and Cu and might be important for assimilation of metals (Rezaiki et al., 2008 ). The levels of menaquinone found in L. lactis are strain-dependent and vary in response to aerobic vs. anaerobic conditions as well as culture medium, carbon source and temperature. In L. lactis MK-9 is produced as the dominating menaquinone species, but minor amounts of MK-3, MK-7, MK-8 and MK-10 are also formed (Morishita et al., 1999 ; Rezaiki et al., 2008 ; Brooijmans et al., 2009 ). One recent study show that adjusting fermentation parameters like preculture conditions, carbon source and temperature result in up to 50% increase of vitamin K2 in fermented milk (Liu et al., 2019 ). However, there are no other reports available describing how to increase strain performance or optimize conditions to elevate menaquinone content during food fermentations, neither is information on the contribution of each enzyme to the biosynthetic pathway of menaquinones in lactococci. Such knowledge could be helpful in selecting the optimal lactococci for fermentation of milk into a product with higher functional value regarding vitamin K2. Therefore, in the present study several genes of the biosynthetic pathway of menaquinones in L. lactis ssp. cremoris MG1363 were overexpressed singly or in combination to investigate their potential to raise menaquinone levels. We identify bottle-necks and key genes for biosynthesis of menaquinones in MG1363 and thereby provide a foundation for development of strains capable of higher K2-production during food",,
entity,/processes/reactions/28/enzymes/1,isopentenyl-diphosphate delta-isomerase ( fni ),C,single-source (review),,,,1,False,"0.6326 (heuristic, not a probability)",Engineering <i>Lactococcus lactis</i> for Increased Vitamin K2 Production. (PMC7093718) -- introduction section,"value of fermented food, but until very recently there were no reports on optimization of dairy production or metabolic engineering of LAB strains to achieve higher menaquinone levels. Several genomes of the dominating vitamin K2 producing LAB, L. lactis have been sequenced, and putative genes encoding the enzymes for the individual steps of menaquinone biosynthesis annotated (Wegmann et al., 2007 ). In L. lactis menaquinones are synthesized from acetyl-CoA, phosphoenolpyruvate and D-erythrose-4-phosphate. The precursors are converted step by step to a hydrophobic polyprenyl diphosphate (PP) chain (mevalonate and polyprenyl pathways) and a hydrophilic naphtoquinone ring; 1,4-dihydroxy-2-napthoate (DHNA) (shikimate and menaquinone pathways). Finally, MenA, a DHNA polyprenyltransferase, joins the prenyl diphosphate and DHNA to form demethylmenaquinone ( Figure 1 ). The product of the shikimate pathway, chorismate, is also a substrate for synthesis of the essential aromatic amino acids (AAA) and folate and its production and further conversion is highly regulated (Dosselaere and Vanderleyden, 2001 ). For instance, the first enzyme of the shikimate pathway, 3-Deoxy-D-arabinoheptulosonate 7-phosphate synthase (DAHPS), is known to be feedback inhibited by AAA in diverse microorganisms (Mir et al., 2015 ) and similar regulatory events are likely to exist in lactococci. Chorismate is converted to DHNA through 7 enzymatic steps starting with isochorismate synthase (encoded by menF ). The polyprenyl diphosphate chain is synthesized from isopentenyl pyrophosphate (IPP) units formed through the mevalonate pathway. Six enzymatic steps, catalyzed by 3-ketoacyl-CoA thiolase ( thiL ), hydroxymethylglutaryl-CoA synthase ( hmcM ), hydroxymethylglutaryl-CoA reductase ( mvaA ), mevalonate kinase ( mvk ), phosphomevalonate kinase ( pmk ), and diphosphomevalonate decarboxylase ( mvaD ) are required to convert acetyl-CoA into IPP (C5). These reactions constitute the most energy- and substrate-consuming part of menaquinone synthesis as they require 3 acetyl-CoA, 3 ATP, and 1 NADPH per IPP formed. The geranyltranstransferase ( ispA ) and isopentenyl-diphosphate delta-isomerase ( fni ) then combine IPP units into FPP (farnesyl diphosphate, C15). FPP is a scaffold for further lengthening of the prenyl diphosphate chain by consecutive addition of IPP units to make the all-trans polyprenyl diphosphate (for MK-n production) or di-trans, poly-cis-undecaprenyl pyrophosphate (UPP, C55). UPP is essential for lactococci as it is a substrate for synthesis of peptidoglycan (Bouhss et al., 2008 ). In L. lactis 2 genomic loci encode possible prenyl diphosphate synthases. The gerCA ( llmg_1111 ) and ispB ( llmg_1110 ) locus encodes proteins with homology to 2-component heptaprenyl diphosphate synthases. The gene llmg_0196 is in an operon with menA (DHNA polyprenyltransferase) and encodes a putative geranylgeranyl pyrophosphate synthase. In L. lactis ssp. lactis the gene and gene product of llmg_0196 are called preA and PreA and we will hereafter employ these names also for L. lactis ssp. cremoris MG1363. Figure 1 The lactococcal biosynthetic pathways for menaquinone(s). Intermediates that are substrates for competing essential pathways are shown as branched points (chorismate and FPP). IPP, isopentenyl pyrophosphate; FPP, farnesyl pyrophosphate; UPP, undecaprenyl pyrophosphate. Menaquinones play an essential role in electron transport but are not essential for fermentative growth in L. lactis (Rezaiki et al., 2008 ). However, in the presence of heme L. lactis can produce cytochrome and a functional electron transport chain enabling respiratory growth resulting in improved growth and survival in stationary phase (Sijpesteijn, 1970 ; Duwat et al., 2001 ; Gaudu et al., 2002 ; Rezaiki et al., 2008 ; Brooijmans et al., 2009 ). In addition, menaquinones can reduce both Fe and Cu and might be important for assimilation of metals (Rezaiki et al., 2008 ). The levels of menaquinone found in L. lactis are strain-dependent and vary in response to aerobic vs. anaerobic conditions as well as culture medium, carbon source and temperature. In L. lactis MK-9 is produced as the dominating menaquinone species, but minor amounts of MK-3, MK-7, MK-8 and MK-10 are also formed (Morishita et al., 1999 ; Rezaiki et al., 2008 ; Brooijmans et al., 2009 ). One recent study show that adjusting fermentation parameters like preculture conditions, carbon source and temperature result in up to 50% increase of vitamin K2 in fermented milk (Liu et al., 2019 ). However, there are no other reports available describing how to increase strain performance or optimize conditions to elevate menaquinone content during food fermentations, neither is information on the contribution of each enzyme to the biosynthetic pathway of menaquinones in lactococci. Such knowledge could be helpful in selecting the optimal lactococci for fermentation of milk into a product with higher functional value regarding vitamin K2. Therefore, in the present study several genes of the biosynthetic pathway of menaquinones in L. lactis ssp. cremoris MG1363 were overexpressed singly or in combination to investigate their potential to raise menaquinone levels. We identify bottle-necks and key genes for biosynthesis of menaquinones in MG1363 and thereby provide a foundation for development of strains capable of higher K2-production during food",,"identity rejected: best_effort guess (top candidate accepted unconditionally) | identity rejected: mapping rule best_effort_fallback is a guess, not a match"
entity,/processes/reactions/30/enzymes/0,demethylmenaquinone methyltransferase,C,single-source (review),,,,1,False,"0.5379 (heuristic, not a probability)",Analysis and Reconstitution of the Menaquinone Biosynthesis Pathway in &lt;i&gt;Lactiplantibacillus plantarum&lt;/i&gt; and &lt;i&gt;Lentilactibacillus buchneri&lt;/i&gt;. (PMC8303990) -- figure section,"Figure 3 a). The menG gene encodes demethylmenaquinone methyltransferase (MenG), which adds a methyl group to the aromatic ring of demethylmenaquinone (DMK) and is the final step of menaquinone biosynthesis [ 32 , 33 ]. The functional verification of the menA genes from Lactipl . plantarum WCFS1 and",,"identity rejected: best_effort guess (top candidate accepted unconditionally) | identity rejected: mapping rule best_effort_fallback is a guess, not a match"
entity,/processes/reactions/30/enzymes/1,MenG,C,single-source (review),,,,1,False,"0.5379 (heuristic, not a probability)",Analysis and Reconstitution of the Menaquinone Biosynthesis Pathway in &lt;i&gt;Lactiplantibacillus plantarum&lt;/i&gt; and &lt;i&gt;Lentilactibacillus buchneri&lt;/i&gt;. (PMC8303990) -- figure section,"Figure 3 a). The menG gene encodes demethylmenaquinone methyltransferase (MenG), which adds a methyl group to the aromatic ring of demethylmenaquinone (DMK) and is the final step of menaquinone biosynthesis [ 32 , 33 ]. The functional verification of the menA genes from Lactipl . plantarum WCFS1 and",,"identity rejected: best_effort guess (top candidate accepted unconditionally) | identity rejected: mapping rule best_effort_fallback is a guess, not a match"
entity,/processes/reactions/31/enzymes/0,menA,A,DB-grounded,,A2RHR6,uniprot,1,False,"0.5743 (heuristic, not a probability)",Engineering <i>Lactococcus lactis</i> for Increased Vitamin K2 Production. (PMC7093718) -- figure section,"Figure 2A ). The second gene chosen for overexpression, menA , encodes the DHNA polyprenyltransferase catalyzing the joining of the prenyl diphosphate chain and DHNA resulting in demethylated menaquinone. The content of MK7-9 in L. lactis expressing this gene from P32 on pMG36e was also higher ( p -",,
